name,obs_mean,obs_std,obs_min,obs_max,obs_stat_min,obs_stat_max,sim_mean,sim_std,sim_min,sim_max,sim_stat_min,sim_stat_max,distance
flow_200501_sim,650.758,117.536,412.321,890.465,533.222,768.295,210.556,0.0503995,210.5,210.6,210.505,210.606,201.721
flow_200703_sim,533.13,104.657,306.446,733.684,428.473,637.787,143.2,2.88491e-14,143.2,143.2,143.2,143.2,163.246
flow_200803_sim,599.541,113.69,340.002,822.021,485.851,713.231,261.291,0.0287902,261.2,261.3,261.262,261.32,78.7017
flow_201003_sim,355.927,117.545,103.481,653.567,238.382,473.472,101.056,0.0503995,101,101.1,101.005,101.106,2.38069
flow_201103_sim,447.204,129.58,159.365,688.603,317.624,576.784,123.8,0,123.8,123.8,123.8,123.8,35.5647
flow_201104_sim,564.123,105.809,316.714,805.05,458.314,669.932,189.829,0.0798841,189.7,190,189.75,189.909,126.714
flow_201112_sim,469.795,122.883,257.326,800.549,346.912,592.678,163.071,0.0462497,163,163.1,163.024,163.117,94.2258
no3_sub28_200707,0.594534,0.496463,-0.514334,1.77707,0.098071,1.091,3.18409,0.134062,2.80493,3.4699,3.05003,3.31815,1.02786
no3_sub28_200708,1.38254,0.496903,0.59139,2.69659,0.885635,1.87944,3.11632,0.135024,2.862,3.35406,2.98129,3.25134,0.165415
no3_sub28_200712,4.65596,0.438009,3.80628,5.73059,4.21795,5.09397,2.72184,0.13981,2.38506,2.95952,2.58203,2.86165,0.846758
no3_sub33_200508,0.437888,0.547121,-0.684152,1.58531,-0.109233,0.985009,2.54963,0.103916,2.34909,2.72423,2.44572,2.65355,0.76378
no3_sub33_200510,4.11476,0.472517,2.88729,5.23204,3.64225,4.58728,2.41294,0.131223,2.12003,2.65634,2.28171,2.54416,0.230942
no3_sub33_200511,5.03398,0.565111,3.99467,6.14684,4.46887,5.59909,2.02452,0.0970116,1.79377,2.16021,1.92751,2.12153,1.83445
no3_sub33_200512,5.09338,0.488111,4.08546,6.37043,4.60527,5.58149,2.54961,0.108134,2.35553,2.79379,2.44148,2.65774,1.29168
no3_sub33_200601,5.98742,0.522349,4.52608,7.09931,5.46507,6.50977,3.90506,0.148278,3.65844,4.364,3.75678,4.05334,0.162076
no3_sub33_200602,5.40097,0.510934,4.24537,6.43606,4.89003,5.9119,3.54227,0.103849,3.34087,3.84829,3.43842,3.64612,0.397078
no3_sub33_200605,6.56907,0.511808,5.436,7.60853,6.05726,7.08088,4.10794,0.108782,3.82899,4.33785,3.99916,4.21672,1.09815
no3_sub33_200606,6.29337,0.490469,5.1624,7.25707,5.8029,6.78384,3.91542,0.127066,3.64933,4.24838,3.78835,4.04248,0.914016
no3_sub33_200608,1.59421,0.54434,-0.0129809,2.58201,1.04987,2.13855,2.85815,0.10926,2.63166,3.06984,2.74889,2.96741,0.0496538
no3_sub33_200611,3.56526,0.473372,2.59697,4.54129,3.09189,4.03863,2.20286,0.121378,1.918,2.50223,2.08148,2.32423,0.094742
no3_sub33_200706,1.37711,0.532937,0.122625,2.38143,0.844171,1.91004,3.2376,0.132978,2.98543,3.57566,3.10462,3.37058,0.603995
no3_sub33_200707,0.543968,0.489516,-0.976327,1.33471,0.0544517,1.03348,2.73243,0.114444,2.38765,2.95354,2.61798,2.84687,1.05294
no3_sub33_200708,0.617482,0.48626,-0.592443,1.88096,0.131223,1.10374,2.39135,0.0778214,2.16384,2.49944,2.31353,2.46917,0.282889
no3_sub33_200711,4.44871,0.52334,3.47128,5.57286,3.92537,4.97205,2.71934,0.0965473,2.52619,2.86249,2.62279,2.81589,0.608793
no3_sub33_200712,6.73781,0.439442,5.81601,7.79579,6.29837,7.17726,2.42659,0.0844211,2.1852,2.59663,2.34216,2.51101,3.21938
no3_sub33_200802,4.41346,0.410743,3.24127,5.35682,4.00272,4.8242,2.85234,0.0860021,2.6601,3.00611,2.76634,2.93834,0.235164
