iteration,total_runs,obs_realization,par_realization,flow_cal,head_cal,no3_cal,flow_val
0,200,0,0,55.2744,19.985,4196.22,0
0,200,1,1,54.6698,20.7086,6757.95,0
0,200,2,2,53.5457,20.8005,6217.52,0
0,200,3,3,63.1506,20.9199,4197.47,0
0,200,4,4,58.1892,21.7107,6580.16,0
0,200,5,5,67.5739,25.7425,7531.23,0
0,200,6,6,60.8486,22.02,5128.99,0
0,200,7,7,66.605,25.0645,8757.59,0
0,200,8,8,69.9159,21.6599,8451.74,0
0,200,9,9,68.6634,21.0159,3054.25,0
0,200,10,10,58.2936,21.7031,6810.97,0
0,200,11,11,63.607,23.6583,5726.66,0
0,200,12,12,60.8349,24.3112,4196.37,0
0,200,13,13,76.0059,23.7063,9727.19,0
0,200,14,14,61.5463,22.1887,7312.51,0
0,200,15,15,52.4516,19.976,5884.73,0
0,200,16,16,59.887,20.3804,5072.49,0
0,200,17,17,58.1304,21.0973,6981.78,0
0,200,18,18,65.7533,21.501,6502.41,0
0,200,19,19,65.734,21.5682,7991.05,0
0,200,20,20,62.0513,21.01,4707.88,0
0,200,21,21,66.3063,21.8886,5988.27,0
0,200,22,22,64.0429,23.9078,8073.58,0
0,200,23,23,58.5603,20.0782,3501.59,0
0,200,24,24,88.5186,23.9475,14742.7,0
0,200,25,25,65.0233,23.4895,5817.5,0
0,200,26,26,77.1416,21.6671,6737.07,0
0,200,27,27,57.6797,20.7771,5499.18,0
0,200,28,28,61.0293,21.3117,5569.87,0
0,200,29,29,61.3945,21.7573,6086.91,0
0,200,30,30,71.5079,23.9403,7438.03,0
0,200,31,31,56.4581,20.4449,5074.94,0
0,200,32,32,64.2037,20.7577,4764.58,0
0,200,33,33,66.0617,23.0599,7126.43,0
0,200,34,34,63.6777,20.3993,3359.74,0
0,200,35,35,71.3172,22.2117,7501.35,0
0,200,36,36,78.0679,24.2611,11529.1,0
0,200,37,37,53.3787,20.8814,6005.9,0
0,200,38,38,58.8073,21.6456,8611.4,0
0,200,39,39,59.6974,21.7116,5999.37,0
0,200,40,40,69.9401,22.6577,8945.66,0
0,200,41,41,59.8797,22.5978,8099.73,0
0,200,42,42,70.7612,22.5487,7828.52,0
0,200,43,43,79.5682,23.5134,7855.89,0
0,200,44,44,61.1208,20.8661,780392,0
0,200,45,45,71.7433,22.901,9603.41,0
0,200,46,46,57.2724,19.8275,1.15382e+17,0
0,200,47,47,66.7707,24.0217,15496.2,0
0,200,48,48,57.9176,23.7361,7274.5,0
0,200,49,49,61.852,21.9957,1.05079e+07,0
0,200,50,50,54.0718,20.3416,4962.18,0
0,200,51,51,66.212,23.1233,10473.6,0
0,200,52,52,60.8984,20.3248,4040.17,0
0,200,53,53,58.9102,23.4891,5209.5,0
0,200,54,54,62.3232,22.4698,10877.4,0
0,200,55,55,52.0291,21.1364,5444.63,0
0,200,56,56,73.5049,23.0781,10109,0
0,200,57,57,73.7481,22.2022,8277.37,0
0,200,58,58,72.1745,21.3052,7192.17,0
0,200,59,59,55.2362,20.3962,4124.51,0
0,200,60,60,73.6761,21.622,5851.06,0
0,200,61,61,51.6992,20.9789,4549.02,0
0,200,62,62,53.0048,20.055,5117.01,0
0,200,63,63,65.8265,25.8223,7560.96,0
0,200,64,64,57.7522,20.772,5455.61,0
0,200,65,65,66.9111,22.5374,5902.65,0
0,200,66,66,66.2148,22.8219,8100.85,0
0,200,67,67,60.078,20.9714,4093.64,0
0,200,68,68,67.9539,21.239,6985.45,0
0,200,69,69,61.1242,21.086,7602.08,0
0,200,70,70,60.7885,19.8497,3061.35,0
0,200,71,71,60.2771,24.7375,13356.1,0
0,200,72,72,68.6195,21.9179,5564.21,0
0,200,73,73,54.7742,21.8876,6381.87,0
0,200,74,74,71.3587,22.7784,6452.28,0
0,200,75,75,57.794,21.5063,7648.55,0
0,200,76,76,56.236,21.7183,5435.1,0
0,200,77,77,59.4089,21.4932,5818.67,0
0,200,78,78,53.3848,20.0536,3713.92,0
0,200,79,79,64.3824,22.3326,6796.38,0
0,200,80,80,67.6395,21.4863,6199.04,0
0,200,81,81,60.2266,21.6173,4960.14,0
0,200,82,82,59.9592,22.1577,5518.22,0
0,200,83,83,70.2695,21.585,5774.13,0
0,200,84,84,72.7024,23.7161,7863.52,0
0,200,85,85,64.1862,21.1855,3827.89,0
0,200,86,86,58.388,21.2444,8481.57,0
0,200,87,87,58.7574,19.9925,2924.35,0
0,200,88,88,59.7628,19.7847,3950.08,0
0,200,89,89,62.0664,20.3065,3762.98,0
0,200,90,90,63.7078,21.0266,5570.11,0
0,200,91,91,64.7024,23.6921,8939.83,0
0,200,92,92,71.9398,22.7029,6191.86,0
0,200,93,93,61.9391,20.48,4588.72,0
0,200,94,94,56.1519,23.4063,11887,0
0,200,95,95,66.8951,22.6974,8026.72,0
0,200,96,96,67.8093,21.8418,8267.31,0
0,200,97,97,67.7672,21.5886,4093.73,0
0,200,98,98,49.856,20.7767,8769.64,0
0,200,99,99,68.5196,26.4509,12495.9,0
0,200,100,100,66.2375,24.1272,6645.53,0
0,200,102,102,69.0578,24.4764,12157.9,0
0,200,103,103,75.023,23.8871,13206.1,0
0,200,104,104,71.3399,24.26,8738.79,0
0,200,105,105,59.3766,23.2623,7640.86,0
0,200,106,106,61.3867,22.683,5006.57,0
0,200,107,107,70.8812,24.0186,16398.4,0
0,200,108,108,68.5066,21.1289,6074.19,0
0,200,109,109,66.676,22.1922,6876.97,0
0,200,110,110,71.6275,23.4014,8043.89,0
0,200,111,111,68.0294,21.7476,6041.98,0
0,200,112,112,53.6066,23.6415,7551.64,0
0,200,113,113,63.7738,20.2367,4864.5,0
0,200,114,114,69.5601,21.9157,9277.42,0
0,200,115,115,62.0126,22.0861,6802.23,0
0,200,116,116,57.3672,20.6024,3568.92,0
0,200,117,117,59.4444,23.7458,5325.21,0
0,200,118,118,59.534,23.4887,7553.52,0
0,200,119,119,67.1595,21.348,4696.42,0
0,200,120,120,61.5943,22.8669,6547.16,0
0,200,121,121,58.9099,21.9897,5541.77,0
0,200,122,122,60.1648,22.884,5783.26,0
0,200,123,123,70.0265,24.3938,16106.3,0
0,200,124,124,68.8933,22.5961,8723.21,0
0,200,125,125,73.3378,22.3412,9802.65,0
0,200,126,126,64.9646,22.5123,6177.42,0
0,200,127,127,62.5964,20.3543,5342.53,0
0,200,128,128,52.2246,20.0325,5251.04,0
0,200,129,129,52.9941,20.5922,6009.94,0
0,200,131,131,66.5896,24.0385,9947.43,0
0,200,132,132,67.2916,24.7878,7675.1,0
0,200,133,133,60.12,22.0531,5502.63,0
0,200,134,134,59.6918,21.2921,6769.8,0
0,200,135,135,65.1881,22.8005,12486.6,0
0,200,136,136,58.8341,21.6752,6363.55,0
0,200,137,137,51.7938,19.9024,4099.4,0
0,200,138,138,67.3678,20.299,4610.39,0
0,200,139,139,62.752,21.8804,6867.47,0
0,200,140,140,57.0484,20.1985,2591.34,0
0,200,141,141,73.572,21.9034,6373.4,0
0,200,142,142,66.0621,19.78,2352.22,0
0,200,143,143,65.8009,23.9033,6456.79,0
0,200,144,144,62.7602,20.028,3818.63,0
0,200,145,145,64.3245,24.7329,13435.6,0
0,200,146,146,66.6211,22.2485,6107,0
0,200,147,147,68.2571,21.8987,4028.95,0
0,200,148,148,64.9035,22.8445,4993.64,0
0,200,149,149,57.9071,21.1883,3959.46,0
0,200,150,150,56.0768,19.888,2714.95,0
0,200,151,151,64.2021,21.4038,5012.63,0
0,200,152,152,51.5481,19.9296,3033.97,0
0,200,153,153,65.4028,22.6958,6680.68,0
0,200,154,154,56.0619,20.5874,4870.62,0
0,200,155,155,63.1887,22.3453,5772.11,0
0,200,156,156,63.5645,23.1574,8630.83,0
0,200,157,157,69.9301,21.2752,6980.2,0
0,200,158,158,64.0842,23.2264,7007.2,0
0,200,159,159,62.6159,22.8752,7453.31,0
0,200,160,160,62.8797,20.9094,3802.91,0
0,200,161,161,52.0513,21.855,10577.1,0
0,200,162,162,62.995,22.3799,8431.88,0
0,200,163,163,57.2986,21.8517,7022.23,0
0,200,164,164,60.2022,20.1376,5869.49,0
0,200,165,165,64.7056,22.5509,7775.15,0
0,200,166,166,58.7517,21.1284,5402.86,0
0,200,167,167,53.1403,22.7354,5663.49,0
0,200,168,168,69.2697,23.6337,8557.75,0
0,200,169,169,646817,19.7519,2398.55,0
0,200,170,170,71.1394,22.9387,10043.9,0
0,200,171,171,78.0847,26.6734,12367.2,0
0,200,172,172,59.1477,21.9882,5307.08,0
0,200,173,173,68.647,22.0069,6472.88,0
0,200,174,174,65.851,23.3505,8609.34,0
0,200,175,175,48.9067,20.3704,5617.31,0
0,200,176,176,62.5928,22.8469,7382.57,0
0,200,177,177,61.102,20.6501,5822.74,0
0,200,178,178,54.816,20.7555,8152.08,0
0,200,179,179,71.6176,25.5106,13037.8,0
0,200,180,180,57.7595,20.9147,5175.03,0
0,200,181,181,64.9097,21.1517,4236.97,0
0,200,182,182,64.2351,22.5396,7612.75,0
0,200,183,183,69.0684,21.8044,5584.14,0
0,200,184,184,67.85,21.7846,6714.27,0
0,200,185,185,60.9383,22.0744,7435.8,0
0,200,186,186,67.049,22.1226,5717.5,0
0,200,187,187,74.9056,25.1715,14644.5,0
0,200,188,188,61.3171,20.2023,5436.3,0
0,200,189,189,79.9553,22.8197,16410.7,0
0,200,190,190,62.4689,21.9979,7880.86,0
0,200,191,191,62.3468,22.7225,10287.8,0
0,200,192,192,72.0608,22.7583,17433,0
0,200,193,193,63.0998,20.5511,70370.5,0
0,200,194,194,60.3145,21.0617,5452.2,0
0,200,195,195,73.5299,24.3521,10294.5,0
0,200,196,196,62.9983,23.7679,7632.09,0
0,200,197,197,61.6592,22.9365,5930.45,0
0,200,198,198,55.9532,20.89,8050.65,0
0,200,base,base,62.0933,21.7927,5519.52,0
1,508,0,0,54.6984,19.9076,3584.17,0
1,508,1,1,56.5633,20.204,4759.37,0
1,508,2,2,53.1191,20.3866,5735.24,0
1,508,3,3,62.0429,20.6491,186472,0
1,508,4,4,60.1708,20.7677,4478.54,0
1,508,5,5,63.4587,22.7918,4525.01,0
1,508,6,6,60.2004,21.485,4517.94,0
1,508,7,7,61.189,21.8913,4535.32,0
1,508,8,8,60.8285,20.0624,5404.21,0
1,508,9,9,67.8598,20.817,2685.89,0
1,508,10,10,57.4317,20.6725,5685.95,0
1,508,11,11,57.5496,21.4461,2999.87,0
1,508,12,12,58.694,22.8397,3342.33,0
1,508,13,13,64.0782,20.5841,4601.76,0
1,508,14,14,60.2247,21.0501,6229.3,0
1,508,15,15,740931,19.8485,3961.86,0
1,508,16,16,59.0423,20.1098,4336.01,0
1,508,17,17,54.664,20.0471,4367.19,0
1,508,18,18,62.0087,20.631,5594.93,0
1,508,19,19,60.0002,20.1118,5835.54,0
1,508,20,20,60.5345,20.6004,5077.5,0
1,508,21,21,64.2335,21.1841,5532.55,0
1,508,22,22,60.6579,21.6745,5898.89,0
1,508,23,23,58.5542,20.0622,3495.78,0
1,508,24,24,67.8055,20.0121,4282.77,0
1,508,25,25,60.7164,21.8161,4464.03,0
1,508,26,26,71.7387,20.6671,5330.83,0
1,508,27,27,56.6801,20.5298,9038.67,0
1,508,28,28,59.9668,20.7537,5120.11,0
1,508,29,29,58.2004,20.8345,5034.36,0
1,508,30,30,67.7006,21.6531,6484.24,0
1,508,31,31,55.1742,20.1643,4971.38,0
1,508,32,32,62.9694,20.4309,4461.46,0
1,508,33,33,66.545,21.7671,4854.15,0
1,508,34,34,62.9534,20.2823,3886.85,0
1,508,35,35,63.6854,20.1923,4009.76,0
1,508,36,36,64.3692,20.557,4077.74,0
1,508,37,37,52.2973,20.1713,5184.01,0
1,508,38,38,60.7811,20.2853,4241.37,0
1,508,39,39,62.0828,20.8817,4229.32,0
1,508,40,40,59.871,20.2879,4486.92,0
1,508,41,41,60.1055,20.9257,5506.55,0
1,508,42,42,67.1826,20.7337,4662.83,0
1,508,43,43,67.826,20.8191,4332.9,0
1,508,44,44,59.1165,20.7531,5625.14,0
1,508,45,45,61.4141,20.4,5310.8,0
1,508,46,46,59.3316,20.823,5492.69,0
1,508,47,47,55.0398,20.138,4512.88,0
1,508,48,48,57.6743,21.4347,1.43052e+12,0
1,508,49,49,59.2126,20.6441,5349.59,0
1,508,50,50,53.3901,20.1051,5134.55,0
1,508,51,51,60.8242,20.465,5092.04,0
1,508,52,52,59.5289,20.1053,4001.49,0
1,508,53,53,62.3925,21.797,4289.73,0
1,508,54,54,52.8327,19.7897,2575.69,0
1,508,55,55,51.5753,20.7418,5445,0
1,508,56,56,63.107,20.3774,4793.14,0
1,508,58,58,67.9296,20.2892,6524.44,0
1,508,59,59,53.7904,20.0539,26151,0
1,508,60,60,63.9777,20.0197,905640,0
1,508,61,61,50.886,20.4529,3788.53,0
1,508,62,62,52.4944,19.9472,4256.67,0
1,508,63,63,61.2393,22.7188,3331.74,0
1,508,64,64,57.207,20.3868,4496.05,0
1,508,65,65,66.1548,21.523,2.12639e+06,0
1,508,66,66,60.8321,20.7731,5296,0
1,508,67,67,58.6508,20.6037,4075.83,0
1,508,68,68,61.9803,20.3374,5266.74,0
1,508,69,69,55.7406,20.0312,4905.34,0
1,508,70,70,60.8155,19.8517,3059.97,0
1,508,71,71,53.6195,20.7485,5422.9,0
1,508,72,72,66.3706,21.3227,5924.21,0
1,508,73,73,54.2317,20.9758,5799.05,0
1,508,74,74,65.5954,21.0516,4844.39,0
1,508,75,75,57.0192,20.2849,5577.21,0
1,508,76,76,56.7898,21.1649,5250.34,0
1,508,77,77,58.8352,21.037,5650.69,0
1,508,78,78,53.4661,19.9987,3337.58,0
1,508,79,79,60.3274,20.8529,6001.74,0
1,508,80,80,66.1918,20.8213,5220.15,0
1,508,81,81,59.4802,21.138,4889.69,0
1,508,82,82,60.7952,21.2846,4148.94,0
1,508,83,83,61.756,20.2382,48163.5,0
1,508,84,84,68.7982,21.4786,5484.69,0
1,508,85,85,62.8443,20.7816,19942.5,0
1,508,86,86,53.3763,20.0545,5853.87,0
1,508,87,87,58.6651,19.9854,2286.43,0
1,508,88,88,59.2469,19.7203,3063.6,0
1,508,89,89,62.0801,20.2764,3762.63,0
1,508,90,90,61.6469,20.4807,5463.23,0
1,508,91,91,67.299,21.6116,5413.64,0
1,508,92,92,69.3819,21.8894,5492.61,0
1,508,93,93,61.5218,20.2792,3537.7,0
1,508,94,94,56.4777,20.4165,3.4528e+07,0
1,508,95,95,66.8809,21.3369,4511.57,0
1,508,96,96,62.9976,20.2577,3740.25,0
1,508,97,97,66.8612,21.1073,4070.12,0
1,508,98,98,50.4904,19.9378,4454.38,0
1,508,99,99,62.8862,21.7977,4528.42,0
1,508,100,100,69.6686,22.2448,4490.8,0
1,508,102,102,57.1191,20.6666,4846.92,0
1,508,103,103,60.409,20.0971,3918.47,0
1,508,104,104,64.5105,21.4705,4252.24,0
1,508,105,105,61.0044,21.3322,5741.43,0
1,508,106,106,61.7454,21.6442,4385.87,0
1,508,107,107,56.4031,20.0251,4663.83,0
1,508,108,108,67.7159,20.8068,5039.05,0
1,508,109,109,64.4397,21.0729,5901.34,0
1,508,110,110,66.9822,21.273,6089.52,0
1,508,111,111,66.9,21.1318,6012.34,0
1,508,112,112,57.4022,21.5149,5977.19,0
1,508,113,113,62.4049,20.0322,4838.51,0
1,508,114,114,60.8905,19.8579,4331.8,0
1,508,115,115,62.9541,20.8151,4104.31,0
1,508,116,116,56.5688,20.3876,4242.4,0
1,508,117,117,59.7804,21.9116,3834.67,0
1,508,118,118,59.1422,21.5188,5250.09,0
1,508,119,119,65.8299,20.9827,4971.58,0
1,508,120,120,58.1276,21.147,4701.72,0
1,508,121,121,58.1192,21.2514,5053.43,0
1,508,122,122,59.5404,21.9109,4980.73,0
1,508,123,123,57.1519,20.1816,3990.23,0
1,508,124,124,62.9007,20.7138,5877.69,0
1,508,125,125,59.4671,19.9816,3784.24,0
1,508,126,126,63.6881,21.4987,5445.1,0
1,508,127,127,62.1181,20.0177,3896.76,0
1,508,128,128,52.2572,19.8814,3792.28,0
1,508,129,129,51.7928,20.2256,5392.06,0
1,508,131,131,61.0234,21.0481,5536.62,0
1,508,132,132,64.3723,21.9349,4847.88,0
1,508,133,133,57.3088,20.8417,4528.43,0
1,508,134,134,54.5909,20.0364,4401.11,0
1,508,136,136,59.7684,20.9673,5930.87,0
1,508,137,137,51.8485,19.8357,3713,0
1,508,138,138,65.904,20.1184,4675.17,0
1,508,139,139,60.1417,20.5715,4278.79,0
1,508,140,140,56.8225,20.1485,2362.81,0
1,508,141,141,64.6227,20.4088,3785.7,0
1,508,142,142,66.0838,19.7806,2350.48,0
1,508,143,143,65.5512,22.2905,5956.47,0
1,508,144,144,62.7021,20.0224,3816.04,0
1,508,145,145,57.7493,20.5854,5183.45,0
1,508,146,146,64.868,21.5152,5814.04,0
1,508,147,147,66.6992,21.4449,3709.63,0
1,508,148,148,63.0237,21.8985,4481.86,0
1,508,149,149,57.985,20.802,3485.19,0
1,508,150,150,55.8717,19.8686,2702.89,0
1,508,151,151,62.9996,20.9423,4858.21,0
1,508,152,152,51.426,19.9211,3029.32,0
1,508,153,153,60.7887,20.9601,4584.25,0
1,508,154,154,56.3951,20.3286,4060.88,0
1,508,155,155,61.6647,21.5882,5770.05,0
1,508,156,156,60.9472,20.6826,4528.15,0
1,508,157,157,63.0767,20.2772,4145.56,0
1,508,158,158,64.341,21.9462,5984.86,0
1,508,159,159,60.551,20.928,5361.78,0
1,508,160,160,62.4057,20.8061,3749.4,0
1,508,161,161,47.9226,19.964,4026.79,0
1,508,162,162,56.3414,20.3436,5235.14,0
1,508,163,163,57.4635,20.5856,5152.17,0
1,508,164,164,59.0744,19.9235,5670.09,0
1,508,165,165,59.2067,20.7129,5807.78,0
1,508,166,166,59.2438,20.992,3538.45,0
1,508,167,167,51.9965,20.8112,5.3369e+11,0
1,508,168,168,64.3838,21.1452,5553.23,0
1,508,169,169,58.7849,20.7854,5450.41,0
1,508,170,170,68.1768,20.4397,4003.98,0
1,508,171,171,66.2172,22.5787,4738.92,0
1,508,172,172,60.5457,21.132,4373.32,0
1,508,173,173,61.7329,20.4701,4153.98,0
1,508,174,174,62.0366,21.188,5909.62,0
1,508,175,175,47.6169,19.8059,3722.78,0
1,508,176,176,57.9911,21.0082,5307.57,0
1,508,177,177,60.1048,20.3306,6197.42,0
1,508,178,178,54.9347,21.1935,4719.23,0
1,508,179,179,59.8416,21.0598,4951.1,0
1,508,180,180,56.9217,20.4698,4303.53,0
1,508,181,181,63.7766,20.7897,3690.29,0
1,508,182,182,56.5715,20.3554,3917.35,0
1,508,183,183,68.9687,21.8624,6064.3,0
1,508,184,184,64.5444,20.8531,69342.3,0
1,508,185,185,56.6063,20.4964,3.8126e+08,0
1,508,186,186,65.5167,21.4788,4656.34,0
1,508,187,187,61.6135,20.4852,4103.6,0
1,508,188,188,59.6981,20.0035,5178.27,0
1,508,189,189,60.0981,19.7716,3608.16,0
1,508,190,190,60.881,20.5181,4363.53,0
1,508,191,191,55.8425,20.2967,4916.01,0
1,508,192,192,59.8164,19.995,2752.24,0
1,508,193,193,72.2862,24.0155,10495,0
1,508,194,194,58.3926,20.5749,5008.6,0
1,508,195,195,65.3272,21.1859,5681.59,0
1,508,196,196,63.7773,21.408,3.39941e+10,0
1,508,197,197,60.8193,21.2256,3962.66,0
1,508,198,198,53.0394,19.9898,6295.74,0
1,508,base,base,60.6013,21.2316,5400.5,0
2,814,0,0,52.9128,19.9861,2398.76,0
2,814,1,1,49.444,20.0417,1785.4,0
2,814,2,2,53.1191,20.3866,5735.24,0
2,814,3,3,55.6713,20.2084,213881,0
2,814,4,4,56.4631,20.5552,3317.94,0
2,814,5,5,61.125,21.2882,2741.76,0
2,814,6,6,57.7999,20.926,2777.76,0
2,814,7,7,61.189,21.8913,4535.32,0
2,814,8,8,58.5934,19.9835,4051.91,0
2,814,9,9,64.2331,20.2466,2899.78,0
2,814,10,10,53.9785,20.0866,3304.03,0
2,814,11,11,55.3216,20.4469,2628.66,0
2,814,12,12,58.694,22.8397,3342.33,0
2,814,13,13,60.6911,20.2413,2197.51,0
2,814,14,14,55.898,20.3553,3847.64,0
2,814,15,15,56.072,20.2289,2439.51,0
2,814,16,16,57.25,20.0394,4180.59,0
2,814,17,17,51.9513,19.9568,2707.89,0
2,814,18,18,57.5063,20.1563,1735.81,0
2,814,19,19,55.5282,19.79,2395.75,0
2,814,20,20,57.5906,20.0289,3726.54,0
2,814,21,21,59.1554,20.4728,2170.53,0
2,814,22,22,57.3811,20.644,4019.19,0
2,814,23,23,58.5542,20.0622,3495.78,0
2,814,24,24,64.1177,19.9204,2719.58,0
2,814,25,25,58.5288,20.7305,2806.88,0
2,814,26,26,71.7387,20.6671,5330.83,0
2,814,27,27,56.6801,20.5298,9038.67,0
2,814,28,28,56.9676,20.1975,2519.43,0
2,814,29,29,55.2871,20.2574,4263.02,0
2,814,30,30,62.0857,20.0165,1500.97,0
2,814,31,31,53.1363,19.9901,2126.79,0
2,814,32,32,62.9694,20.4309,4461.46,0
2,814,33,33,63.7795,21.2926,1932.79,0
2,814,34,34,60.4953,20.1977,2710.49,0
2,814,35,35,63.6854,20.1923,4009.76,0
2,814,36,36,64.3692,20.557,4077.74,0
2,814,37,37,49.0275,19.8172,2680.57,0
2,814,38,38,54.1998,20.3608,2809.61,0
2,814,39,39,62.0828,20.8817,4229.32,0
2,814,40,40,56.7899,20.013,2296.43,0
2,814,41,41,55.7902,20.3714,2804.83,0
2,814,42,42,67.1826,20.7337,4662.83,0
2,814,43,43,63.9858,20.2907,3821.18,0
2,814,44,44,55.9806,20.2138,2745.19,0
2,814,45,45,57.7339,20.0511,3224.21,0
2,814,46,46,55.7248,20.2691,2096.34,0
2,814,47,47,52.2634,20.0497,2502.39,0
2,814,48,48,56.4674,20.23,2665.22,0
2,814,49,49,55.7946,20.2382,2549.99,0
2,814,50,50,51.7861,19.891,2945.34,0
2,814,51,51,56.8822,20.3177,4304.35,0
2,814,52,52,56.7774,19.9589,2020.47,0
2,814,53,53,62.3925,21.797,4289.73,0
2,814,54,54,51.1623,19.7116,1904.3,0
2,814,55,55,49.2692,20.158,2690.79,0
2,814,56,56,59.7361,20.2296,3635.35,0
2,814,58,58,62.6401,19.686,3798.85,0
2,814,59,59,52.4023,19.9336,2625.86,0
2,814,60,60,56.2544,20.1575,2259.84,0
2,814,61,61,49.4857,20.0428,3034.14,0
2,814,62,62,51.1555,19.956,2244.4,0
2,814,63,63,61.2393,22.7188,3331.74,0
2,814,64,64,55.014,20.2816,2375.91,0
2,814,65,65,56.1191,20.2249,2409.22,0
2,814,66,66,60.8321,20.7731,5296,0
2,814,67,67,57.0165,20.1992,3070.51,0
2,814,68,68,61.9803,20.3374,5266.74,0
2,814,69,69,53.0568,19.973,2793.66,0
2,814,70,70,62.3211,20.0351,2216.77,0
2,814,71,71,51.0833,20.1019,2632.34,0
2,814,72,72,63.2106,20.3853,4164.31,0
2,814,73,73,51.4267,20.1207,1678.31,0
2,814,74,74,62.4915,20.3429,3425.79,0
2,814,75,75,53.4636,19.8979,2096.92,0
2,814,76,76,54.8211,20.5294,2929.95,0
2,814,77,77,58.8352,21.037,5650.69,0
2,814,78,78,51.0246,20.0528,1847.41,0
2,814,79,79,56.3082,19.9601,2506.03,0
2,814,80,80,66.1918,20.8213,5220.15,0
2,814,81,81,57.3099,20.5567,3346.36,0
2,814,82,82,58.5896,20.8847,2687.4,0
2,814,83,83,57.4159,20.095,45525.1,0
2,814,84,84,65.4061,20.6128,2564.21,0
2,814,85,85,59.2609,20.4827,4229,0
2,814,86,86,51.5426,19.967,3493.17,0
2,814,87,87,57.83,20.1184,2469.49,0
2,814,88,88,59.2469,19.7203,3063.6,0
2,814,89,89,59.4113,20.5448,3934.43,0
2,814,90,90,57.2215,20.0847,2829.34,0
2,814,91,91,61.9527,20.9583,3491.45,0
2,814,92,92,69.3819,21.8894,5492.61,0
2,814,93,93,61.1038,20.626,2199.24,0
2,814,94,94,56.1923,20.1833,2641.52,0
2,814,95,95,66.8809,21.3369,4511.57,0
2,814,96,96,62.5937,20.495,3438.99,0
2,814,97,97,64.24,20.3792,4209.76,0
2,814,98,98,47.3799,20.0079,2740.95,0
2,814,99,99,62.8862,21.7977,4528.42,0
2,814,100,100,69.6686,22.2448,4490.8,0
2,814,102,102,55.3153,20.2419,2789.55,0
2,814,103,103,60.409,20.0971,3918.47,0
2,814,104,104,62.7996,21.2169,3378.17,0
2,814,105,105,57.547,20.3995,3235.71,0
2,814,106,106,61.7454,21.6442,4385.87,0
2,814,107,107,53.8481,19.9263,3054.48,0
2,814,108,108,67.7159,20.8068,5039.05,0
2,814,109,109,61.3592,20.237,1955.01,0
2,814,110,110,63.6656,20.2539,2486.93,0
2,814,111,111,63.9011,20.3678,3651.37,0
2,814,112,112,52.2917,20.2869,3104.28,0
2,814,113,113,60.6841,19.9552,2209.86,0
2,814,114,114,60.8905,19.8579,4331.8,0
2,814,115,115,60.6697,20.6283,1842.85,0
2,814,116,116,53.6237,20.0379,2457.67,0
2,814,117,117,59.7804,21.9116,3834.67,0
2,814,118,118,56.5322,20.7339,2759.5,0
2,814,119,119,62.5948,20.4482,1468.01,0
2,814,120,120,58.1276,21.147,4701.72,0
2,814,121,121,58.1192,21.2514,5053.43,0
2,814,122,122,56.8605,21.0324,3344.83,0
2,814,123,123,57.1519,20.1816,3990.23,0
2,814,124,124,59.5528,20.2258,4498.07,0
2,814,125,125,57.0417,19.9028,1758.9,0
2,814,126,126,63.6881,21.4987,5445.1,0
2,814,127,127,59.8111,20.1027,4572.53,0
2,814,128,128,48.3246,19.9034,2903.9,0
2,814,129,129,48.2679,19.9667,3377.2,0
2,814,131,131,61.0234,21.0481,5536.62,0
2,814,132,132,61.3113,20.6754,2524.29,0
2,814,133,133,54.7354,20.142,2578.95,0
2,814,134,134,51.8405,19.8347,1816.25,0
2,814,136,136,56.8207,20.2775,3000.11,0
2,814,137,137,51.8485,19.8357,3713,0
2,814,138,138,63.574,20.0807,4467.2,0
2,814,139,139,59.1317,20.4249,4669.72,0
2,814,140,140,56.8225,20.1485,2362.81,0
2,814,141,141,61.3878,20.2266,2070.14,0
2,814,142,142,64.5694,19.9261,3051.63,0
2,814,143,143,65.5512,22.2905,5956.47,0
2,814,144,144,58.7776,20.2053,3799.33,0
2,814,145,145,54.5737,20.2551,2732.07,0
2,814,146,146,64.868,21.5152,5814.04,0
2,814,147,147,66.6992,21.4449,3709.63,0
2,814,148,148,60.9229,20.7644,5174.53,0
2,814,149,149,56.5503,20.3909,2713.43,0
2,814,150,150,55.8717,19.8686,2702.89,0
2,814,151,151,59.7887,20.3643,2570.62,0
2,814,152,152,49.1278,19.9728,2296.17,0
2,814,153,153,57.7959,20.3069,2150.1,0
2,814,154,154,56.3951,20.3286,4060.88,0
2,814,155,155,58.8377,20.5819,3882.28,0
2,814,156,156,56.72,20.4671,2301.05,0
2,814,157,157,61.5608,20.3004,3187.43,0
2,814,158,158,61.033,20.6688,1988.72,0
2,814,159,159,57.7894,20.1024,3140.15,0
2,814,160,160,61.3668,20.8901,1806.18,0
2,814,161,161,47.614,19.9024,2471.95,0
2,814,162,162,53.8781,19.9845,2922.99,0
2,814,163,163,57.4635,20.5856,5152.17,0
2,814,164,164,55.1311,19.7756,2370.59,0
2,814,165,165,55.5402,20.0502,2524.23,0
2,814,166,166,57.5081,20.839,2906.66,0
2,814,167,167,56.4479,20.2338,2868.81,0
2,814,168,168,64.3838,21.1452,5553.23,0
2,814,169,169,55.4454,20.2109,1850.71,0
2,814,170,170,64.5634,20.7064,4645.23,0
2,814,171,171,66.2172,22.5787,4738.92,0
2,814,172,172,60.5457,21.132,4373.32,0
2,814,173,173,59.1232,20.1549,2904.58,0
2,814,174,174,58.5522,20.5491,3973.96,0
2,814,175,175,47.299,19.7723,2978.51,0
2,814,176,176,57.1498,20.437,2952.5,0
2,814,177,177,56.5708,19.8586,3473.49,0
2,814,178,178,54.9347,21.1935,4719.23,0
2,814,179,179,57.8192,20.4698,3676.7,0
2,814,180,180,54.8605,20.1487,3281.95,0
2,814,181,181,61.7699,20.601,2639.53,0
2,814,182,182,54.1351,20.0798,3082.2,0
2,814,183,183,68.9687,21.8624,6064.3,0
2,814,184,184,58.6687,20.4874,2215.76,0
2,814,185,185,56.5048,20.2291,2944.65,0
2,814,186,186,63.0987,21.316,2992.82,0
2,814,187,187,59.2502,20.3828,2581.06,0
2,814,188,188,59.6981,20.0035,5178.27,0
2,814,189,189,60.7344,19.8928,2526.45,0
2,814,190,190,56.312,20.3172,3626.42,0
2,814,191,191,52.9653,20.1508,4099.57,0
2,814,192,192,55.9546,19.978,3138.73,0
2,814,193,193,59.7959,21.0384,3816.98,0
2,814,194,194,55.2535,20.1218,2682.84,0
2,814,195,195,65.3272,21.1859,5681.59,0
2,814,196,196,56.3155,20.2089,2504.2,0
2,814,197,197,58.4622,20.4689,1523.69,0
2,814,198,198,48.9452,19.8659,2502.77,0
2,814,base,base,57.1392,20.5621,2286.44,0
3,1120,0,0,49.643,19.888,1331.72,0
3,1120,1,1,48.6291,20.049,1732.2,0
3,1120,2,2,48.0871,19.9373,1857.8,0
3,1120,3,3,53.4356,20.0155,1640.77,0
3,1120,4,4,53.2044,20.224,1458.86,0
3,1120,5,5,57.3253,20.88,1820.69,0
3,1120,6,6,55.4801,20.3342,1770.55,0
3,1120,7,7,56.2889,20.963,2054.22,0
3,1120,8,8,53.7693,19.9381,2320.95,0
3,1120,9,9,60.0149,19.9694,1855.51,0
3,1120,10,10,50.6843,19.9339,1720.34,0
3,1120,11,11,53.2674,20.1299,2026.87,0
3,1120,12,12,54.9858,21.0665,3747.37,0
3,1120,13,13,56.4572,20.0611,1625.32,0
3,1120,14,14,51.4853,20.0987,1548.47,0
3,1120,15,15,53.5831,20.0556,1773.52,0
3,1120,16,16,51.5176,19.7745,1542.62,0
3,1120,17,17,51.1278,19.7407,2197.72,0
3,1120,18,18,55.8015,20.0544,2114.68,0
3,1120,19,19,52.7237,19.7009,1752.88,0
3,1120,20,20,53.7141,19.8715,2170,0
3,1120,21,21,56.7938,20.1337,1990.1,0
3,1120,22,22,52.4396,20.0363,1950.97,0
3,1120,23,23,52.9971,19.9361,1800.49,0
3,1120,24,24,60.6583,19.833,1836.59,0
3,1120,25,25,56.1208,20.2574,2458.67,0
3,1120,26,26,60.1062,20.0423,2561.89,0
3,1120,27,27,52.1283,20.1636,2747.24,0
3,1120,28,28,54.8528,20.0638,2002.91,0
3,1120,29,29,51.5746,19.9599,2042.74,0
3,1120,30,30,60.9667,20.0236,1311.49,0
3,1120,31,31,51.4694,19.9675,2122.37,0
3,1120,32,32,56.6795,20.0858,1827.92,0
3,1120,33,33,62.1851,21.2176,1710.85,0
3,1120,34,34,55.4411,19.9819,2231.29,0
3,1120,35,35,58.1561,19.8753,1857.72,0
3,1120,36,36,56.1628,20.1232,3154.57,0
3,1120,37,37,48.1283,19.7425,2521.41,0
3,1120,38,38,51.5455,20.1599,1981.16,0
3,1120,39,39,55.728,20.3397,2676.36,0
3,1120,40,40,55.2782,19.9223,1547.77,0
3,1120,41,41,54.863,20.2928,1948.64,0
3,1120,42,42,59.7524,20.2315,3568.05,0
3,1120,43,43,57.7716,19.9308,2216.89,0
3,1120,44,44,55.0602,20.1037,1817.57,0
3,1120,45,45,53.0171,19.9495,2315.88,0
3,1120,46,46,54.4304,20.1655,1575.13,0
3,1120,47,47,51.2235,19.9641,2443.5,0
3,1120,48,48,54.5835,20.0781,1941.77,0
3,1120,49,49,53.6081,20.0255,1561.18,0
3,1120,50,50,49.955,19.8041,3141.54,0
3,1120,51,51,51.298,20.0125,2493.27,0
3,1120,52,52,53.8023,19.9152,1652.16,0
3,1120,53,53,58.0281,20.9678,2121.17,0
3,1120,54,54,49.7269,19.6831,1192.9,0
3,1120,55,55,47.6937,19.9666,3756.04,0
3,1120,56,56,55.092,19.8626,1872.11,0
3,1120,58,58,57.4308,19.6325,1642.23,0
3,1120,59,59,50.3096,19.8315,1800.53,0
3,1120,60,60,53.6981,20.0013,1487.64,0
3,1120,61,61,48.6131,19.852,2063.52,0
3,1120,62,62,48.4358,19.8888,1148.64,0
3,1120,64,64,52.8326,20.1684,1641.9,0
3,1120,65,65,54.5449,20.1134,1737.69,0
3,1120,66,66,54.1522,19.9776,1984.04,0
3,1120,67,67,54.5771,20.0276,2794.24,0
3,1120,68,68,55.3495,20.1126,2983.23,0
3,1120,69,69,50.5683,19.8846,1954.78,0
3,1120,70,70,58.5849,19.8999,1249.59,0
3,1120,71,71,48.3668,19.961,2295.48,0
3,1120,72,72,56.7721,20.0746,2530.48,0
3,1120,73,73,50.48,20.0581,1954.94,0
3,1120,74,74,56.7011,19.9774,1786.33,0
3,1120,75,75,53.4151,19.8834,2379.51,0
3,1120,76,76,51.9922,20.2112,2030.6,0
3,1120,77,77,51.9538,20.2925,2418.4,0
3,1120,78,78,50.5225,19.9874,1486.5,0
3,1120,79,79,53.3172,19.847,5463.36,0
3,1120,80,80,59.6308,20.3044,2433.85,0
3,1120,81,81,55.1315,20.1774,4180.63,0
3,1120,82,82,56.0352,20.5539,2219.82,0
3,1120,83,83,53.3967,20.1244,1817.4,0
3,1120,84,84,62.6452,20.4745,2468.15,0
3,1120,85,85,55.1144,20.2037,1815.22,0
3,1120,86,86,48.1574,19.8695,4301.72,0
3,1120,87,87,55.5441,20.0937,1673.89,0
3,1120,88,88,56.9853,19.7473,3924.22,0
3,1120,89,89,52.8812,20.1435,2103.34,0
3,1120,90,90,53.9643,19.9736,2256.18,0
3,1120,91,91,58.1325,20.5394,2074.93,0
3,1120,92,92,59.3535,20.881,2797.8,0
3,1120,93,93,58.5974,20.4997,1727.75,0
3,1120,94,94,52.68,19.9996,1810.62,0
3,1120,95,95,59.9589,20.528,1389.3,0
3,1120,96,96,58.655,20.1531,2235.97,0
3,1120,97,97,58.8377,19.9361,1901.67,0
3,1120,98,98,47.4741,19.8961,1668.04,0
3,1120,99,99,58.0849,20.8046,1242.38,0
3,1120,100,100,57.4856,20.3979,1835.54,0
3,1120,103,103,54.7137,19.8874,1712.14,0
3,1120,104,104,59.1461,20.3759,1982.36,0
3,1120,105,105,55.1008,20.1246,2199.97,0
3,1120,106,106,57.211,20.3269,2074.69,0
3,1120,107,107,52.5991,19.8983,1688.26,0
3,1120,108,108,59.2002,20.1113,4548.35,0
3,1120,109,109,58.0403,20.1813,2031.03,0
3,1120,110,110,59.4296,20.0016,1094.74,0
3,1120,111,111,58.3702,19.9987,1767.7,0
3,1120,112,112,50.3286,20.1067,1485.95,0
3,1120,113,113,57.2384,19.8641,1678.71,0
3,1120,114,114,54.3411,19.6348,3046.88,0
3,1120,115,115,62.6683,20.8233,2843.65,0
3,1120,116,116,51.5057,19.9735,2068.05,0
3,1120,117,117,55.959,20.3782,1576.68,0
3,1120,118,118,53.0586,20.3756,1840.34,0
3,1120,119,119,59.3484,20.3456,1505.79,0
3,1120,120,120,52.4313,20.0485,1911.51,0
3,1120,121,121,52.094,20.2258,2180.44,0
3,1120,122,122,53.4046,20.2967,2485.35,0
3,1120,123,123,50.1316,19.9203,2180.78,0
3,1120,124,124,54.256,19.9089,1958.86,0
3,1120,125,125,55.0193,19.8281,1479.78,0
3,1120,126,126,57.5101,20.1684,1980.05,0
3,1120,127,127,55.0887,19.8103,1644.43,0
3,1120,128,128,47.7707,19.7685,1484.3,0
3,1120,129,129,46.3453,19.8288,2154.84,0
3,1120,131,131,53.4969,20.0054,1593.24,0
3,1120,132,132,58.1046,20.3473,1806.4,0
3,1120,133,133,52.2102,19.9968,1559.82,0
3,1120,134,134,49.3641,19.7893,2351.18,0
3,1120,136,136,52.0646,20.0467,3276.3,0
3,1120,137,137,46.9236,19.7808,1500.17,0
3,1120,138,138,57.8254,19.9269,2033.24,0
3,1120,139,139,55.8647,20.0059,2813.21,0
3,1120,140,140,53.0845,20.0262,1988.94,0
3,1120,141,141,58.152,20.1266,2087.61,0
3,1120,142,142,58.5811,19.8644,1848.83,0
3,1120,143,143,56.4123,20.0654,1781.57,0
3,1120,144,144,54.5806,19.8951,2812.21,0
3,1120,145,145,52.799,20.1169,1435.97,0
3,1120,146,146,55.9141,20.2883,2306.44,0
3,1120,147,147,58.8124,20.577,7449.65,0
3,1120,148,148,55.1127,20.15,1680.97,0
3,1120,149,149,53.3805,20.0993,2045.31,0
3,1120,150,150,53.0452,19.8599,1631.94,0
3,1120,151,151,56.9192,20.1061,1589.03,0
3,1120,152,152,49.1974,19.9478,1632.24,0
3,1120,154,154,51.8354,20.0678,2375.38,0
3,1120,155,155,54.5009,20.2412,2691.07,0
3,1120,156,156,54.6581,20.2648,1699.82,0
3,1120,157,157,56.2283,20.078,2631.21,0
3,1120,158,158,60.0581,20.4509,1482.72,0
3,1120,159,159,55.4856,19.8905,1768.88,0
3,1120,160,160,60.9779,20.843,1808.65,0
3,1120,161,161,50.0402,19.8645,1383.73,0
3,1120,162,162,50.8768,19.8556,1823.34,0
3,1120,163,163,51.3738,19.9928,1786.49,0
3,1120,164,164,53.4213,19.6626,1241.4,0
3,1120,165,165,53.4583,19.9762,1684.46,0
3,1120,166,166,57.9927,20.4206,1655.77,0
3,1120,167,167,55.1657,20.0132,1496.09,0
3,1120,168,168,56.3838,20.0373,1642.41,0
3,1120,169,169,53.6054,20.0763,1601.83,0
3,1120,170,170,58.3776,20.2647,1843.86,0
3,1120,171,171,59.7465,20.6984,1763.74,0
3,1120,172,172,57.6942,20.3179,2480.01,0
3,1120,173,173,55.765,19.9933,1658.65,0
3,1120,174,174,55.2074,20.2022,1779.35,0
3,1120,175,175,48.7893,19.7665,1745.71,0
3,1120,176,176,53.9147,20.1275,2263.78,0
3,1120,177,177,53.1738,19.7593,1634.73,0
3,1120,178,178,51.5873,20.2406,2260.14,0
3,1120,179,179,54.2226,20.158,2202.65,0
3,1120,180,180,51.2042,19.9654,2060.77,0
3,1120,181,181,57.2189,20.3185,2195.87,0
3,1120,182,182,51.1245,19.9056,1753.34,0
3,1120,183,183,61.1681,20.7076,2006.43,0
3,1120,184,184,55.7239,20.2827,1878.92,0
3,1120,185,185,54.5786,19.9764,1660.13,0
3,1120,186,186,57.9934,20.8761,2271.14,0
3,1120,187,187,55.6434,20.1501,1579.23,0
3,1120,188,188,52.4647,19.8347,2857.27,0
3,1120,189,189,57.5669,19.8083,1852.25,0
3,1120,190,190,55.4158,20.0323,2353.33,0
3,1120,191,191,51.654,19.9414,1982.01,0
3,1120,192,192,52.7051,19.9545,1467.2,0
3,1120,193,193,55.5697,20.3056,1965.96,0
3,1120,194,194,52.6378,19.9441,1803.63,0
3,1120,195,195,58.1809,20.3683,3090.06,0
3,1120,196,196,54.5534,20.0531,1795.04,0
3,1120,197,197,56.5175,20.2962,1193.11,0
3,1120,198,198,47.0566,19.8124,1490.32,0
3,1120,base,base,54.5847,20.3043,1973.35,0
