iteration,num_reals,current_lambda,current_comp_mean_phi,current_comp_std_phi,lambda_scale_fac,lambda,comp_mean_phi,comp_std_phi
1,10,5,4.55543e+06,2.21006e+07,0.75,0.5,1567.77,320.407
1,10,5,4.55543e+06,2.21006e+07,1,0.5,1497.16,348.028
1,10,5,4.55543e+06,2.21006e+07,1.1,0.5,3.25785e+10,6.86814e+10
1,10,5,4.55543e+06,2.21006e+07,0.75,5,1693.16,396.163
1,10,5,4.55543e+06,2.21006e+07,1,5,3.25783e+10,6.86812e+10
1,9,5,4.55543e+06,2.21006e+07,1.1,5,1508.83,217.046
1,10,5,4.55543e+06,2.21006e+07,0.75,25,1895.41,484.465
1,10,5,4.55543e+06,2.21006e+07,1,25,3.25784e+10,6.86812e+10
1,10,5,4.55543e+06,2.21006e+07,1.1,25,1715.42,424.901
1,9,5,4.55543e+06,2.21006e+07,0.75,50,1959.15,521.518
1,9,5,4.55543e+06,2.21006e+07,1,50,1877.14,577.344
1,10,5,4.55543e+06,2.21006e+07,1.1,50,1862.98,496.224
2,10,0.375,1672.01,478.814,0.75,0.0375,1394.32,228.974
2,9,0.375,1672.01,478.814,1,0.0375,1400.49,279.967
2,9,0.375,1672.01,478.814,1.1,0.0375,1402.96,247.927
2,10,0.375,1672.01,478.814,0.75,0.375,1423.45,230.651
2,10,0.375,1672.01,478.814,1,0.375,3.25783e+10,6.8681e+10
2,10,0.375,1672.01,478.814,1.1,0.375,1349.41,261.961
2,10,0.375,1672.01,478.814,0.75,1.875,1381.26,229.981
2,10,0.375,1672.01,478.814,1,1.875,3.25782e+10,6.86809e+10
2,10,0.375,1672.01,478.814,1.1,1.875,1338.8,208.568
2,9,0.375,1672.01,478.814,0.75,3.75,1361.58,245.151
2,9,0.375,1672.01,478.814,1,3.75,1331.08,217.421
2,10,0.375,1672.01,478.814,1.1,3.75,1343.6,215.339
3,10,2.8125,1415.31,135.301,0.75,0.28125,1342.5,265.039
3,9,2.8125,1415.31,135.301,1,0.28125,1335.75,281.249
3,9,2.8125,1415.31,135.301,1.1,0.28125,1334.72,274.435
3,10,2.8125,1415.31,135.301,0.75,2.8125,1368.16,282.366
3,10,2.8125,1415.31,135.301,1,2.8125,3.25785e+10,6.86815e+10
3,10,2.8125,1415.31,135.301,1.1,2.8125,1381.11,281.604
3,9,2.8125,1415.31,135.301,0.75,14.0625,1393.04,261.536
3,9,2.8125,1415.31,135.301,1,14.0625,1416.51,282.646
3,10,2.8125,1415.31,135.301,1.1,14.0625,1390.95,268.955
3,9,2.8125,1415.31,135.301,0.75,28.125,1380.64,263.593
3,9,2.8125,1415.31,135.301,1,28.125,1337.51,248.285
3,10,2.8125,1415.31,135.301,1.1,28.125,1379.33,249.846
4,10,0.210938,1362.59,145.996,0.75,0.0210938,1276.17,240.877
4,9,0.210938,1362.59,145.996,1,0.0210938,1291.63,274.855
4,9,0.210938,1362.59,145.996,1.1,0.0210938,1298.53,225.466
4,10,0.210938,1362.59,145.996,0.75,0.210938,1277.86,240.802
4,10,0.210938,1362.59,145.996,1,0.210938,3.25784e+10,6.86812e+10
4,10,0.210938,1362.59,145.996,1.1,0.210938,1289.31,262.565
4,10,0.210938,1362.59,145.996,0.75,1.05469,1282.68,243.3
4,10,0.210938,1362.59,145.996,1,1.05469,3.25784e+10,6.86812e+10
4,10,0.210938,1362.59,145.996,1.1,1.05469,1275.73,242.513
4,9,0.210938,1362.59,145.996,0.75,2.10938,1277.68,262.508
4,9,0.210938,1362.59,145.996,1,2.10938,1257.39,248.938
4,10,0.210938,1362.59,145.996,1.1,2.10938,1271.88,238.74
5,10,1.58203,1321.84,142.929,0.75,0.158203,1263.82,235.098
5,9,1.58203,1321.84,142.929,1,0.158203,1246.03,247.611
5,9,1.58203,1321.84,142.929,1.1,0.158203,1255.87,248.768
5,10,1.58203,1321.84,142.929,0.75,1.58203,1279.88,189.697
5,10,1.58203,1321.84,142.929,1,1.58203,3.25783e+10,6.86812e+10
5,10,1.58203,1321.84,142.929,1.1,1.58203,1278.63,189.119
5,10,1.58203,1321.84,142.929,0.75,7.91016,1251.71,229.398
5,10,1.58203,1321.84,142.929,1,7.91016,3.25783e+10,6.86811e+10
5,10,1.58203,1321.84,142.929,1.1,7.91016,1264.8,239.005
5,9,1.58203,1321.84,142.929,0.75,15.8203,1265.69,250.174
5,9,1.58203,1321.84,142.929,1,15.8203,1243.4,241.309
5,10,1.58203,1321.84,142.929,1.1,15.8203,1251.95,229.359
