real_name,rcn,nperco,cmn,n_updis,cdn,sdnco,fixco,bc3_bsn,shallst_n,erorgp,soln_con,sol_no3,sol_orgn,kden,kno3,al
0,1.63993,0.9973,0.00543593,13.9994,0,1.09523,0.0684969,0.261403,0.148708,4.9161,3.7015,5.19463,4316.02,0.0647256,100,25.3115
1,0.617907,1,0.00479111,14.4067,0.540737,1.09436,0,0.395207,0.176659,10,4.78389,7.8916,6161.24,0.0727635,100,30.9609
2,0.717904,0.998911,0.01,13.6074,0.151259,1.08737,0,0.294961,6.17586,8.62052,4.86367,23.2106,5647.86,0.117513,100,13.568
3,1.30578,0.943128,0.01,13.6174,0.740026,1.08311,0.00190006,0.260981,0.19241,5.04484,4.68561,6.52764,5383.03,0.0839352,97.4079,21.7973
5,0.967967,0.98284,0.01,22.426,0.514536,1.08588,0,0.557999,0.173703,1.96288,4.91353,8.10975,4489.96,0.0820369,100,17.8141
6,0.807643,0.993395,0.01,19.6133,0.134145,1.08658,0.0349646,0.257699,0.20731,5.70153,4.69202,3.37818,5173.89,0.0820288,100,24.4076
7,1.11019,0.997413,0.01,19.064,0.960357,1.08649,0.0056501,0.495404,1.49784,2.19133,5.21038,2.04793,4329.18,0.0661449,100,14.4961
8,0.959275,0.989898,0.01,11.8571,1.75413,1.09515,0,0.0829957,0.1415,3.20561,4.22035,1.48184,8721.03,0.1461,99.2648,12.4945
9,0.805094,0.995933,0.01,22.8029,0.3593,1.09767,0.0747825,0.0946399,0.257713,5.09131,4.28536,4.83268,6179.31,0.108241,100,13.0298
10,0.5,0.916144,0.01,30.4726,0.154143,1.08777,0.135352,0.135579,0.939323,1.84103,4.2759,2.11358,6101.31,0.158153,100,12.8785
11,0.826391,0.989174,0.01,22.2385,0.376731,1.08723,0.0412183,0.22405,0.2461,5.52772,4.79443,5.33928,5297.53,0.0892823,100,17.7067
12,0.71967,0.874134,0.0097515,15.405,0.587905,1.09771,0.162986,0.0998355,0.326911,7.02982,4.38385,6.69422,5234.58,0.13039,100,16.2935
13,0.623038,1,0.01,16.8753,0.615742,1.09919,0.0290236,0.167171,0.836662,6.38117,6.14238,2.80264,3999.03,0.0742553,99.047,21.6681
14,0.666077,0.996297,0.01,18.2936,0.134074,1.1,0,0.379033,0.132522,6.17711,4.79107,9.79184,5729.79,0.113192,100,23.8344
15,0.743996,0.990374,0.0057845,9.79947,0.251965,1.09326,0,0.232395,0.148907,3.21993,3.61912,5.31946,8706.68,0.124454,100,11.2024
17,2.0013,0.995953,0.01,6.95579,0.899508,1.0958,0,0.226359,0.295326,10,4.1214,8.51191,6926.72,0.0721342,61.9602,29.22
18,0.683295,1,0.00869072,38.8683,0.478127,1.1,0,0.142228,2.0054,5.99291,3.37041,1.76005,6498.68,0.0882671,96.7776,17.3435
19,0.69018,0.993483,0.01,30.5401,1.42723,1.08522,0,0.148985,1.99151,10,4.78237,9.01,4309.73,0.0625663,100,25.3248
20,0.587981,1,0.01,33.3674,1.44038,1.04752,0,0.205914,0.150954,3.87191,4.2581,12.9477,6303.39,0.125582,100,16.3817
22,0.788218,0.994431,0.01,23.5474,0,1.09221,0.00527189,0.482013,0.139054,10,2.56011,12.8345,9556.72,0.139763,98.4405,19.0753
23,0.844169,0.994901,0.01,43.696,1.57586,1.09156,0.00626109,0.724676,0.135571,10,4.40913,1.99152,6391.22,0.12907,100,25.9307
24,0.840803,0.989198,0.01,21.0929,0.506639,1.08837,0.0381903,0.273186,0.150954,10,4.62984,2.78871,5004.47,0.100367,100,20.3701
25,0.770047,0.984587,0.01,32.361,1.08443,1.09859,0.0196979,0.16821,0.220537,2.64868,4.73798,2.72613,4065.79,0.0668949,97.4795,13.0732
28,2.37702,0.952101,0.00333766,29.6673,0.279141,1.08165,0.205573,0.134857,0.164593,6.14196,4.52152,2.34829,7524.83,0.047864,73.7128,17.0278
29,1.45336,1,0.01,20.7815,0.0429274,1.08242,0.0667163,0.744005,0.1,10,4.13731,8.75673,4372.44,0.0846242,100,24.5707
31,0.5,1,0.01,18.4163,1.66596,1.09361,0.0493543,0.149112,0.116873,5.75309,3.89461,2.64769,8647.13,0.10426,55.083,8.6849
33,2.54917,1,0.01,15.0051,0.671426,1.09243,0,1.7989,0.129427,2.77624,4.90964,1.63955,3431.59,0.0518414,100,32.5269
34,1.60967,0.994519,0.01,30.064,1.0445,1.09276,0.027352,0.319692,0.145016,8.00508,5.44308,2.93375,4823.84,0.0885374,99.4404,16.0459
35,0.784629,1,0.01,17.2401,0.263108,1.09091,0,0.139222,1.42731,10,4.90773,1.75652,4871.15,0.0818969,100,12.99
36,3.09698,0.987045,0.00599961,5.77737,0,1.1,0,0.60033,0.178691,3.73719,4.66632,2.18856,8060.72,0.142637,100,40.8304
37,0.74957,0.993365,0.00997593,12.9632,1.07016,1.08374,0.11868,0.269183,0.135256,8.1157,4.54367,1.97243,5070.2,0.0829474,100,16.5077
38,2.93837,0.990104,0.01,35.2185,0.408158,1.08779,0.118502,0.121856,0.12846,7.93473,5.01227,3.52799,7143.9,0.14536,100,13.9335
39,0.693449,0.990991,0.01,10.164,0.526205,1.08415,0.0449865,0.16101,1.01487,4.15715,4.17158,4.0639,5534.01,0.099599,100,32.312
40,0.683911,1,0.00868162,6.75752,0.59945,1.08631,0,0.245033,0.323167,7.72502,5.32785,8.41559,5013.37,0.108207,100,36.3274
41,1.85395,0.971112,0.01,16.8008,0.365678,1.0742,0,0.569322,0.428778,10,6.27036,7.96213,4530.25,0.0789328,100,24.9165
42,0.824739,0.998755,0.01,23.3183,0.616616,1.05953,0.208287,0.134493,0.227541,6.55639,4.84051,2.56855,4822.42,0.0910577,100,26.2968
43,1.48812,0.971561,0.01,22.0391,1.09794,0.98884,0.0363011,0.496174,0.175139,9.34362,4.59182,12.1079,10056,0.0504402,100,22.2871
44,0.774285,0.968169,0.01,7.71934,0.335162,1.00882,0.206926,0.127647,0.146453,5.95613,3.96728,4.81115,4129.55,0.0690063,96.6957,39.5528
45,0.923088,0.986696,0.00668664,34.2315,0.60913,1.08471,0,0.517249,0.123374,6.65718,4.57889,14.0218,6095.46,0.0863122,100,19.8265
46,0.683074,1,0.01,39.4989,0.732127,1.1,0,0.750969,0.240161,7.28964,5.66381,4.19121,4571.68,0.0876967,100,28.9625
47,1.25081,0.994449,0.01,16.8937,0.468471,1.08933,0.0317068,0.199999,0.139817,7.71163,4.08318,6.18981,5841.68,0.0831433,100,17.2324
48,0.837333,1,0.01,16.3641,0.699572,1.09713,0,0.260427,0.1219,1.7943,5.3478,2.11107,4121.18,0.0779189,100,30.9518
base,0.830887,0.990598,0.01,27.1645,0.280488,1.08968,0,0.517368,0.583248,9.10107,4.74804,7.37526,5923.28,0.103006,100,22.5009
