real_name,rcn,nperco,cmn,n_updis,cdn,sdnco,fixco,bc3_bsn,shallst_n,erorgp,soln_con,sol_no3,sol_orgn,kden,kno3,al,alpha_bf,ch_k2_m,cn2_m,esco,gw_delay,gw_revap,gwqmn,surlag,rchrg_dp,revapmn,hk_mult,sy,ss
0,7.51682,1,0.00348026,14.7808,0,1.1,0.130793,0.160221,13.8356,2.91412,7.23971,9.25398,3897.5,0.0498512,77.2232,9.73098,0.160502,0.853311,1.05882,0.798699,30.3021,0.0299667,3497.85,5.88102,0,536.375,1.51678,0.05,3.28634e-06
1,8.55456,1,0.000442963,44.472,1.93011,1.1,0,0.486007,10.3529,3.63566,17.7528,15.5102,15000,0.120856,100,2,0.0415555,1.46178,1.08767,0.923816,50,0.02,2397.12,2.49934,0.0154971,672.04,1.54567,0.0607615,2.28204e-06
2,6.84746,0.768872,0.01,77.5042,0.639932,1.03436,0.490212,0.0803008,4.187,6.8708,8.41842,9.69574,4322.27,0.0584999,18.9956,30.0399,0.137458,1.10838,1.08124,0.937855,23.2781,0.0222748,2302.95,6.3981,0.149386,701.096,1.54072,0.05,4.99758e-06
3,5.8412,1,0.00342469,30.7325,0.773495,1.04866,0.113365,0.225559,12.6397,3.17465,21.4658,11.8146,6829.69,0.0753203,61.8807,12.9352,0.0510721,0.758345,1.03704,0.843112,38.4223,0.0376033,2261.37,6.62293,0.121534,724.38,1.65209,0.0708924,1.01217e-05
4,4.46531,1,0.000726104,33.5808,0.333788,0.963975,0.0394499,0.194025,8.19208,1.4102,9.25156,100,15000,0.0594003,32.3403,2,0.0472412,0.598323,1.0837,0.908376,33.307,0.0285483,5000,4.70774,0,242.094,1.83512,0.090091,5.70589e-06
5,5.70018,1,0.00213686,9.94069,0.323389,1.1,0.0467819,0.121797,0.496897,3.64327,28.3257,9.64177,4661.46,0.0597336,41.5358,44.6657,0.0486478,0.59538,1.03365,0.654772,50,0.109533,3005.66,7.19035,0.372057,826.746,1.56369,0.113052,2.85011e-06
6,5.3904,0.762724,0.00821759,39.2839,2.19331,1.1,0.312281,0.486392,200,6.53232,30,3.97691,3627.57,0.094653,100,2,0.0318355,0.605604,1.03247,0.829264,45.9424,0.0275471,3288.64,3.60673,0.298988,870.237,1.71575,0.0893708,2.13545e-06
7,7.20628,0.936473,0.0030838,50.3837,0.0561794,0.762313,0.246005,0.189661,35.9583,1.81876,9.17517,8.02543,8699.27,0.0659755,45.2134,26.3977,0.0368375,1.53794,1.04126,0.833391,50,0.113618,1207.58,4.32279,0,725.411,1.60577,0.119542,8.53349e-06
8,5.0309,1,0.00184501,34.8773,0,0.888529,0.442615,0.320765,0.644274,1.55036,5.90164,86.8054,15000,0.0941763,82.7831,14.3999,0.148062,0.517652,1.02234,0.830066,40.0662,0.0417417,1405.88,2.067,0.22488,632.543,1.36464,0.05,8.02319e-06
9,7.49465,1,0.00498121,38.9901,1.62925,1.05943,0.00425527,0.217048,40.0212,4.69193,30,12.6009,9218.42,0.0918603,32.4717,13.5742,0.0187512,0.701249,0.980848,0.827106,44.785,0.0214362,986.142,7.33172,0.117487,984.338,1.586,0.0721698,3.65168e-05
10,8.26299,1,0.000563432,50.3351,0.758083,1.1,0.0507711,0.111581,1.56316,2.1318,21.5039,15.6979,10250.7,0.0706203,100,9.37271,0.133108,1.10537,1.07744,0.715026,32.7937,0.0330743,1894.13,1.56153,0,927.578,1.64307,0.0812726,4.22234e-05
11,7.79321,1,0.00749213,19.3679,0.0486814,0.747013,0,0.134195,1.01165,2.5079,16.9493,5.46358,8505.88,0.104605,100,4.88021,0.0762989,0.685976,1.03507,0.807858,28.6827,0.0675013,2508.34,11.6698,0.0281143,201.159,1.44768,0.0634369,1.70383e-06
12,9.16245,0.960983,0.00725512,20.0598,1.47144,0.996451,0.0308997,0.0380042,38.8045,4.27433,8.87461,2.43366,6150.55,0.0303558,20.6889,10.4239,0.0277169,0.5,1.04094,0.807406,44.8077,0.104603,2116.86,2.681,0.232252,492.423,1.22958,0.102701,2.38163e-05
13,6.00488,1,0.0015304,47.8457,0.124859,1.1,0.0691195,0.204978,1.09663,2.2877,12.232,1.51507,7127.65,0.0578185,54.6075,29.0513,0.0366106,0.579629,1.01676,0.756724,30.3023,0.049008,2647.68,4.37202,0.0202056,740.214,1.58565,0.0736011,9.74107e-06
14,3.68408,1,0.01,5.9101,0.941991,1.1,0.168026,1.28255,0.650184,1.0573,19.9368,2.2586,3497.6,0.0582808,63.7352,2,0.0938512,0.5,1.05964,0.842971,29.0205,0.064105,1904.79,4.63195,0,377.704,1.64799,0.0726423,2.97827e-06
15,6.24642,1,0.00387477,33.2467,0.814409,1.1,0.112645,0.207352,15.0231,3.34027,22.6974,12.3019,6997.23,0.0550877,66.3138,13.3321,0.0524751,0.740287,1.03438,0.835021,40.0182,0.0392428,2165.95,6.77374,0.153261,756.442,1.55865,0.0700288,1.13589e-05
16,7.07267,1,0.00365122,48.4958,0,1.08949,0.201286,1.26334,4.87886,8.57553,30,23.4336,7147.41,0.0994508,100,2,0.0756617,1.40328,1.04814,0.797879,50,0.0548773,1342.65,17.299,0.461046,770.745,1.65331,0.0573891,2.083e-05
17,4.40028,1,0.00473631,80.3472,0,1.02785,0.695988,0.502238,4.3464,2.69954,20.8403,1.6231,3901.73,0.034628,41.0988,40.2751,0.0783621,0.609461,1.04769,0.811005,28.3194,0.0232843,2911.98,6.93978,0.438498,684.382,1.42786,0.050849,4.00724e-05
18,3.52886,1,0.00693162,84.5265,2.07468,1.06449,0.141765,0.0488574,2.19757,7.58484,30,13.7271,3555.65,0.0767693,97.6066,5.02145,0.13929,0.989978,1.0176,0.799696,38.0027,0.0276358,1012.47,5.38483,0.26263,884.21,1.18956,0.052446,1.7209e-05
19,4.09003,1,0.01,17.799,1.88491,1.1,0.0536841,0.654445,133.418,7.84019,30,1.89818,3816.3,0.0462333,28.8072,3.82878,0.337643,0.613714,1.03359,0.797624,50,0.0490461,1146.71,1,0.0225405,982.415,1.46723,0.05,4.4794e-05
20,3.36588,1,0.01,43.3717,1.4949,1.1,0,0.0144643,1.28774,2.41815,27.4541,15.5234,2945.15,0.167083,53.1856,2,0.0672387,1.17535,1.0192,0.828368,37.2782,0.0213078,1287.15,3.46603,0.146033,763.398,1.50462,0.05,7.52186e-06
21,3.85452,1,0.00413988,64.0104,2.2489,0.995067,0.277899,0.290522,4.63202,3.85306,23.6751,71.7129,4744.19,0.0989387,100,4.02551,0.0153271,0.88504,1.01209,0.822415,41.9243,0.0859302,1088.1,5.13709,0,398.734,1.55581,0.077699,2.03474e-05
22,5.15674,1,0.00538096,99.6361,1.16623,0.944816,0.0167832,1.23817,7.5414,6.39172,30,15.73,13986.3,0.0564565,36.9692,2,0.098717,0.5,1.04574,0.846685,50,0.0470046,2071.86,3.33565,0.167097,875.47,1.67489,0.0675112,1.68036e-06
23,11.879,1,0.00301647,51.9769,1.47794,0.920725,0.63805,0.441413,58.2336,2.21273,6.75629,14.4809,9771.7,0.0872573,100,2,0.0354571,1.32272,1.04266,0.905476,38.7147,0.0269555,2044.12,1.17651,0.118084,1000,1.7223,0.066851,1.54387e-05
24,5.12256,1,0.000446144,12.9259,1.04063,1.1,0.0566662,0.0930292,8.34675,2.94106,30,2.74686,9614.05,0.0480637,77.9477,25.2661,0.5,0.5,0.98953,0.687191,28.5421,0.0364516,1303.36,2.17647,0.0691849,801.889,1.41592,0.0538829,1.42689e-05
25,4.11578,1,7.14552e-05,87.4646,0,1.1,0.0824703,0.0998923,200,7.91043,29.3665,64.1418,13767.3,0.0794861,100,20.2676,0.0355221,0.651971,1.00945,0.880603,34.4939,0.0205851,5000,3.74259,0.351231,887.714,1.40128,0.0671195,6.47424e-06
26,2.18981,1,0.00291703,30.1102,1.80777,0.947293,0.140077,1.05334,159.788,1.28557,17.6302,26.3066,11563.9,0.0648783,86.5314,20.1589,0.121191,0.905597,0.9962,0.725942,21.9429,0.0486761,1421.31,7.07631,0.144095,472.448,1.19964,0.0513801,9.97493e-06
27,2.72145,1,0.0004019,60.1586,1.15037,1.1,0.0383531,0.0209302,17.1918,1.59742,15.2601,12.0047,9142.74,0.110822,100,13.5428,0.0552668,0.681021,1.03562,0.890328,36.0889,0.0349615,3026.73,7.72658,0.0677789,782.929,1.20024,0.05,4.38647e-06
28,4.79241,1,0.00844616,32.7085,0.857875,1.1,0.0303979,0.668707,35.6996,2.40097,30,7.42568,9311.8,0.0434676,17.3198,7.92167,0.0234332,0.891335,1.01347,0.931983,35.2802,0.0283339,881.542,4.41307,0,972.431,1.66181,0.0663071,6.44404e-06
29,6.75579,1,0.01,35.9006,0.705308,0.683675,0.120721,0.052589,14.0524,0.725091,30,8.86115,10915.2,0.054857,51.0181,7.70929,0.114627,0.719478,1.0383,0.857162,41.9845,0.02,2869.58,3.40972,0.217886,889.323,1.42905,0.0503328,4.1329e-06
30,5.24907,0.942751,0.00209796,16.7893,0.477845,1.04226,0.326629,0.760359,2.27852,10,30,49.0716,12032.9,0.0942581,63.1483,11.9598,0.0470998,0.534163,0.983322,0.795008,37.5396,0.0469132,3079.43,18.4314,0.0658762,897.879,1.95307,0.089356,1.5962e-05
31,2.78086,0.997125,0.00538858,30.2823,1.00167,1.09255,0.0546044,0.0362999,6.89972,1.05365,22.9565,5.66214,5255.06,0.0315279,15.9895,24.7717,0.0379665,0.658424,1.04388,0.799867,26.4645,0.0344625,3336.24,10.0157,0.402623,954.558,1.45899,0.0522942,1.15152e-06
32,1.7369,0.764564,0.00294899,16.4284,0.628375,0.8087,0.152042,0.273164,1.10105,3.23402,25.2202,9.8952,15000,0.0700498,65.3689,88.6827,0.0202537,0.729557,1.005,0.845864,41.0748,0.0744561,2888.6,2.20187,0.00568609,812.347,1.55243,0.0696219,1.0639e-05
33,5.00299,0.801155,0.00835367,47.7424,0.389887,1.05148,0.026307,0.29509,6.43901,6.8543,30,42.7971,11202.8,0.105054,34.4752,39.4464,0.0574505,1.05856,1.02542,0.777959,50,0.122685,1110.5,4.02306,0.0220635,1000,2,0.156541,2.56588e-06
34,3.07967,1,0.00192205,9.59287,0.422229,0.654468,0,0.324578,2.63431,6.07602,19.4206,8.35467,10474.3,0.0677819,100,59.8904,0.0393051,1.04105,1.01489,0.800898,50,0.0366912,1438.85,8.17167,0.303834,994.813,1.29307,0.05,7.47444e-06
35,5.16481,0.616533,0.00493544,28.3634,1.35241,1.1,0.047109,0.312423,4.05759,6.40218,29.826,9.65693,4355.56,0.0736258,67.1173,2,0.0464162,0.834837,0.993776,0.883399,31.6473,0.02,3198.62,2.86781,0.287663,932.419,1.64363,0.0717873,8.14244e-05
36,5.92964,0.761072,0.01,73.1699,0.351522,0.63454,0.136854,0.030304,18.2819,9.05191,21.8852,14.271,1372.03,0.0757279,92.4018,33.6698,0.0748329,1.31624,1.02888,0.735121,22.9407,0.0971283,1130.62,3.86075,0.164753,425.775,1.52124,0.0792413,1.8775e-05
37,9.21742,1,0.003409,20.4401,1.75557,1.02407,0.176204,0.728976,6.68287,7.44263,13.9041,9.17039,10548.2,0.0493687,76.0274,29.677,0.121952,1.11904,1.07676,0.817086,47.3064,0.0421232,2633.14,2.26575,0,815.521,1.56019,0.0522815,2.7365e-05
38,4.90829,1,0.000430826,26.6537,1.69141,1.1,0.0115238,0.637072,1.8551,0.771451,8.46674,2.44304,6848.84,0.0626734,100,44.8902,0.230007,0.957196,1.09027,0.899297,47.4304,0.0463828,2390.41,2.78935,7.00127e-05,679.551,1.75493,0.083086,5.45612e-06
39,11.429,1,0.01,8.29161,0.74081,0.791261,0.0577596,0.253288,25.0695,1.36197,9.77222,2.04804,1918.24,0.0597869,42.2461,30.4672,0.148459,0.5,1.09395,0.897664,21.9157,0.0269285,1496.19,11.2077,0.0211856,804.27,1.95057,0.106696,1.09167e-05
40,4.55539,1,0.00675212,36.956,0.579908,1.02473,0.13153,0.0113709,7.11523,5.97132,29.2623,61.6973,4896.73,0.091198,100,2,0.0201028,0.667921,1.00158,0.867017,45.5099,0.0800387,1115.33,5.85935,0.0277117,180.702,1.44317,0.05,9.13081e-06
41,3.86779,0.991852,0.00192549,50.0284,1.71034,1.1,0.0450561,0.353451,18.22,1.98633,30,27.0942,3912.5,0.0621735,32.9884,61.6732,0.0202449,1.40473,1.0668,0.811385,50,0.135427,995.76,5.98361,0.281454,955.203,1.84151,0.109941,4.49887e-05
42,4.0044,1,0.00113128,16.4507,0.722962,0.641092,0.0588481,0.0392249,4.42344,2.68443,13.4001,3.91401,2542.21,0.109673,58.6098,24.1911,0.192659,0.728288,0.997559,0.843941,48.1288,0.0457595,974.807,15.2536,0.289717,263.653,1.76333,0.0912681,1.58744e-05
43,9.41698,1,0.00338716,57.7799,0.39501,1.1,0.0938454,0.278132,23.9871,4.59144,30,46.6998,2064.34,0.161457,100,6.95387,0.103812,0.503726,0.994785,0.769223,50,0.033697,3513.09,2.07406,0.0187649,870.469,1.46102,0.050276,1.26489e-06
44,5.92903,1,0.00529833,33.4718,0.758045,1.02203,0.126258,0.20798,16.248,2.88071,21.3126,13.2716,9867.79,0.0802534,68.814,6.07063,0.0532018,0.733786,1.02886,0.846228,39.8794,0.0340856,2284.84,7.13573,0.141277,704.548,1.70738,0.0806609,1.30357e-05
45,4.91811,1,3.01143e-05,15.0559,1.43108,1.1,0.103199,0.0507212,20.4408,1.00425,5.48238,11.899,4247.4,0.0401237,56.2631,4.03934,0.0618544,0.649045,1.0282,0.839087,43.8379,0.0326024,3787.83,11.5548,0.0414845,620.727,1.47971,0.05,1.37627e-06
46,6.4669,1,0.00231217,31.9935,0.663361,1.02626,0.136537,0.227177,14.2449,3.12974,27.2397,11.3979,6005.28,0.0622377,79.3181,12.1791,0.0572379,0.702453,1.03248,0.843277,38.1549,0.0448677,2324.13,7.12877,0.143636,726.209,1.60999,0.0784403,1.02687e-05
47,8.01899,1,0.00540936,22.4309,0.977503,1.02128,0.0378905,0.140203,10.51,5.66236,25.2201,2.16455,9665.04,0.117458,38.5722,2.752,0.0738557,0.983178,1.04045,0.9159,50,0.0727571,1344.09,4.92249,0.0947108,1000,1.5157,0.0532168,6.36114e-06
48,5.69405,1,0.00357074,31.3484,0.754663,1.05685,0.121042,0.230602,17.768,2.99883,20.7639,12.4014,8022.77,0.0621947,64.815,11.4225,0.0549514,0.716789,1.02849,0.851493,39.3863,0.039033,2211.78,7.1821,0.145617,672.389,1.6785,0.075302,8.93959e-06
49,5.56734,1,0.00275911,31.1876,0.65117,1.1,0.103082,0.214587,11.252,3.06147,26.0538,13.6025,5541.31,0.067216,80.2238,7.09144,0.0599542,0.745721,1.0394,0.863978,38.3207,0.0356659,2441.96,7.10866,0.126457,729.14,1.70475,0.07393,1.2037e-05
50,13.7543,1,0.00396422,44.6945,1.45038,1.08837,0,0.206145,66.3867,1.30116,29.2862,8.70958,15000,0.0904804,100,2,0.0495715,1.25197,1.05564,0.903691,23.1778,0.02,1764.66,2.8312,0.126603,937.202,1.64378,0.05,1.88037e-05
51,14.003,0.995889,0.00633692,56.5535,1.50613,0.925534,0.0871341,0.165388,2.81809,0.765116,30,7.44469,9541.79,0.108733,48.4077,19.4715,0.0482125,0.876484,1.04283,0.911592,36.1736,0.0333251,4134.11,2.45024,0.0197236,648.016,1.52684,0.0542433,2.13782e-06
52,6.82247,1,0.01,46.9757,0.943608,1.1,0.179609,0.0587569,21.4968,2.36126,17.1334,8.51106,4378.45,0.0401883,31.2858,2,0.030587,0.680831,1.02311,0.784861,50,0.0595897,4218.09,2.35074,0,1000,1.45472,0.05,3.02388e-06
53,7.73801,0.868243,0.0043081,10.0287,1.02783,0.572828,0.0271831,0.70197,6.07724,0.921024,22.3671,33.8125,13907.6,0.109443,100,2,0.0252904,0.804544,1.08708,0.786357,50,0.0328606,1690.34,2.67602,0,521.239,2,0.14802,5.93796e-06
54,6.46311,0.76102,0.00268771,41.698,0.473203,1.08943,0.0674685,0.253699,29.0347,2.42401,8.61782,67.8269,12501.8,0.0786845,52.1207,9.62207,0.210946,0.5,1.06357,0.825366,21.7941,0.02,3425.65,2.91216,0.0636619,933.645,1.66077,0.0535628,4.23902e-05
55,6.60089,0.916552,0.00887202,40.8428,0.49756,1.02766,0.00215032,0.0484632,4.66076,5.51965,30,13.9013,11531.7,0.0515048,43.4903,52.278,0.102283,0.872187,1.09223,0.785375,50,0.0361485,2535.6,10.5859,0,940.353,1.55578,0.0650865,5.59421e-06
56,10.9253,0.956313,0.00147051,69.4355,0.874669,1.1,0.00373795,0.72157,137.32,4.04913,23.3026,23.7152,11004.4,0.101292,100,47.0172,0.0283974,0.675182,1.01351,0.847117,45.182,0.0881025,2208.26,3.7174,0.0261868,641.639,1.47065,0.0592455,3.76263e-05
58,4.33338,1,0.01,25.8499,2.13582,1.1,0.0737579,0.8436,200,6.60503,30,2.39671,4515.22,0.108385,100,7.28462,0.0232167,0.568367,0.993791,0.799773,40.1579,0.0234527,3508.99,1.61038,0.286327,974.952,1.5128,0.05,7.13618e-05
59,4.53459,0.922908,0.01,74.7291,0.811119,1.1,0.251023,0.368578,13.891,3.71643,22.9103,4.70186,1937.07,0.0556463,72.8315,14.7783,0.0526546,0.952125,1.05094,0.89213,36.18,0.0226038,1280.53,8.97571,0.313961,807.587,1.53734,0.05,1.69609e-05
60,6.97241,1,0.0028267,32.5754,0.59716,1.1,0.150051,0.242616,11.33,2.4531,30,10.6716,6084,0.0731144,57.1152,11.0253,0.0513067,0.727975,1.03447,0.827985,42.6723,0.052865,2235.98,5.08818,0.130315,767.331,1.62008,0.0703724,1.33574e-05
61,9.68686,1,0.00330353,58.5679,0.431478,0.988742,0.00171013,0.076364,5.39485,3.06515,28.2088,24.6428,5711.92,0.144948,71.6108,38.1303,0.0271654,0.757373,1.07437,0.940778,41.2854,0.02,2429.67,6.00443,0.0139474,914.17,1.51467,0.05,1.91403e-05
62,5.1862,1,0.00843348,26.3603,0.552144,1.1,0.0103074,0.280325,0.362749,10,4.12514,30.4047,7389.79,0.0818063,60.6963,11.1982,0.0125145,0.590055,1.07027,0.854109,34.6281,0.0242684,1660.12,9.16528,0.192827,950.455,1.60271,0.05,3.03342e-06
64,5.96796,1,0.00275991,17.1705,0.61948,0.954539,0,0.0549093,13.1489,1.21031,19.0004,7.59742,11508.7,0.0517523,81.3099,2,0.110508,0.502013,1.05371,0.747161,30.8866,0.0250854,2989.69,4.12199,0.180415,627.739,1.65877,0.080746,2.37988e-06
65,6.15229,1,0.0040242,27.9303,0.765185,1.06378,0.122113,0.232083,14.1836,3.69474,23.3543,11.3245,7158.01,0.0639639,59.3862,12.9467,0.0550221,0.741275,1.02901,0.8257,40.1082,0.0397187,2115.43,6.66957,0.137747,764.541,1.56907,0.0748045,1.26725e-05
66,2.96368,0.841984,0.01,38.8712,0.933557,0.771678,0,0.116593,33.8969,3.20484,30,12.4594,6504.46,0.079801,76.1165,27.0587,0.0133308,0.632875,1.01684,0.924682,38.0381,0.0772625,1017.94,2.93744,0.00984589,416.764,1.62582,0.059867,9.08893e-06
67,4.87902,1,5.72805e-05,35.1871,2.164,1.1,0.108002,0.0713475,13.8335,0.693248,30,32.667,14965.3,0.196778,100,2,0.029962,0.752795,1.01664,0.854342,35.6246,0.0506651,1584.41,2.25431,0,957.264,1.342,0.0516686,5.36747e-06
68,2.55045,1,0.000929334,63.669,0.548433,0.763861,0.00360066,0.0337504,19.3353,9.21566,14.2594,4.80445,15000,0.0687849,34.0998,2,0.249187,0.643141,1.01206,0.839792,50,0.0224572,3193.66,1.58078,0.429752,933.757,1.25623,0.05,2.86716e-06
69,5.06618,1,0.01,71.507,0.648684,1.09832,0.178159,0.0204693,1.18406,6.84567,30,4.03361,4081.27,0.0578168,52.5983,20.2123,0.0471976,0.780453,1.04844,0.837513,40.4281,0.0394713,2985.35,1.56702,0.0119492,736.726,1.44759,0.05,8.64944e-06
70,3.42208,0.996445,0.00399893,21.1493,0,1.1,0.363248,0.0640777,200,9.46296,30,24.1833,3751.16,0.0587105,78.0813,22.6637,0.0873472,0.633327,0.976962,0.84756,15.6256,0.0557595,2610.35,2.33967,0.382517,596.939,1.57085,0.0549931,8.31113e-06
71,5.3493,1,0.00469443,23.5581,0.35987,1.1,0.115363,0.371738,2.8103,2.15676,11.302,17.5963,3645.3,0.0632336,23.5335,11.9703,0.0252409,0.933327,1.08582,0.869364,40.3131,0.0366306,5000,12.5596,0.0723119,418.224,1.55369,0.0621593,8.57403e-06
72,5.00776,1,0.00172683,46.5427,1.25247,1.1,0.0586868,0.0616011,3.6215,0.854597,30,2.47135,13278.9,0.0635883,42.3337,2,0.0192638,0.978957,1.01328,0.749062,39.1549,0.0630101,1150.54,16.4757,0.0373894,733.374,1.20735,0.05,4.56278e-06
73,6.76635,0.840827,0.01,46.6637,0.457061,1.09037,0.0549174,0.234661,87.2351,9.22755,8.73392,4.33389,2497.44,0.0482477,100,51.5467,0.122407,0.590001,1.06866,0.828841,50,0.02,798.069,21.8364,0.013285,659.342,1.49488,0.0740992,2.56931e-05
74,7.46905,1,0.00539057,67.4878,0.532945,1.1,0.245988,0.271269,2.53396,4.00204,30,23.0723,1763.09,0.0645794,76.3631,2,0.0823909,0.67515,1.0039,0.818256,38.0216,0.0613964,3302.58,6.99291,0,880.514,1.55184,0.0626883,8.20375e-06
75,7.30329,1,0.01,60.5267,1.70909,1.1,0.0198927,0.349959,1.75158,4.18303,30,4.27681,3191.76,0.222799,100,28.9091,0.0362159,0.805438,1.05798,0.896814,22.2596,0.0296267,2668.53,13.5075,0.0225138,682.388,1.72509,0.0784124,8.53808e-05
76,4.0368,0.895414,0.00115247,96.6063,0.915608,1.1,0.00091188,0.329203,35.8083,1.74972,30,25.6976,8742.71,0.0461045,32.6281,4.6767,0.0362244,0.521989,1.08812,0.816108,35.7616,0.0346798,1024.07,2.08169,0.190355,544.192,1.79655,0.0974128,1.93712e-05
77,6.84446,0.938991,0.01,20.5755,1.06959,0.946774,0.00384594,0.0789399,19.5196,10,6.36003,29.0652,5580.56,0.0590929,15.0458,10.1229,0.107203,0.611288,1.06549,0.799505,22.7117,0.0423908,2286.57,10.7879,0.281819,636.582,1.63925,0.0859103,2.09989e-06
78,5.23515,0.961261,0.00100714,34.4345,1.07168,1.03427,0.253573,0.334541,10.6236,3.21614,13.0741,3.8701,9830.59,0.0575131,44.6899,4.91465,0.0504488,1.59902,1.05651,0.92768,50,0.0325699,850.609,1,0.0332535,627.026,1.58302,0.0578054,5.63788e-06
79,6.43202,1,0.00187002,27.799,0.34206,0.94697,0.0452663,0.51564,35.8648,3.78426,15.6746,32.5318,15000,0.0933763,100,2,0.1374,0.5,1.01387,0.914411,41.3049,0.0312393,1696.97,6.64236,0.16978,502.813,1.52799,0.05,1.9615e-05
80,1.89764,0.767228,0.01,13.1897,0.724156,0.957808,0.0427254,1.30799,4.04244,1.46871,14.9641,28.0956,3151.76,0.0690203,44.1516,2,0.051397,0.758301,0.993649,0.873858,40.7433,0.0771541,3806.01,1.74106,0.138454,956.526,1.82183,0.092555,5.72921e-06
81,8.09025,1,0.000349109,65.9397,0,1.1,0,0.527005,200,8.77158,25.9704,3.38709,15000,0.08713,83.8168,2,0.5,0.837552,1.03041,0.869218,38.9908,0.031358,4276.46,1.32936,0.142621,645.308,1.70188,0.0826023,9.48275e-06
82,4.45903,0.921092,0.00105677,9.31311,0.809965,1.1,0.00375854,0.493232,9.78419,2.94086,20.2535,33.4482,9464.61,0.232611,100,2,0.0282832,0.681761,1.05394,0.890846,46.9389,0.0475302,2628.53,2.54793,0,1000,1.85348,0.106973,1.70104e-06
83,6.06606,0.987248,0.00314417,18.18,0.881111,1.1,0.168806,0.237197,17.0725,3.843,25.291,10.9546,6107.62,0.0793073,37.1292,9.21604,0.0798033,0.830099,1.03337,0.835635,41.8018,0.0387343,2139.19,8.05979,0.156902,765.688,1.46015,0.0657711,5.74291e-06
84,3.80661,1,0.00402364,24.6524,0,0.924837,0.0811143,0.56648,3.96696,0.784277,24.2231,13.6643,7021.48,0.147566,79.3201,2,0.0187817,0.919102,0.988082,0.713267,50,0.02,3218.62,5.37358,0.0237222,687.104,1.91563,0.111137,2.52679e-06
85,5.86811,0.76503,0.00568647,80.075,1.79178,1.1,0.134059,0.224874,10.1458,6.05843,18.997,22.6091,6800.16,0.0552069,20.7288,57.7212,0.213993,0.5,1.01234,0.915135,39.5484,0.0353383,2703.47,5.29437,0.163002,959.445,1.4929,0.068022,7.20449e-06
86,7.52682,0.938014,0.01,38.5585,1.32847,1.1,0.268381,1.62282,38.5258,8.54389,30,4.03975,15000,0.052531,52.8768,2,0.0294949,0.672926,1.07326,0.863899,21.2423,0.0463941,1889.04,2.72492,0.147548,764.969,1.56132,0.05,6.47808e-06
87,2.01062,1,0.00398052,28.9347,0.340828,1.1,0,0.137382,10.4603,4.23224,30,15.4379,3672.65,0.100193,32.5457,2,0.0108411,0.984644,1.01959,0.833456,49.6252,0.0497264,1881.93,6.07792,0.488285,859.047,1.69536,0.0740638,3.51836e-06
88,4.03542,0.865212,0.01,76.5821,0,0.692274,0,0.351651,46.7981,2.93908,26.8884,29.4559,4972.96,0.0925893,65.0263,8.36499,0.0877817,0.5,0.988767,0.911917,40.1987,0.0475405,2568.32,1,0,1000,1.48704,0.05,7.2581e-05
89,3.45381,1,0.01,57.1371,1.4214,1.00134,0.0181138,0.0705246,12.2119,6.69224,30,22.772,2799.44,0.17173,100,2,0.0377739,1.27273,1.04539,0.851714,48.8506,0.0251601,2929.15,13.4549,0.291638,673.032,1.59397,0.0735588,4.92448e-06
90,4.20776,1,0.01,30.7487,1.61998,0.842207,0.0487762,0.31603,200,1.46647,30,2.07192,8685.47,0.0811644,100,2,0.0535161,0.61514,1.00912,0.917502,42.8743,0.0421899,3085.27,4.03044,0,885.209,1.44176,0.05,8.25565e-06
91,4.34019,1,0.000356211,51.1646,0.568137,1.1,0.47573,0.223136,8.01759,9.08642,27.1873,21.0808,14087.7,0.0574724,32.092,2,0.0133305,0.835886,1.07107,0.864428,18.1946,0.028078,2468.94,10.3637,0.171998,973.23,1.99963,0.12877,3.19965e-05
92,10.7429,0.73692,0.00204189,19.2498,0.58202,0.824851,0.158876,0.0634576,4.98031,1.02788,25.4467,56.9607,9259.55,0.0621388,50.3345,41.9166,0.0655736,0.635106,1.0098,0.739303,39.8202,0.0487089,2493.42,3.07319,0.170463,984.402,1.31341,0.093403,3.8872e-06
93,11.6704,0.938836,0.00132298,46.4561,1.04899,1.1,0.0188973,0.125992,2.08073,6.73636,30,9.99974,10938,0.071602,45.2104,3.34811,0.0266958,0.5,1.00583,0.815245,35.2406,0.02,2990.89,2.01369,0.0117575,595.159,1.68415,0.0967282,3.31815e-06
94,6.04186,1,0.00343539,32.2897,0.88326,1.1,0.114047,0.212169,16.57,3.26366,22.3696,10.2583,7576.93,0.0618121,42.8313,10.7094,0.0540057,0.729614,1.03835,0.858786,40.9569,0.0375517,2086.43,7.06176,0.146207,785.826,1.57458,0.0649305,9.72484e-06
95,3.14064,0.830084,0.00532357,43.6029,1.84199,1.0099,0.0457078,0.44199,4.23057,3.66391,11.8486,2.13619,15000,0.0604271,13.1956,22.2113,0.0347068,0.764658,1.02249,0.84429,44.3823,0.0316199,809.032,11.4768,0.286636,824.299,1.96944,0.123534,2.50756e-05
96,4.32557,0.83338,0.000313155,31.9639,0.600506,1.1,0.02232,0.101125,18.6852,4.10788,30,31.2217,6061.25,0.0742208,92.2583,9.56876,0.158873,0.66638,0.980288,0.901996,28.5657,0.0569242,2697.3,17.8477,0.495796,903.203,1.47925,0.0630251,6.65718e-06
97,4.34661,1,0.01,11.5027,0,0.900599,0.0287041,0.835875,7.98744,9.06559,30,21.1813,10076,0.0818783,100,2,0.450419,0.587804,0.998781,0.819155,46.05,0.0284763,4654.17,4.00819,0.109186,65.7889,1.75592,0.0828297,5.8249e-05
98,4.49494,0.683452,0.000890632,79.4335,0.674655,1.1,0.0160251,0.382109,200,3.30526,22.2685,17.3774,14369,0.0806423,96.5311,2,0.303561,1.33007,1.1,0.798826,50,0.0390389,3379.51,1.73517,0.228449,745.294,1.66547,0.063092,7.09193e-06
99,3.62396,1,0.00157774,32.7058,1.56415,1.1,0.351406,0.792102,3.20077,1.86053,2.86183,1.82174,10653.4,0.0719147,100,4.49245,0.0152014,1.15644,1.049,0.792201,50,0.02,1485.17,3.68161,0.628959,977.921,1.95137,0.129095,1.05329e-06
100,4.01497,1,0.00414081,39.2007,0.768548,1.1,0.19701,0.476908,2.89397,2.46557,18.3878,29.5597,15000,0.0526441,21.0684,7.62269,0.11779,1.08129,1.06139,0.882646,39.8542,0.0265511,1610.89,10.174,0.114575,383.112,2,0.115734,2.05256e-05
103,7.58939,0.815547,0.00755823,47.6636,1.20309,1.1,0.394865,0.0241266,0.438502,7.27761,11.6986,30.2354,10459.2,0.0426493,24.591,16.2297,0.0418754,0.669475,1.02278,0.795101,50,0.113758,2503.46,3.15641,0.0273696,671.718,1.59788,0.0640518,1.68803e-05
104,5.76993,1,0.01,24.0395,1.55873,1.1,0.0630397,0.762169,200,10,30,4.65856,3916.84,0.0492218,38.7248,2,0.0226418,0.5,0.99919,0.820489,50,0.0286313,1317.29,10.4541,0.105315,642.862,1.61462,0.0927397,1.82361e-05
105,8.76176,0.951358,0.00164192,38.8147,0,1.1,0.056149,0.796954,200,2.91855,25.3496,72.3518,5246.02,0.209497,64.6408,22.6993,0.071279,0.846133,1.05601,0.911787,34.5476,0.0446376,4333.8,10.1194,0.0118881,1000,1.8365,0.0931851,3.86789e-05
106,10.4782,1,0.00613518,15.1773,0,1.06025,0.253094,0.585875,59.4705,4.06778,22.7912,2.44454,15000,0.0717129,36.6903,2,0.0675044,0.784196,1.04046,0.826852,23.3998,0.0665857,1171.05,8.45593,0.0105329,985.136,1.91915,0.109646,2.31054e-05
107,6.67835,1,0.00963494,23.0468,0.654361,1.1,0.102395,0.703939,148.059,5.3183,30,17.0104,5018.1,0.0614132,28.6897,3.04574,0.34319,1.06626,1.03003,0.900274,48.2783,0.0731887,2972.85,5.20123,0.144454,969.336,1.61301,0.0569223,1.23959e-05
108,7.26836,0.988515,0.000373198,72.9011,1.23676,0.639793,0.0164747,0.860735,5.79387,9.56526,22.3514,29.3176,15000,0.0495131,31.0497,14.8595,0.0125958,0.782979,0.998351,0.828137,30.419,0.102155,813.398,8.94195,0.103353,419.184,1.76279,0.085174,1.66514e-05
109,4.98928,0.939715,0.0073286,56.7386,0.0329453,1.1,0.0651193,0.244888,3.43325,2.04293,11.6024,6.9845,1444.89,0.0746047,100,25.1299,0.0211177,0.999023,0.994477,0.856607,19.4976,0.0426049,2178.39,15.8454,0.00147964,436.529,1.61519,0.0723207,1.81204e-06
110,6.68735,1,0.00289222,20.3658,0.871027,1.1,0.0580826,0.170261,13.3052,2.5252,9.20758,9.83932,7275.65,0.104641,88.6478,14.4817,0.110441,0.590626,0.989337,0.804598,38.0512,0.0305215,1220.21,2.21429,0.21085,23.9379,1.76391,0.079706,1.95763e-05
111,5.37862,0.96905,0.01,17.6958,0,0.962655,0.44111,0.269318,7.7242,8.7362,30,4.03383,10943.3,0.189917,100,2,0.111274,1.45081,0.99269,0.82392,25.899,0.0488429,1224.58,2.22524,0.172108,641.638,1.6734,0.0719462,1.24918e-05
112,6.45287,1,0.01,100,0.990972,1.03873,0.0832752,0.770489,94.3862,5.23502,14.757,65.0835,5447.82,0.063172,62.7066,16.5298,0.0502782,0.5,1.1,0.812079,29.2407,0.0473794,1865.8,1,0.184441,837.907,1.81861,0.0852354,4.90646e-06
113,5.75533,0.850758,0.00394225,25.0227,0.0164375,1.1,0.360355,0.384694,0.999802,10,18.4759,26.9508,11528.8,0.128912,44.8789,41.9098,0.0556538,0.881236,0.987277,0.850247,24.284,0.0421326,1068.88,1.08203,0.120765,641.097,1.44558,0.05,1.55418e-05
114,3.30654,0.569442,0.00671036,13.7459,1.02824,0.896093,0.0647399,0.0511235,141.978,2.63679,22.362,17.1886,15000,0.0627398,55.479,2,0.0204038,0.849284,1.02946,0.781936,29.3608,0.0241041,873.278,2.4307,0,1000,1.47422,0.0536257,0.0001
115,3.12132,0.810477,0.00530771,23.1653,1.78613,0.87958,0.252004,0.0529888,7.36704,3.01845,21.0017,46.2028,6964.84,0.123037,84.5611,40.1766,0.0269944,0.683762,1.0015,0.945905,32.9897,0.0323986,2752.62,7.41463,0.0547098,659.198,2,0.126024,3.40394e-06
116,3.09928,1,0.00158375,15.0022,0.110683,1.1,0.022562,0.0350019,43.3203,5.10806,25.5709,6.35975,8662.09,0.160843,100,35.0668,0.0303294,0.968346,1.03786,0.844515,35.1707,0.0308565,3319.82,17.2547,0.166181,107.56,1.45217,0.05,1.31714e-06
117,3.14681,0.975511,0.00350287,42.2796,1.37423,1.1,0,1.16028,13.5071,2.40255,30,23.1086,5097.64,0.0571952,67.1517,16.0269,0.128882,0.857219,1.03498,0.9101,44.3552,0.0417464,2910.88,10.6211,0.0859813,806.22,1.77142,0.093955,5.98067e-06
118,5.4581,1,0.01,31.3104,0.5448,0.596256,0.247518,0.0661173,0.893348,8.13268,30,1.73354,15000,0.150389,100,34.4333,0.0555236,0.598955,1.06612,0.862168,41.5176,0.02,2913.18,9.66703,0.0175216,761.143,1.73861,0.0932758,2.02975e-06
119,9.51878,1,0.01,5.76728,0.317275,1.1,0,0.0471721,117.623,3.51842,4.77611,4.83696,14450.1,0.0884249,32.2107,36.6078,0.0411296,1.01295,0.99588,0.822378,50,0.0694305,938.84,6.10229,0,726.021,1.2251,0.0688155,2.68961e-05
120,3.03553,0.745074,0.0013236,22.0077,0.803938,1.1,0,0.629003,14.5576,7.74926,30,30.1331,15000,0.0578141,20.2782,35.8779,0.406995,0.766148,1.04537,0.803971,15.9847,0.0727377,1547.67,6.03798,0.132651,779.905,1.4836,0.0674128,1.12893e-05
121,2.15809,0.957876,0.00248652,17.6254,0.174116,0.642905,0.223722,0.693822,5.18117,3.73733,9.86786,10.3715,2240.7,0.0577912,88.2994,71.0341,0.0610956,1.03978,1.06093,0.840809,27.1887,0.02,4920.2,14.3822,0,722.292,1.55855,0.0825068,1.28288e-05
122,3.41853,1,0.00373386,20.727,0.740708,1.04747,0.358661,0.0538144,36.416,0.891711,27.2576,10.6774,15000,0.209147,100,5.73527,0.11181,0.848827,1.06153,0.766913,45.24,0.0594889,1243.52,14.6473,0.00268237,844.135,1.70426,0.0991977,2.12939e-05
123,8.18288,0.652248,0.000363571,41.1933,0.705025,1.05841,0.110619,0.703494,8.30523,2.61073,24.2129,2.25708,5846.22,0.0581151,100,32.5069,0.0137285,1.08943,1.06145,0.856707,28.1374,0.0262272,2882.45,7.6789,0.284757,364.411,1.57492,0.057449,6.16237e-06
124,6.7791,0.852516,0.00127633,12.893,0.500965,1.1,0.00112874,0.0416462,10.2546,1.48914,19.9291,21.8055,1197.46,0.0502613,51.5364,2,0.0709524,0.792499,1.02777,0.777669,50,0.0341531,2768.32,5.21218,0.392601,307.027,1.64731,0.059801,2.53506e-06
125,6.97421,1,0.00825017,48.5968,0.722905,1.1,0.0455855,0.28918,63.0877,2.95458,30,28.6321,3723.35,0.0730013,89.7144,13.8157,0.122757,1.10164,1.01321,0.799751,34.8583,0.0427614,2066.49,17.7341,0.190615,273.791,1.42955,0.05,1.69176e-05
126,5.15192,0.969715,0.00189537,13.0874,0.311933,0.895926,0.114479,0.045829,39.9213,6.96617,24.9314,5.55836,13146.4,0.0524039,12.6731,3.8594,0.014429,1.09422,1.00922,0.815454,29.0543,0.02,1524.62,8.70852,0.245199,679.904,1.74278,0.0844509,6.9915e-06
127,6.23937,1,0.01,60.7678,1.17371,0.971812,0.143294,0.36823,0.337666,3.54281,12.4493,7.10736,5990.48,0.0814133,100,30.5023,0.0255619,0.807234,1.03574,0.87063,39.1902,0.0413178,2164.05,4.85772,0,573.306,1.78566,0.0762922,8.38333e-05
128,3.50894,1,0.00235452,33.4356,1.73779,1.03843,0.224233,0.239775,32.1483,5.20243,22.9354,5.65115,5547.48,0.107296,100,3.52652,0.170457,0.696888,1.09326,0.804945,45.471,0.0527534,993.929,18.3408,0.00908484,609.746,1.72598,0.0572279,2.05591e-05
129,3.78635,1,0.01,48.979,1.26567,1.06916,0.659635,0.105563,2.93206,3.10132,15.758,47.2569,7581.08,0.059693,32.0287,2,0.18198,0.80028,1.09202,0.730472,42.2937,0.0336894,1301.27,7.18427,0.224513,569.666,1.38634,0.05,1.03604e-05
131,8.2922,0.74404,0.00977155,13.6981,1.18749,1.1,0.430699,0.104663,1.02764,4.90687,8.59448,9.74316,4300.91,0.0875895,100,9.85114,0.166338,0.77709,1.0474,0.849296,45.4815,0.0707782,2372.2,2.72169,0.00521706,973.408,1.70505,0.080414,3.08542e-05
132,4.24928,1,0.0024979,19.8224,0.148515,0.809806,0.0612865,0.948201,13.4138,4.22906,30,14.6148,15000,0.131374,100,2,0.0267285,0.5,1.0057,0.920872,40.3936,0.02,1114.73,1.58781,0.336542,583.991,1.77271,0.0922727,9.4047e-06
133,11.812,1,0.01,24.0268,0.716675,1.1,0.0479448,0.911353,32.0383,5.75918,10.4396,16.0788,5202.2,0.140478,100,12.9958,0.0514049,0.997289,1.03219,0.918226,47.9114,0.0376318,1048.06,6.52984,0.108366,948.626,1.55829,0.0560391,4.50339e-06
134,6.18898,1,0.00131644,32.1414,1.41304,1.062,0.0499948,0.166282,18.9171,2.15696,19.3113,4.28881,12931.8,0.0543564,95.6261,2,0.0135901,0.874311,1.06353,0.755807,12.6165,0.0251352,943.047,9.58579,0.167447,970.153,1.46672,0.05,1.59919e-05
136,8.92507,0.846771,0.000159428,33.1604,0.378462,1.1,0.0269637,0.0955103,18.5995,1.63804,30,12.3955,13741.7,0.0926529,45.8386,19.3926,0.424132,0.655687,1.07234,0.893585,50,0.0207403,2686.99,2.9009,0.411132,436.82,1.70902,0.0817871,2.73925e-05
137,3.69725,0.786459,0.01,18.2919,1.25993,1.0227,0.0383364,0.915444,6.83622,9.64756,25.643,8.69416,4803.27,0.0536762,15.3128,2,0.023098,0.5,1.1,0.796629,35.8971,0.0689165,339.513,21.2523,0.461376,591.072,1.62788,0.05821,2.07867e-05
138,3.39727,1,0.01,25.4021,0.853036,1.1,0.0970077,0.0530869,8.97369,2.38326,30,1.75833,3874.16,0.103974,35.39,2,0.0119971,0.5,0.999927,0.740513,50,0.0475231,3185.92,15.5261,0,627.806,1.37834,0.05,4.57858e-06
139,3.45922,1,0.00026896,33.612,0,1.1,0.0305236,0.106021,48.4624,0.670471,30,7.68928,4524.62,0.129749,59.6096,24.8508,0.0461619,1.00953,1.0117,0.913001,50,0.0416232,1946.36,4.64804,0,893.293,1.72251,0.0696049,1.31683e-05
140,5.10753,1,0.01,12.4907,1.25648,0.730143,0.162034,1.54246,7.81514,0.698986,12.398,15.0499,15000,0.0501242,67.8862,14.2993,0.0494132,0.707172,1.03589,0.803892,20.2653,0.0406307,769.612,8.39271,0,960.901,1.42636,0.0592751,5.42155e-06
141,3.84044,1,0.00563633,88.1802,0,1.1,0.0263674,1.34429,52.7338,8.19224,26.6994,7.70754,3960.39,0.109378,100,4.29765,0.204079,0.57557,0.986372,0.856017,20.1623,0.0424058,1036.68,2.20151,0.276267,663.748,1.27955,0.05,3.11423e-06
142,8.97827,1,0.00310668,50.2264,1.08112,1.1,0.0906869,0.547613,4.15747,2.18579,30,36.2612,6995.71,0.0499853,19.2672,27.8464,0.136644,0.633789,1.00095,0.690288,42.5325,0.0393906,4168.08,5.81324,0.0906713,669.346,1.54722,0.0626105,1.59087e-05
143,3.74952,0.794193,0.01,84.6776,0,1.06807,0.235116,0.400991,19.2733,1.13057,30,23.6846,3438.11,0.10096,100,16.3186,0.0259411,0.822339,1.02297,0.822902,29.3054,0.0395194,1811.3,2.34974,0.036249,912.308,1.71344,0.0874212,4.43457e-05
144,6.36681,1,0.000210027,95.056,1.14885,1.1,0.0574787,0.343613,173.67,7.1793,17.1318,9.83305,3214.92,0.0795616,100,35.4177,0.0631625,0.755192,1.03774,0.870033,41.0194,0.0347384,2292.7,1.46205,0,1000,1.6536,0.0733539,5.92859e-05
145,6.95851,1,0.01,26.2455,0.976451,1.05894,0.0354127,0.80428,25.8191,4.5776,17.236,16.0479,5560.4,0.045836,27.1051,42.4877,0.222336,0.870377,1.05258,0.854185,27.5074,0.0240336,3122.79,6.81455,0.197492,225.592,1.691,0.0793866,8.93321e-06
146,10.7864,0.829753,0.01,15.0671,0.940555,1.1,0,1.49216,103.951,3.44103,5.69159,7.33653,3998.06,0.0552624,25.9683,56.7744,0.0341556,0.5,1.01858,0.809671,25.1381,0.02,1000.84,6.70505,0.011701,977.879,1.48573,0.0750255,3.24632e-06
147,1.83526,1,0.00257951,17.7498,0.561071,1.02598,0.167967,0.292674,3.75338,9.19688,9.77824,9.10893,8326.96,0.0396834,100,21.423,0.0118192,0.796768,1.00649,0.792507,47.489,0.03936,762.533,1.56248,0.125287,601.055,1.2371,0.081161,2.82629e-05
148,5.60811,1,0.01,39.3223,0,1.1,0.190119,0.2436,58.0691,4.08008,24.5828,10.5488,3575.46,0.105103,90.8081,34.3849,0.120612,0.791386,1.0232,0.827544,28.0531,0.0571013,807.64,18.2895,0.410417,920.532,1.6403,0.0736054,1.46983e-06
149,11.0259,0.869674,0.01,45.5033,0,1.01405,0.43047,0.31559,8.50167,1.45862,30,7.08658,8621.26,0.0954276,100,24.4707,0.301187,0.647106,1.05452,0.850284,41.1647,0.0345378,2143.05,5.13818,0,1000,1.76059,0.0850502,1.6338e-05
150,6.3504,0.832428,0.00451903,92.5609,1.30054,1.1,0.369126,1.01267,7.84562,0.949165,30,11.968,5876.41,0.0546987,11.7965,66.0051,0.0839379,0.557353,1.02344,0.817025,37.7438,0.13937,4075.82,1,0,515.753,1.6104,0.0502813,4.24289e-06
151,9.66031,1,0.00266004,18.2258,1.8283,1.1,0.0170515,0.363973,6.27062,4.93092,12.8798,11.6829,9399.45,0.067011,26.2495,7.90288,0.0887317,1.04109,1.00781,0.852874,50,0.0259313,2016.09,9.29558,0.314515,772.229,1.66262,0.0790924,1.76623e-05
152,5.53223,1,0.00797793,7.08884,1.1127,1.1,0.438287,0.0779812,20.6358,9.19777,15.3583,6.79734,2284.96,0.0571061,70.3762,9.01103,0.0809616,0.520591,1.08679,0.805957,48.7823,0.0748188,2984.9,6.82112,0,493.756,1.75946,0.0673669,2.16627e-06
154,2.26932,0.6454,0.0098123,38.4797,1.51949,0.651105,0,0.0745628,6.91978,2.68634,30,100,9665.34,0.0588801,58.6232,2,0.0116583,0.869081,1.07753,0.84251,28.4687,0.0267484,1770.85,6.56289,0.246312,655.235,1.867,0.0798916,1.71442e-06
155,7.50183,1,0.00346741,42.131,0.746316,1.1,0.212893,0.0669959,16.3903,1.60415,20.3715,2.16492,1342.52,0.0658647,67.2426,2,0.0489537,0.702906,1.02586,0.865635,13.8964,0.0243455,1168.82,1.93699,0.266031,886.751,1.44409,0.0687769,3.87339e-06
156,4.88437,1,0.00488542,56.288,0.836631,1.1,0.209373,0.0614236,24.6193,0.943125,30,100,3882.41,0.085051,68.6092,2.44091,0.0427525,0.5,1.03834,0.923476,24.652,0.02,1675.01,14.6466,0.19555,848.345,1.72211,0.08246,3.82763e-06
157,4.18746,1,0.000780838,31.6596,1.35858,1.1,0.0349077,0.522018,200,2.94629,29.5136,3.804,7486.72,0.174719,100,23.4282,0.0530207,0.795175,1.01861,0.757451,31.1514,0.0623622,2056.9,5.08292,0.313516,905.349,1.19626,0.05,4.19693e-06
158,6.52227,0.744463,0.0015667,23.3653,0.880307,1.1,0.0573473,0.0697047,3.62679,2.16813,28.4855,26.6634,9892.33,0.0719868,51.5711,32.4015,0.0335952,0.971975,1.02856,0.762582,37.5743,0.0535331,2398.51,2.53088,0.0360871,405.764,2,0.129694,5.90571e-05
159,4.22145,1,0.00339791,22.9638,2.09544,1.1,0.169569,0.0538219,1.06972,8.20057,14.5334,67.2139,4506,0.0803362,27.7956,19.0079,0.0484114,1.42755,1.02944,0.905232,32.1171,0.072713,1177.67,4.67493,0.0971434,434.764,1.75305,0.0778482,7.84556e-05
160,3.54644,0.956441,0.000832881,33.6043,0.481452,1.1,0.00958021,0.203603,53.2205,5.56966,30,23.1866,9872.82,0.0919075,71.433,11.0928,0.140151,1.09127,1.02513,0.721637,32.9128,0.0443841,2019.61,6.16246,0.274451,988.774,2,0.1414,8.64026e-06
161,3.70875,0.706571,0.00145707,22.0727,0.0237053,0.856934,0.101775,0.400871,4.40026,1.77995,19.5898,1.90984,7389.5,0.064614,71.8665,7.01889,0.0413438,0.604597,1.09189,0.949515,22.0607,0.0389328,1169.16,2.14843,0.329324,572.32,1.75804,0.0583972,1.61459e-05
162,13.7536,0.975328,0.00322784,15.3066,0.209903,1.1,0.0728668,0.402375,3.35252,3.02078,30,8.5808,7094.35,0.0721174,43.7477,3.8123,0.49606,0.56436,1.04998,0.842887,46.3589,0.107721,1339.36,9.87089,0.444874,935.193,1.5572,0.0557581,1.45632e-05
163,9.07205,1,0.00658503,16.4289,1.00935,1.09786,0.0101482,0.0376669,6.72575,5.24843,19.1038,28.1322,2381.71,0.0517181,22.334,2,0.0540424,0.984498,1.08667,0.948124,40.4064,0.0296089,3351.97,2.0887,0.00326291,589.388,1.77284,0.0685697,7.79848e-06
164,3.61967,1,0.00507387,48.4473,0.833703,1.1,0.094652,0.176533,1.65154,1.26726,18.2121,41.7376,4324.34,0.0520228,57.5828,22.7008,0.104167,0.845785,1.01872,0.939221,37.2282,0.0636685,3698.13,4.72963,0.0643885,692.907,1.71236,0.05,7.56721e-05
165,8.48489,1,0.00884582,25.579,0.612031,1.06606,0.0647467,0.132351,168.376,2.90802,20.5606,9.76337,4984.85,0.0538367,65.6289,15.7934,0.0162782,0.823708,1.01357,0.894041,50,0.0258127,3233.35,4.82328,0.47067,678.496,1.49332,0.05,2.72924e-06
166,10.166,1,0.000268812,6.39925,0.461994,1.1,0.255951,0.0384483,10.865,2.12002,25.7948,2.28763,15000,0.0735369,100,2,0.0930425,0.842278,1.1,0.923317,22.3666,0.0268973,838.195,14.1173,0,394.881,1.99949,0.117717,2.30724e-05
167,6.05182,1,0.00469511,30.366,0.733774,1.07116,0.0833888,0.216539,13.4767,2.93577,20.2363,11.6562,7877.77,0.0602282,63.7616,13.2146,0.0558233,0.718605,1.02228,0.838101,38.701,0.040092,2378.06,7.03237,0.13893,722.496,1.72085,0.0736691,9.68652e-06
168,12.0595,1,0.00041337,67.7285,2.13037,1.1,0.0438338,0.159957,0.944623,6.51487,30,17.1411,15000,0.117993,100,27.145,0.0296069,0.807376,1.00879,0.925461,38.2514,0.053494,4174.74,10.7501,0.0208826,688.694,1.72304,0.0751933,2.26835e-05
169,6.40868,1,0.00235887,36.2171,0.890329,1.1,0.136256,0.271837,15.6851,2.58125,23.7852,12.1577,5655.15,0.0524728,61.5049,14.2606,0.0585325,0.766696,1.03728,0.859599,38.8622,0.0453693,2052,7.12788,0.171037,698.284,1.64733,0.0735409,9.16894e-06
170,8.52619,1,0.00104933,21.0802,1.58205,1.1,0.0506232,0.316456,44.6398,4.07234,30,10.5501,15000,0.0730003,29.7666,7.73722,0.381431,0.847014,1.00106,0.92051,50,0.0324608,1110.87,17.4813,0.107409,661.008,1.74249,0.0912468,2.60694e-05
171,3.41711,1,0.00126968,24.7579,0.615267,1.00254,0.0683443,0.146029,13.2497,2.13264,27.6503,19.625,6834.18,0.0912494,100,3.75387,0.0690492,0.612905,1.00379,0.783441,42.5678,0.0200768,3468.8,4.05346,0.0846625,810.774,1.42717,0.102093,3.78871e-05
172,4.5264,1,0.01,29.2781,2.55057,0.897109,0,0.270062,4.72054,4.05952,30,3.77104,15000,0.0657542,44.3207,17.1523,0.107626,0.5,1.07022,0.886624,28.7999,0.0621698,848.506,7.62853,0.126988,778.496,2,0.117262,4.94757e-05
173,8.46357,1,0.00195693,27.0326,0.0832725,1.1,0.0191075,1.23987,71.9639,3.23699,30,7.74708,8498.55,0.132945,91.0414,61.3169,0.0177824,0.532075,0.986216,0.947713,24.4472,0.048534,3451.44,2.41183,0.107721,152.775,1.44959,0.05,1.13546e-05
174,3.74338,1,0.01,37.9253,1.69613,0.973455,0.0939794,0.275768,66.104,3.49501,30,10.8126,11727.2,0.0676899,56.2566,14.6479,0.189193,0.693503,1.02635,0.873264,43.5472,0.0395062,2763,12.0926,0.186274,927.175,1.72248,0.0795224,1.85528e-06
175,4.09172,0.95991,0.0030965,37.2227,0.262314,0.764885,0.167351,0.380207,4.94841,2.88727,22.4867,19.0058,12334.1,0.0731343,80.3131,8.67413,0.0306089,0.749386,1.06844,0.829678,34.7586,0.0320454,750.167,4.60129,0.285487,961.445,1.53987,0.051708,2.34819e-05
176,3.30732,0.969541,0.0028454,32.6456,0.512588,1.1,0.323802,1.7248,200,4.90749,30,13.6924,9589.77,0.0746077,45.5071,31.1394,0.0284588,1.10955,1.03368,0.843986,49.4281,0.0352597,2358.24,6.47385,0.334123,853.325,1.5186,0.073756,1.60122e-05
177,3.70734,1,0.00685079,39.2406,0.151219,1.1,0.424833,0.108789,88.9689,6.37832,30,5.38971,2106.63,0.0492748,60.2312,2,0.0346574,0.648996,1.01861,0.915135,50,0.0256237,1135,4.37368,0.109828,920.469,1.57819,0.05,3.66153e-05
178,6.3842,0.923382,0.00451971,10.2793,0.261208,1.1,0.0811128,0.438194,0.307515,4.65244,20.2299,31.2652,3010.91,0.0554174,40.1819,2,0.105183,0.887829,1.05217,0.865094,48.8348,0.0511338,3034.47,1.14135,0.0161134,679.331,1.45598,0.0688949,1.56591e-06
179,7.16949,0.988339,0.00986392,30.3705,0,1.02516,0.0896999,1.66596,23.1723,6.25206,26.205,29.8906,8780.39,0.0658221,71.4718,33.1796,0.0287472,0.582395,1.0431,0.764131,40.087,0.0260397,1437.62,12.726,0.0332417,453.072,1.74561,0.083525,2.68511e-06
180,4.0579,0.949214,0.00834936,48.3652,0,0.898822,0.257185,0.585301,25.6195,2.61904,17.5704,49.6679,13494.7,0.0976588,100,2,0.107571,1.19235,1.05246,0.864613,34.1766,0.0280049,1691.82,17.5037,0.242623,1000,1.62743,0.0611709,4.45415e-06
181,4.85862,1,0.0087226,94.6334,0.115354,1.1,0.0945703,0.457877,4.89115,1.29534,12.0638,10.8339,5885.65,0.0585053,18.3594,2,0.0399515,1.59405,0.995442,0.895066,41.0352,0.0215203,2220.46,5.64956,0,437.039,1.42235,0.0677741,3.53252e-06
182,5.13554,1,0.00287075,45.6915,2.03621,1.1,0.493111,0.0743432,10.1414,0.617664,22.0312,9.38355,6411.16,0.046536,34.499,19.3248,0.0679252,0.584276,1.04327,0.866021,28.7467,0.0289024,1859.08,5.89151,0.0231264,940.774,1.55792,0.0527934,6.2572e-06
183,6.12713,1,0.00820505,65.1549,0.286781,1.1,0.0173195,0.689313,43.9691,3.00791,16.3879,3.76338,2002.76,0.0996766,58.0106,14.5697,0.0138837,0.962,1.01528,0.870158,30.6226,0.0548085,1078.38,3.76796,0.180275,759.267,2,0.127734,7.65966e-06
184,6.87227,1,0.00113216,21.7948,0.742107,1.1,0.0670833,0.168756,20.7856,3.56919,28.4331,18.5889,9874.61,0.0589998,61.0367,14.4861,0.0597977,0.659264,1.02242,0.8167,41.0958,0.0526508,2567.46,6.13107,0.0814978,728.4,1.54511,0.0811631,8.33786e-06
185,5.98879,1,0.00432809,30.6795,0.680943,1.0975,0.0739212,0.222168,14.2083,2.87601,23.1524,11.6712,7657.34,0.0602763,66.6105,12.1258,0.0593918,0.705951,1.02712,0.841739,38.9714,0.0387851,2420.58,7.03077,0.128969,713.875,1.74477,0.0719957,9.65872e-06
186,4.74511,1,0.01,89.251,0.80406,0.922328,0.00439027,0.478508,69.5286,9.70666,29.9505,8.54522,8606.07,0.0499841,65.6197,9.45075,0.0299573,0.749684,1.02614,0.68191,23.9798,0.0272805,3367.33,1.39115,0.19654,826.687,1.29546,0.101244,2.14696e-05
187,5.64886,1,0.00532321,31.4906,0.214042,1.1,0.144436,1.23871,111.173,2.83061,17.9751,44.496,3335.08,0.0581757,79.3472,3.04556,0.0304157,0.637263,1.0106,0.895784,48.0239,0.040141,1787.21,11.168,0.0635231,1000,1.63923,0.0696272,1.53407e-06
188,2.09367,0.779959,0.0020336,32.9211,1.33418,0.556154,0,0.0168151,0.89468,4.42289,28.2892,17.9223,15000,0.0577947,100,2,0.128788,0.574598,1.04142,0.784768,47.843,0.0275761,907.849,9.17803,0.466525,766.03,1.2951,0.05,2.52842e-05
189,6.7501,1,0.01,32.423,0.490212,1.04958,0.0868912,0.0323401,1.44833,2.432,21.9006,3.36957,7101.57,0.0874051,100,24.1246,0.0268416,0.963083,0.990272,0.82819,36.2206,0.0265581,1035.3,7.73878,0.0767834,728.341,1.39786,0.05,3.03568e-05
190,3.8889,1,0.00752331,29.3078,1.16621,1.1,0.0722181,1.15911,0.506842,3.21924,30,35.8544,2477.17,0.144536,15.0048,2,0.0452454,1.10685,1.03304,0.936585,30.2457,0.02,2127.91,3.3843,0.00266676,277.684,1.84286,0.0789022,1.90502e-05
191,4.87488,0.730675,0.00330754,23.1751,1.02717,1.00614,0.0326094,0.122021,10.0816,3.8101,24.5386,43.0377,11011.4,0.073342,19.9344,2,0.0117019,0.563546,1.04669,0.827438,35.3323,0.0221403,1006.66,4.60561,0.0383304,907.679,1.56323,0.06032,6.92949e-06
192,4.14048,1,0.00454942,37.4111,1.71787,1.1,0.0748259,0.0664398,7.7757,5.49993,15.9902,4.34171,6258.85,0.0684166,38.6505,2,0.0476983,0.609837,1.01984,0.900277,29.9722,0.02,832.588,2.89546,0.133689,994.51,1.54854,0.05,2.50185e-06
193,7.74332,0.997304,0.00241389,23.1225,0.95958,1.1,0.0102964,0.238419,5.38509,2.43901,28.839,6.19762,7382.48,0.0566631,59.2032,28.1446,0.0730641,0.686354,1.00711,0.887398,37.5794,0.0369457,2627.64,8.59287,0.17706,652.661,1.15146,0.05,1.99029e-06
194,7.65524,0.954418,0.0059961,15.0371,1.50713,1.0522,0.0172392,1.14408,58.6389,2.50241,26.6583,12.3148,6069.93,0.243139,100,4.40398,0.0707534,0.736567,1.03246,0.86477,50,0.02,1128.45,10.5309,0,964.266,1.45895,0.0572859,1.52873e-05
195,5.38244,0.690754,0.00201035,25.2429,2.24498,1.1,0.232235,0.184362,20.257,3.23275,30,100,5556.62,0.0819031,12.9472,49.8089,0.0162574,0.767249,1.01583,0.799128,50,0.0440003,2644.44,13.9388,0,935.845,1.71912,0.102945,2.93032e-05
196,6.05618,1,0.00418616,30.6538,0.785126,1.04956,0.110371,0.215381,16.1097,3.35959,20.9934,11.7446,7374.9,0.056934,73.2598,13.0046,0.0532479,0.73471,1.02635,0.832159,39.9375,0.0391463,2161.51,6.86659,0.152001,722.333,1.60406,0.0717449,1.07121e-05
197,3.47403,1,0.0093427,6.10829,0.190603,0.773808,0.308117,0.295879,15.9796,4.75687,6.9626,5.28674,12674.7,0.0648683,62.5649,14.0676,0.0351412,0.685514,1.03519,0.811548,43.9771,0.0209006,4445.76,6.5552,0.281239,994.171,1.82717,0.101685,1.81654e-05
198,3.77626,1,0.01,80.0462,2.03453,1.1,0.0553697,0.431913,8.94924,4.0875,11.7031,100,5468.24,0.0839375,42.4683,4.7677,0.0272685,0.97827,1.08788,0.825138,50,0.0538306,2210.71,3.83269,0.175684,852.273,1.60521,0.05,1.10787e-05
base,4.03566,1,0.00317229,27.7888,0.579356,1.07735,0.0245428,0.333202,13.16,2.42522,19.5258,11.8548,5694.96,0.0572252,68.1653,8.11413,0.0551645,0.746229,1.02833,0.85578,37.5751,0.036049,2120.8,4.84411,0.0142451,712.703,1.48104,0.0772738,8.20845e-06
