date,flow_cms
2003-01-01,121.93
2003-02-01,87.92
2003-03-01,272.46
2003-04-01,103.87
2003-05-01,185.53
2003-06-01,145.52
2003-07-01,286.0
2003-08-01,105.71
2003-09-01,194.28
2003-10-01,95.14
2003-11-01,160.9
2003-12-01,198.61
2004-01-01,306.95
2004-02-01,158.69
2004-03-01,126.75
2004-04-01,106.24
2004-05-01,191.34
2004-06-01,229.99
2004-07-01,60.68
2004-08-01,36.56
2004-09-01,19.75
2004-10-01,23.83
2004-11-01,55.84
2004-12-01,74.59
2005-01-01,662.9
2005-02-01,194.62
2005-03-01,135.01
2005-04-01,187.51
2005-05-01,115.45
2005-06-01,56.1
2005-07-01,51.23
2005-08-01,23.22
2005-09-01,65.07
2005-10-01,65.04
2005-11-01,125.67
2005-12-01,134.82
2006-01-01,160.22
2006-02-01,148.32
2006-03-01,190.06
2006-04-01,133.26
2006-05-01,121.93
2006-06-01,154.33
2006-07-01,79.97
2006-08-01,40.72
2006-09-01,51.48
2006-10-01,168.2
2006-11-01,110.92
2006-12-01,254.0
2007-01-01,361.04
2007-02-01,120.43
2007-03-01,511.4
2007-04-01,197.31
2007-05-01,72.15
2007-06-01,41.82
2007-07-01,31.38
2007-08-01,26.99
2007-09-01,23.87
2007-10-01,25.61
2007-11-01,44.77
2007-12-01,216.4
2008-01-01,190.26
2008-02-01,286.0
2008-03-01,588.99
2008-04-01,185.45
2008-05-01,189.69
2008-06-01,269.43
2008-07-01,107.18
2008-08-01,31.04
2008-09-01,22.35
2008-10-01,19.46
2008-11-01,19.65
2008-12-01,98.49
2009-01-01,45.0
2009-02-01,197.85
2009-03-01,63.0
2009-04-01,149.23
2009-05-01,173.36
2009-06-01,76.17
2009-07-01,45.51
2009-08-01,38.48
2009-09-01,25.62
2009-10-01,51.06
2009-11-01,41.4
2009-12-01,106.92
2010-01-01,107.32
2010-02-01,69.46
2010-03-01,345.75
2010-04-01,111.71
2010-05-01,136.06
2010-06-01,198.7
2010-07-01,56.07
2010-08-01,26.37
2010-09-01,14.85
2010-10-01,15.24
2010-11-01,32.45
2010-12-01,50.23
2011-01-01,51.82
2011-02-01,217.33
2011-03-01,433.81
2011-04-01,532.92
2011-05-01,430.13
2011-06-01,121.2
2011-07-01,45.0
2011-08-01,28.21
2011-09-01,62.98
2011-10-01,94.1
2011-11-01,221.61
2011-12-01,460.43
2012-01-01,306.67
2012-02-01,120.26
2012-03-01,123.74
2012-04-01,60.54
2012-05-01,116.47
2012-06-01,37.97
2012-07-01,23.85
2012-08-01,20.24
2012-09-01,28.77
2012-10-01,39.39
2012-11-01,35.28
2012-12-01,76.23
2013-01-01,210.39
2013-02-01,109.47
2013-03-01,226.11
2013-04-01,238.77
2013-05-01,92.85
2013-06-01,76.06
2013-07-01,113.24
2013-08-01,33.24
2013-09-01,25.84
2013-10-01,57.31
2013-11-01,83.53
2013-12-01,293.93
2014-01-01,158.66
2014-02-01,219.4
2014-03-01,133.29
2014-04-01,312.9
2014-05-01,184.85
2014-06-01,176.39
2014-07-01,57.43
2014-08-01,38.79
2014-09-01,28.57
2014-10-01,23.25
2014-11-01,29.05
2014-12-01,63.46
2015-01-01,113.13
2015-02-01,69.83
2015-03-01,245.05
2015-04-01,254.11
2015-05-01,69.83
2015-06-01,276.6
2015-07-01,249.75
2015-08-01,57.48
2015-09-01,27.89
2015-10-01,35.31
2015-11-01,49.1
2015-12-01,213.45
2016-01-01,162.57
2016-02-01,188.9
2016-03-01,252.64
2016-04-01,151.47
2016-05-01,87.39
2016-06-01,48.17
2016-07-01,31.01
2016-08-01,37.21
2016-09-01,34.15
2016-10-01,37.01
2016-11-01,22.53
2016-12-01,68.72
2017-01-01,199.97
2017-02-01,94.29
2017-03-01,195.27
2017-04-01,146.94
2017-05-01,312.62
2017-06-01,138.98
2017-07-01,210.59
2017-08-01,40.72
2017-09-01,31.77
2017-10-01,39.59
2017-11-01,242.82
2017-12-01,61.48
2018-01-01,169.11
2018-02-01,366.7
2018-03-01,234.55
2018-04-01,373.78
2018-05-01,83.82
2018-06-01,106.05
2018-07-01,47.88
2018-08-01,50.32
2018-09-01,154.35
2018-10-01,44.57
2018-11-01,286.85
2018-12-01,230.24
2019-01-01,304.12
2019-02-01,496.96
2019-03-01,221.41
2019-04-01,305.82
2019-05-01,290.53
2019-06-01,296.76
2019-07-01,81.41
2019-08-01,39.36
2019-09-01,23.72
2019-10-01,23.28
2019-11-01,29.85
2019-12-01,54.57
2020-01-01,225.18
2020-02-01,181.57
2020-03-01,331.31
2020-04-01,143.31
2020-05-01,233.36
2020-06-01,70.42
2020-07-01,37.94
2020-08-01,35.74
2020-09-01,32.54
2020-10-01,49.64
2020-11-01,85.69
2020-12-01,67.54
2021-01-01,109.7
2021-02-01,113.89
2021-03-01,249.73
2021-04-01,74.36
2021-05-01,158.89
2021-06-01,142.58
2021-07-01,116.44
2021-08-01,34.89
2021-09-01,48.45
2021-10-01,81.52
2021-11-01,70.91
2021-12-01,205.72
2022-01-01,177.91
2022-02-01,371.52
2022-03-01,281.41
2022-04-01,155.86
2022-05-01,230.33
2022-06-01,140.05
2022-07-01,86.48
2022-08-01,35.4
2022-09-01,45.08
2022-10-01,21.11
2022-11-01,23.11
2022-12-01,22.82
2023-01-01,88.69
2023-02-01,74.08
2023-03-01,322.53
2023-04-01,150.22
2023-05-01,115.62
2023-06-01,66.18
2023-07-01,57.2
2023-08-01,37.94
2023-09-01,18.49
2023-10-01,18.99
2023-11-01,20.93
2023-12-01,21.73
