well_id,head_mean_m,layer,row,clo
1,283.595,1,49,50
2,328.452,1,64,15
3,302.209,1,54,82
4,302.179,1,52,73
5,156.935,1,180,26
6,158.072,1,177,27
7,159.862,1,176,28
8,159.182,1,176,30
9,162.888,1,176,31
10,165.147,1,174,29
11,164.568,1,173,32
12,165.729,1,174,35
13,170.536,1,169,35
14,171.974,1,165,35
15,174.291,1,164,36
16,181.447,1,160,39
17,185.834,1,159,40
18,183.944,1,159,40
19,184.611,1,159,41
20,186.736,1,159,41
21,187.574,1,159,41
22,187.751,1,158,43
23,188.01,1,156,47
24,188.501,1,154,51
25,188.016,1,150,50
26,190.89,1,151,50
27,197.596,1,148,54
28,197.776,1,147,54
29,197.388,1,147,55
30,199.489,1,147,57
31,201.86,1,146,55
32,201.97,1,145,55
33,201.061,1,146,56
34,201.32,1,145,59
35,204.649,1,144,55
36,207.035,1,138,59
37,268.666,1,134,33
38,212.513,1,133,63
39,248.884,1,126,54
40,267.846,1,126,40
41,278.843,1,123,34
42,279.563,1,123,34
43,280.739,1,123,34
44,329.129,1,122,23
45,327.053,1,121,23
46,212.568,1,124,69
47,207.599,1,124,69
48,211.074,1,123,68
49,216.46,1,121,69
50,216.938,1,121,69
51,216.883,1,121,69
52,222.217,1,119,69
53,223.47,1,116,71
54,225.531,1,114,71
55,223.452,1,114,71
56,296.406,1,106,38
57,310.323,1,105,39
58,253.231,1,107,84
59,263.195,1,107,92
60,256.629,1,106,87
61,254.929,1,104,87
62,312.807,1,97,113
63,282.519,1,100,103
64,265.222,1,99,84
65,249.034,1,98,74
66,241.341,1,95,72
67,267.752,1,96,60
68,266.956,1,95,55
69,275.207,1,90,52
70,263.32,1,90,61
71,307.046,1,94,84
72,307.86,1,78,107
73,251.658,1,84,66
74,274.719,1,80,66
75,277.755,1,76,69
76,276.036,1,73,67
77,270.528,1,70,62
78,269.483,1,69,61
79,276.338,1,68,61
80,269.757,1,68,61
81,271.077,1,67,61
82,289.871,1,64,49
83,186.852,1,159,41
84,187.803,1,158,43
85,201.278,1,144,59
