obs_type,identifier,obs_value
flow,2003-01-01,121.93
flow,2003-02-01,87.92
flow,2003-03-01,272.46
flow,2003-04-01,103.87
flow,2003-05-01,185.53
flow,2003-06-01,145.52
flow,2003-07-01,286.0
flow,2003-08-01,105.71
flow,2003-09-01,194.28
flow,2003-10-01,95.14
flow,2003-11-01,160.9
flow,2003-12-01,198.61
flow,2004-01-01,306.95
flow,2004-02-01,158.69
flow,2004-03-01,126.75
flow,2004-04-01,106.24
flow,2004-05-01,191.34
flow,2004-06-01,229.99
flow,2004-07-01,60.68
flow,2004-08-01,36.56
flow,2004-09-01,19.75
flow,2004-10-01,23.83
flow,2004-11-01,55.84
flow,2004-12-01,74.59
flow,2005-01-01,662.9
flow,2005-02-01,194.62
flow,2005-03-01,135.01
flow,2005-04-01,187.51
flow,2005-05-01,115.45
flow,2005-06-01,56.1
flow,2005-07-01,51.23
flow,2005-08-01,23.22
flow,2005-09-01,65.07
flow,2005-10-01,65.04
flow,2005-11-01,125.67
flow,2005-12-01,134.82
flow,2006-01-01,160.22
flow,2006-02-01,148.32
flow,2006-03-01,190.06
flow,2006-04-01,133.26
flow,2006-05-01,121.93
flow,2006-06-01,154.33
flow,2006-07-01,79.97
flow,2006-08-01,40.72
flow,2006-09-01,51.48
flow,2006-10-01,168.2
flow,2006-11-01,110.92
flow,2006-12-01,254.0
flow,2007-01-01,361.04
flow,2007-02-01,120.43
flow,2007-03-01,511.4
flow,2007-04-01,197.31
flow,2007-05-01,72.15
flow,2007-06-01,41.82
flow,2007-07-01,31.38
flow,2007-08-01,26.99
flow,2007-09-01,23.87
flow,2007-10-01,25.61
flow,2007-11-01,44.77
flow,2007-12-01,216.4
flow,2008-01-01,190.26
flow,2008-02-01,286.0
flow,2008-03-01,588.99
flow,2008-04-01,185.45
flow,2008-05-01,189.69
flow,2008-06-01,269.43
flow,2008-07-01,107.18
flow,2008-08-01,31.04
flow,2008-09-01,22.35
flow,2008-10-01,19.46
flow,2008-11-01,19.65
flow,2008-12-01,98.49
flow,2009-01-01,45.0
flow,2009-02-01,197.85
flow,2009-03-01,63.0
flow,2009-04-01,149.23
flow,2009-05-01,173.36
flow,2009-06-01,76.17
flow,2009-07-01,45.51
flow,2009-08-01,38.48
flow,2009-09-01,25.62
flow,2009-10-01,51.06
flow,2009-11-01,41.4
flow,2009-12-01,106.92
flow,2010-01-01,107.32
flow,2010-02-01,69.46
flow,2010-03-01,345.75
flow,2010-04-01,111.71
flow,2010-05-01,136.06
flow,2010-06-01,198.7
flow,2010-07-01,56.07
flow,2010-08-01,26.37
flow,2010-09-01,14.85
flow,2010-10-01,15.24
flow,2010-11-01,32.45
flow,2010-12-01,50.23
flow,2011-01-01,51.82
flow,2011-02-01,217.33
flow,2011-03-01,433.81
flow,2011-04-01,532.92
flow,2011-05-01,430.13
flow,2011-06-01,121.2
flow,2011-07-01,45.0
flow,2011-08-01,28.21
flow,2011-09-01,62.98
flow,2011-10-01,94.1
flow,2011-11-01,221.61
flow,2011-12-01,460.43
flow,2012-01-01,306.67
flow,2012-02-01,120.26
flow,2012-03-01,123.74
flow,2012-04-01,60.54
flow,2012-05-01,116.47
flow,2012-06-01,37.97
flow,2012-07-01,23.85
flow,2012-08-01,20.24
flow,2012-09-01,28.77
flow,2012-10-01,39.39
flow,2012-11-01,35.28
flow,2012-12-01,76.23
flow,2013-01-01,210.39
flow,2013-02-01,109.47
flow,2013-03-01,226.11
flow,2013-04-01,238.77
flow,2013-05-01,92.85
flow,2013-06-01,76.06
flow,2013-07-01,113.24
flow,2013-08-01,33.24
flow,2013-09-01,25.84
flow,2013-10-01,57.31
flow,2013-11-01,83.53
flow,2013-12-01,293.93
flow,2014-01-01,158.66
flow,2014-02-01,219.4
flow,2014-03-01,133.29
flow,2014-04-01,312.9
flow,2014-05-01,184.85
flow,2014-06-01,176.39
flow,2014-07-01,57.43
flow,2014-08-01,38.79
flow,2014-09-01,28.57
flow,2014-10-01,23.25
flow,2014-11-01,29.05
flow,2014-12-01,63.46
flow,2015-01-01,113.13
flow,2015-02-01,69.83
flow,2015-03-01,245.05
flow,2015-04-01,254.11
flow,2015-05-01,69.83
flow,2015-06-01,276.6
flow,2015-07-01,249.75
flow,2015-08-01,57.48
flow,2015-09-01,27.89
flow,2015-10-01,35.31
flow,2015-11-01,49.1
flow,2015-12-01,213.45
flow,2016-01-01,162.57
flow,2016-02-01,188.9
flow,2016-03-01,252.64
flow,2016-04-01,151.47
flow,2016-05-01,87.39
flow,2016-06-01,48.17
flow,2016-07-01,31.01
flow,2016-08-01,37.21
flow,2016-09-01,34.15
flow,2016-10-01,37.01
flow,2016-11-01,22.53
flow,2016-12-01,68.72
flow,2017-01-01,199.97
flow,2017-02-01,94.29
flow,2017-03-01,195.27
flow,2017-04-01,146.94
flow,2017-05-01,312.62
flow,2017-06-01,138.98
flow,2017-07-01,210.59
flow,2017-08-01,40.72
flow,2017-09-01,31.77
flow,2017-10-01,39.59
flow,2017-11-01,242.82
flow,2017-12-01,61.48
flow,2018-01-01,169.11
flow,2018-02-01,366.7
flow,2018-03-01,234.55
flow,2018-04-01,373.78
flow,2018-05-01,83.82
flow,2018-06-01,106.05
flow,2018-07-01,47.88
flow,2018-08-01,50.32
flow,2018-09-01,154.35
flow,2018-10-01,44.57
flow,2018-11-01,286.85
flow,2018-12-01,230.24
flow,2019-01-01,304.12
flow,2019-02-01,496.96
flow,2019-03-01,221.41
flow,2019-04-01,305.82
flow,2019-05-01,290.53
flow,2019-06-01,296.76
flow,2019-07-01,81.41
flow,2019-08-01,39.36
flow,2019-09-01,23.72
flow,2019-10-01,23.28
flow,2019-11-01,29.85
flow,2019-12-01,54.57
flow,2020-01-01,225.18
flow,2020-02-01,181.57
flow,2020-03-01,331.31
flow,2020-04-01,143.31
flow,2020-05-01,233.36
flow,2020-06-01,70.42
flow,2020-07-01,37.94
flow,2020-08-01,35.74
flow,2020-09-01,32.54
flow,2020-10-01,49.64
flow,2020-11-01,85.69
flow,2020-12-01,67.54
flow,2021-01-01,109.7
flow,2021-02-01,113.89
flow,2021-03-01,249.73
flow,2021-04-01,74.36
flow,2021-05-01,158.89
flow,2021-06-01,142.58
flow,2021-07-01,116.44
flow,2021-08-01,34.89
flow,2021-09-01,48.45
flow,2021-10-01,81.52
flow,2021-11-01,70.91
flow,2021-12-01,205.72
flow,2022-01-01,177.91
flow,2022-02-01,371.52
flow,2022-03-01,281.41
flow,2022-04-01,155.86
flow,2022-05-01,230.33
flow,2022-06-01,140.05
flow,2022-07-01,86.48
flow,2022-08-01,35.4
flow,2022-09-01,45.08
flow,2022-10-01,21.11
flow,2022-11-01,23.11
flow,2022-12-01,22.82
flow,2023-01-01,88.69
flow,2023-02-01,74.08
flow,2023-03-01,322.53
flow,2023-04-01,150.22
flow,2023-05-01,115.62
flow,2023-06-01,66.18
flow,2023-07-01,57.2
flow,2023-08-01,37.94
flow,2023-09-01,18.49
flow,2023-10-01,18.99
flow,2023-11-01,20.93
flow,2023-12-01,21.73
head,1,283.595
head,2,328.452
head,3,302.209
head,4,302.179
head,5,156.935
head,6,158.072
head,7,159.862
head,8,159.182
head,9,162.888
head,10,165.147
head,11,164.568
head,12,165.729
head,13,170.536
head,14,171.974
head,15,174.291
head,16,181.447
head,17,185.834
head,18,183.944
head,19,184.611
head,20,186.736
head,21,187.574
head,22,187.751
head,23,188.01
head,24,188.501
head,25,188.016
head,26,190.89
head,27,197.596
head,28,197.776
head,29,197.388
head,30,199.489
head,31,201.86
head,32,201.97
head,33,201.061
head,34,201.32
head,35,204.649
head,36,207.035
head,37,268.666
head,38,212.513
head,39,248.884
head,40,267.846
head,41,278.843
head,42,279.563
head,43,280.739
head,44,329.129
head,45,327.053
head,46,212.568
head,47,207.599
head,48,211.074
head,49,216.46
head,50,216.938
head,51,216.883
head,52,222.217
head,53,223.47
head,54,225.531
head,55,223.452
head,56,296.406
head,57,310.323
head,58,253.231
head,59,263.195
head,60,256.629
head,61,254.929
head,62,312.807
head,63,282.519
head,64,265.222
head,65,249.034
head,66,241.341
head,67,267.752
head,68,266.956
head,69,275.207
head,70,263.32
head,71,307.046
head,72,307.86
head,73,251.658
head,74,274.719
head,75,277.755
head,76,276.036
head,77,270.528
head,78,269.483
head,79,276.338
head,80,269.757
head,81,271.077
head,82,289.871
head,83,186.852
head,84,187.803
head,85,201.278
