obsnme,group,observed,prior_p05,prior_p50,prior_p95,post_p05,post_median,post_p95,post_width,prior_width,post_bias,in_post_90
flow_200301_sim,flow_cal,121.93,73.85950000000001,84.305,94.842,73.85620386337779,84.48827405650863,94.83713261221568,20.980928748837897,20.982499999999987,-37.44172594349138,False
flow_200302_sim,flow_cal,87.92,104.58,215.7,228.54,104.57918314729876,215.20521339127973,228.6411258674707,124.06194272017193,123.96,127.28521339127973,False
flow_200303_sim,flow_cal,272.46,207.73000000000002,300.25,350.12,207.73565613647835,298.6885370700503,350.33124241300146,142.5955862765231,142.39,26.228537070050322,True
flow_200304_sim,flow_cal,103.87,58.1145,79.515,143.725,58.1208756829549,79.54431266359742,143.8876992540664,85.7668235711115,85.6105,-24.32568733640258,True
flow_200305_sim,flow_cal,185.53,97.536,233.35000000000002,438.98499999999996,97.5439664662553,233.48806823631475,439.8081799194371,342.2642134531818,341.44899999999996,47.958068236314745,True
flow_200306_sim,flow_cal,145.52,66.4195,119.25,255.33,66.40510647174612,119.34175681346501,255.77086107019446,189.36575459844835,188.9105,-26.178243186535,True
flow_200307_sim,flow_cal,286.0,70.88799999999999,222.75,437.425,70.89349424388975,222.89948188071463,438.31910386792754,367.4256096240378,366.53700000000003,-63.10051811928537,True
flow_200308_sim,flow_cal,105.71,55.316,97.225,220.435,55.30644211833368,97.30104462594659,220.7442417689061,165.43779965057243,165.119,-8.408955374053406,True
flow_200309_sim,flow_cal,194.28,68.699,189.55,407.42499999999995,68.72472008785863,189.68710050595277,408.1785554873661,339.4538353995075,338.72599999999994,-4.592899494047231,True
flow_200310_sim,flow_cal,95.14,57.170500000000004,87.62,142.6,57.162741934021305,87.64867341462151,142.76304367133457,85.60030173731326,85.42949999999999,-7.491326585378488,True
flow_200311_sim,flow_cal,160.9,77.478,135.35000000000002,246.95,77.48660376046568,135.40723121307605,247.23679654524383,169.75019278477816,169.47199999999998,-25.49276878692396,True
flow_200312_sim,flow_cal,198.61,81.264,127.95,204.61499999999998,81.26543994498725,127.99844103224274,204.8302597846321,123.56481983964484,123.35099999999998,-70.61155896775728,True
flow_200401_sim,flow_cal,306.95,138.065,256.45,312.40999999999997,138.04799011068354,250.49084521561582,312.7495524852116,174.70156237452807,174.34499999999997,-56.45915478438417,True
flow_200402_sim,flow_cal,158.69,111.93,173.6,192.625,111.93012179203862,173.46327201460207,192.62578611904638,80.69566432700776,80.695,14.773272014602071,True
flow_200403_sim,flow_cal,126.75,77.3495,96.78,174.905,77.34711878224704,96.81791583403917,175.10273198949312,97.75561320724609,97.5555,-29.93208416596083,True
flow_200404_sim,flow_cal,106.24,58.228,73.68,153.31,58.23636932806674,73.71881558530322,153.50378738978162,95.26741806171488,95.082,-32.521184414696776,True
flow_200405_sim,flow_cal,191.34,73.6055,178.5,371.84000000000003,73.61597111095702,178.6252012552339,372.5399343483397,298.92396323738274,298.2345,-12.714798744766114,True
flow_200406_sim,flow_cal,229.99,77.993,181.8,329.92999999999995,77.97472664126948,181.90542236930864,330.587315757732,252.6125891164625,251.93699999999995,-48.08457763069137,True
flow_200407_sim,flow_cal,60.68,51.33,81.71000000000001,191.31,51.34466400841517,81.76987045261205,191.58477011058824,140.24010610217306,139.98000000000002,21.089870452612054,True
flow_200408_sim,flow_cal,36.56,42.8975,58.144999999999996,170.32000000000002,42.90269501313009,58.20191433724196,170.58962871727923,127.68693370414914,127.42250000000001,21.641914337241957,False
flow_200409_sim,flow_cal,19.75,30.365000000000002,39.83,63.812,30.3743276814079,39.82860095323309,63.83620821031655,33.46188052890865,33.446999999999996,20.078600953233092,False
flow_200410_sim,flow_cal,23.83,38.9265,51.12,158.315,38.91694108680384,51.16428998081414,158.52220815765224,119.60526707084841,119.3885,27.33428998081414,False
flow_200411_sim,flow_cal,55.84,51.548,75.005,242.82500000000002,51.54570977050876,75.09399596227456,243.23459279365056,191.6888830231418,191.27700000000002,19.25399596227456,True
flow_200412_sim,flow_cal,74.59,71.5825,175.5,214.8,71.58432075650582,173.9860755341998,215.0222594536033,143.43793869709748,143.21750000000003,99.39607553419981,True
flow_200501_sim,flow_cal,662.9,216.79500000000002,454.3,602.01,216.82171853865492,449.3063768174001,602.8685390376876,386.04682049903266,385.215,-213.59362318259986,False
flow_200502_sim,flow_cal,194.62,158.6,266.20000000000005,275.34000000000003,158.6049236279142,265.6858811407466,275.49750484463254,116.89258121671836,116.74000000000004,71.06588114074657,True
flow_200503_sim,flow_cal,135.01,91.931,150.60000000000002,205.415,91.93516499750646,150.63510099375821,205.6488444388699,113.71367944136344,113.484,15.625100993758224,True
flow_200504_sim,flow_cal,187.51,77.48400000000001,142.5,281.005,77.4759826107981,142.5850773277483,281.5510049109866,204.0750223001885,203.521,-44.92492267225168,True
flow_200505_sim,flow_cal,115.45,48.079,65.36,138.70499999999998,48.085160764192146,65.39976388079839,138.91772569337763,90.83256492918548,90.62599999999998,-50.050236119201614,True
flow_200506_sim,flow_cal,56.1,34.4655,47.17,95.69000000000001,34.461291811644536,47.174374434891675,95.81090450105687,61.34961268941233,61.22450000000001,-8.925625565108326,True
flow_200507_sim,flow_cal,51.23,36.837,55.24,150.35500000000002,36.84758356487873,55.291069657415676,150.61703495589444,113.7694513910157,113.51800000000001,4.061069657415679,True
flow_200508_sim,flow_cal,23.22,33.5055,55.0,187.91,33.521746698726204,55.066898340962055,188.21278667334073,154.6910399746145,154.40449999999998,31.846898340962056,False
flow_200509_sim,flow_cal,65.07,38.391,61.97,244.12,38.39836362115714,62.071470685904835,244.62926708321615,206.23090346205902,205.729,-2.9985293140951583,True
flow_200510_sim,flow_cal,65.04,37.764,62.84,153.905,37.761526493353095,62.8892705480196,154.16535590249137,116.40382940913827,116.14099999999999,-2.1507294519804034,True
flow_200511_sim,flow_cal,125.67,53.577000000000005,139.75,280.34000000000003,53.591725018531484,139.83527904954389,280.8032009259795,227.21147590744803,226.76300000000003,14.165279049543884,True
flow_200512_sim,flow_cal,134.82,64.78999999999999,175.55,187.72,64.79019282486294,173.41281845228272,187.86409252501664,123.0738997001537,122.93,38.59281845228273,True
flow_200601_sim,flow_cal,160.22,75.90599999999999,126.3,214.82000000000002,75.90221642010398,126.34931019336878,215.10735950654583,139.20514308644186,138.91400000000004,-33.87068980663122,True
flow_200602_sim,flow_cal,148.32,78.00999999999999,118.15,178.70999999999998,78.00202319012361,118.18618247284007,178.93099064518626,100.92896745506265,100.69999999999999,-30.13381752715992,True
flow_200603_sim,flow_cal,190.06,102.96,159.1,250.62,102.95224766012106,159.1563011462411,250.9795369855287,148.02728932540765,147.66000000000003,-30.903698853758897,True
flow_200604_sim,flow_cal,133.26,68.8715,109.75,230.0,68.87001427080973,109.81856064209923,230.39884372493142,161.5288294541217,161.1285,-23.441439357900762,True
flow_200605_sim,flow_cal,121.93,57.91,120.44999999999999,253.52,57.90579523651402,120.53622507074401,254.04466535003147,196.13887011351744,195.61,-1.393774929255997,True
flow_200606_sim,flow_cal,154.33,49.235,96.97,236.525,49.2269545648786,97.11382358038713,237.0293498380166,187.802395273138,187.29000000000002,-57.21617641961288,True
flow_200607_sim,flow_cal,79.97,40.457,58.545,175.015,40.47405853256779,58.60824387864416,175.29751150460265,134.82345297203486,134.558,-21.36175612135584,True
flow_200608_sim,flow_cal,40.72,31.293,41.52,131.32500000000002,31.325902605071548,41.54971183387512,131.49337023169483,100.16746762662328,100.03200000000001,0.8297118338751233,True
flow_200609_sim,flow_cal,51.48,45.3965,65.13,220.34,45.4140114869787,65.21621188024233,220.72082736912677,175.30681588214807,174.9435,13.73621188024233,True
flow_200610_sim,flow_cal,168.2,62.198,133.85,329.055,62.20314985054454,133.96273452785022,329.67580892815516,267.4726590776106,266.857,-34.23726547214977,True
flow_200611_sim,flow_cal,110.92,64.384,97.825,171.11499999999998,64.38259840993183,97.86788847991342,171.33219798551622,106.94959957558439,106.73099999999998,-13.052111520086584,True
flow_200612_sim,flow_cal,254.0,83.7715,200.75,314.7,83.78138794254583,200.69007317673112,315.1989975305419,231.41760958799603,230.92849999999999,-53.30992682326888,True
flow_200701_sim,flow_cal,361.04,164.395,337.35,452.405,164.41532477097755,333.1307243946126,453.06666747382025,288.6513427028427,288.01,-27.909275605387393,True
flow_200702_sim,flow_cal,120.43,124.29,232.45,247.515,124.29320263606282,231.8205846980784,247.5424815655882,123.24927892952537,123.22499999999998,111.39058469807838,False
flow_200703_sim,flow_cal,511.4,190.865,299.15,378.22499999999997,190.87872250625534,297.6528402700336,378.67221403006266,187.79349152380732,187.35999999999996,-213.74715972996637,False
flow_200704_sim,flow_cal,197.31,92.0235,158.7,270.5,92.01844741983619,158.77318262252558,270.9849645166736,178.96651709683738,178.4765,-38.53681737747442,True
flow_200705_sim,flow_cal,72.15,36.4405,48.06,74.6875,36.44047324354069,48.073718201143436,74.76813124966641,38.32765800612572,38.247,-24.07628179885657,True
flow_200706_sim,flow_cal,41.82,27.156000000000002,37.305,74.01249999999999,27.164454229962885,37.31435872511956,74.06268044983472,46.89822621987183,46.85649999999998,-4.505641274880439,True
flow_200707_sim,flow_cal,31.38,28.785500000000003,37.28,95.26050000000001,28.797898769482345,37.29738984936869,95.34850213415233,66.55060336466998,66.47500000000001,5.917389849368693,True
flow_200708_sim,flow_cal,26.99,28.925,59.565,234.005,28.936094801173404,59.659051705510265,234.5213778972792,205.5852830961058,205.07999999999998,32.66905170551027,False
flow_200709_sim,flow_cal,23.87,27.515,34.15,134.305,27.522848828065662,34.16034924412018,134.4989322067555,106.97608337868985,106.79,10.290349244120176,False
flow_200710_sim,flow_cal,25.61,36.403,69.55000000000001,220.81,36.39289394492234,69.63230404800031,221.1963153406016,184.80342139567924,184.407,44.02230404800031,False
flow_200711_sim,flow_cal,44.77,48.095,108.85,221.22,48.10728492843301,108.91864068811168,221.59825011983708,173.49096519140406,173.125,64.14864068811167,False
flow_200712_sim,flow_cal,216.4,113.43,266.95000000000005,380.405,113.44649419541824,264.07846595523563,380.95327738508604,267.5067831896678,266.97499999999997,47.67846595523562,True
flow_200801_sim,flow_cal,190.26,92.0685,175.05,194.81,92.05886219066782,173.81744201912107,195.0019551195514,102.94309292888359,102.7415,-16.442557980878917,True
flow_200802_sim,flow_cal,286.0,187.86,343.85,348.63,187.8678672903362,342.9299574916863,348.7743692644552,160.90650197411898,160.76999999999998,56.92995749168631,True
flow_200803_sim,flow_cal,588.99,353.445,576.4,668.035,349.77759268993424,556.735070702078,605.2153860773556,255.43779338742132,314.59,-32.25492929792199,True
flow_200804_sim,flow_cal,185.45,93.92150000000001,114.0,167.72,85.29008078045314,93.65189339138526,109.73837243869156,24.448291658238418,73.79849999999999,-91.79810660861473,False
flow_200805_sim,flow_cal,189.69,71.3985,130.14999999999998,301.82,65.35426757482513,121.19776710827213,227.96320218624956,162.60893461142444,230.42149999999998,-68.49223289172787,True
flow_200806_sim,flow_cal,269.43,141.6,318.0,501.82,134.55948550494634,306.43749524507956,428.9448864638071,294.38540095886077,360.22,37.007495245079554,True
flow_200807_sim,flow_cal,107.18,47.254,60.254999999999995,141.51,40.94234940000257,48.33014350852142,74.27837489814547,33.3360254981429,94.256,-58.84985649147859,False
flow_200808_sim,flow_cal,31.04,30.615000000000002,40.675,71.1435,0.0,22.706337942796296,30.325884573512223,30.325884573512223,40.5285,-8.333662057203703,False
flow_200809_sim,flow_cal,22.35,24.168000000000003,34.144999999999996,78.753,2.9960614746124885,14.560202961682656,24.119749331118644,21.123687856506155,54.584999999999994,-7.789797038317346,True
flow_200810_sim,flow_cal,19.46,30.099500000000003,38.04,74.1475,0.0,22.118508503633876,27.482801264610288,27.482801264610288,44.04799999999999,2.6585085036338754,True
flow_200811_sim,flow_cal,19.65,34.533,45.38,114.705,26.75505506860966,33.4680474365923,42.40262268168897,15.647567613079307,80.172,13.818047436592302,False
flow_200812_sim,flow_cal,98.49,72.2425,282.8,373.905,64.3509434263207,265.48010731222666,300.9488837687146,236.5979403423939,301.66249999999997,166.99010731222666,True
flow_200901_sim,flow_cal,45.0,56.400999999999996,104.15,114.905,37.22969230506319,61.341016058651434,94.0529477878799,56.82325548281671,58.504000000000005,16.341016058651434,True
flow_200902_sim,flow_cal,197.85,124.125,234.85,263.815,117.12066567156927,190.22542408828556,222.92223929616867,105.8015736245994,139.69,-7.62457591171443,True
flow_200903_sim,flow_cal,63.0,52.4405,61.45,122.205,45.035468760625704,47.61384425660759,50.462374436659545,5.42690567603384,69.7645,-15.386155743392408,False
flow_200904_sim,flow_cal,149.23,67.02550000000001,126.95,276.5,58.515396234087255,117.81922316687195,203.86941516920135,145.35401893511408,209.47449999999998,-31.41077683312804,True
flow_200905_sim,flow_cal,173.36,49.311,99.89500000000001,216.565,42.07223509915815,91.01703818941242,144.77038703850886,102.69815193935071,167.254,-82.3429618105876,False
flow_200906_sim,flow_cal,76.17,42.105000000000004,71.03,194.22,34.95147773614648,59.02391850642296,121.35002291930844,86.39854518316196,152.115,-17.146081493577043,True
flow_200907_sim,flow_cal,45.51,39.96,59.165000000000006,158.605,33.34492209821567,47.36425501022569,85.00993231971947,51.6650102215038,118.64499999999998,1.8542550102256925,True
flow_200908_sim,flow_cal,38.48,38.676,48.25,111.91000000000001,31.30999098889153,35.71031324720173,40.30072593171454,8.990734942823007,73.23400000000001,-2.7696867527982647,True
flow_200909_sim,flow_cal,25.62,30.729000000000003,38.485,102.03,19.01056961749075,26.246167206930618,29.55950449211333,10.548934874622582,71.301,0.6261672069306172,True
flow_200910_sim,flow_cal,51.06,47.334500000000006,61.935,282.3,39.84165214759717,49.57704187998925,209.8242539229137,169.98260177531654,234.96550000000002,-1.4829581200107498,True
flow_200911_sim,flow_cal,41.4,37.839,46.57,71.037,0.0,28.71632705316271,36.51748735203432,36.51748735203432,33.19800000000001,-12.683672946837287,False
flow_200912_sim,flow_cal,106.92,57.201499999999996,112.8,201.20499999999998,54.45217217483039,100.05568049471945,138.1484004850527,83.6962283102223,144.00349999999997,-6.864319505280548,True
flow_201001_sim,flow_cal,107.32,64.8345,118.44999999999999,127.905,61.18479552275214,73.67430004405327,107.96323390422302,46.77843838147088,63.070499999999996,-33.645699955946725,True
flow_201002_sim,flow_cal,69.46,58.312999999999995,115.65,122.80499999999999,52.46589310125086,69.20994633470096,109.75371680806228,57.287823706811416,64.49199999999999,-0.25005366529903483,True
flow_201003_sim,flow_cal,345.75,96.118,184.3,285.405,95.00002869610866,171.73785563501178,223.16783115946706,128.16780246335838,189.28699999999998,-174.01214436498822,False
flow_201004_sim,flow_cal,111.71,44.402,67.59,130.015,42.02328585730963,53.29539353913846,67.8392529847328,25.815967127423164,85.61299999999999,-58.414606460861535,False
flow_201005_sim,flow_cal,136.06,52.769000000000005,113.75,276.365,49.66336424939915,105.43342846378172,214.0361176641302,164.37275341473105,223.596,-30.62657153621828,True
flow_201006_sim,flow_cal,198.7,59.952,157.65,383.22499999999997,56.341122377074534,146.68445908422012,320.9079076780913,264.56678530101675,323.27299999999997,-52.015540915779866,True
flow_201007_sim,flow_cal,56.07,36.7985,45.379999999999995,79.7955,13.883848420739128,28.659319097502234,38.91400519133462,25.03015677059549,42.99700000000001,-27.410680902497766,False
flow_201008_sim,flow_cal,26.37,24.869999999999997,32.36,87.467,11.312716203573029,22.231869846384072,27.558404260077257,16.24568805650423,62.597,-4.138130153615929,True
flow_201009_sim,flow_cal,14.85,17.2515,22.295,45.2445,0.0,7.372673812431619,17.165626305675374,17.165626305675374,27.993000000000002,-7.477326187568381,True
flow_201010_sim,flow_cal,15.24,19.9795,26.854999999999997,54.4015,0.0,9.183870557659777,21.348075876795583,21.348075876795583,34.422,-6.056129442340223,True
flow_201011_sim,flow_cal,32.45,42.804,111.15,328.1,38.78199731909954,103.35206189111334,265.0696854285243,226.28768810942475,285.29600000000005,70.90206189111333,False
flow_201012_sim,flow_cal,50.23,46.2305,121.15,154.91,43.5626764697696,92.25999468157494,111.25947904756396,67.69680257779436,108.67949999999999,42.02999468157494,True
flow_201101_sim,flow_cal,51.82,56.0495,104.6,111.115,45.00732354726142,67.68623280624806,95.01082709165082,50.0035035443894,55.06549999999999,15.866232806248057,True
flow_201102_sim,flow_cal,217.33,174.41,352.1,437.305,178.57499385037704,337.26948654109515,374.1728551651772,195.59786131480018,262.895,119.93948654109514,True
flow_201103_sim,flow_cal,433.81,158.475,269.9,380.905,163.31499301617126,256.49352296398763,318.06009022661357,154.7450972104423,222.42999999999998,-177.31647703601237,False
flow_201104_sim,flow_cal,532.92,170.67499999999998,372.15,609.005,168.11442832135313,365.47002014484485,544.0863604325401,375.971932111187,438.33000000000004,-167.4499798551551,True
flow_201105_sim,flow_cal,430.13,132.78500000000003,245.4,422.91499999999996,131.35173912626476,238.2402639422308,359.4669649656448,228.11522583938006,290.12999999999994,-191.8897360577692,False
flow_201106_sim,flow_cal,121.2,67.31349999999999,105.65,200.415,63.527784977448746,95.33964372602334,140.9942919257937,77.46650694834496,133.1015,-25.860356273976663,True
flow_201107_sim,flow_cal,45.0,37.859500000000004,50.935,74.29350000000001,8.603544667331844,27.48778289798755,47.56589759363401,38.96235292630217,36.434000000000005,-17.51221710201245,True
flow_201108_sim,flow_cal,28.21,31.165000000000003,39.115,97.499,19.31051633068432,30.162742296077123,34.66797507761231,15.357458746927993,66.33399999999999,1.9527422960771226,True
flow_201109_sim,flow_cal,62.98,53.671,123.6,387.205,50.52469231102845,117.99965002230158,324.8753223149662,274.35063000393774,333.534,55.01965002230158,True
flow_201110_sim,flow_cal,94.1,53.944500000000005,104.4,222.315,51.08239534619415,92.2310192562179,159.42417910632204,108.3417837601279,168.3705,-1.868980743782089,True
flow_201111_sim,flow_cal,221.61,118.13000000000001,274.55,453.7,118.647625920494,264.333211538054,390.8602931047858,272.21266718429183,335.57,42.72321153805399,True
flow_201112_sim,flow_cal,460.43,172.575,299.35,417.805,178.63234780859432,292.35443629556477,336.4992872346246,157.86693942603029,245.23000000000002,-168.07556370443524,False
flow_201201_sim,flow_cal,306.67,198.79000000000002,331.29999999999995,351.01,222.23449856076166,274.6046380400503,346.22817866103117,123.9936801002695,152.21999999999997,-32.06536195994971,True
flow_201202_sim,flow_cal,120.26,94.543,116.25,132.605,42.71755924334624,98.14263728291127,109.12420383811718,66.40664459477094,38.06199999999998,-22.11736271708874,False
flow_201203_sim,flow_cal,123.74,73.228,95.465,178.005,73.63689942967522,88.83095601561075,104.47817630668446,30.841276877009236,104.777,-34.90904398438924,False
flow_201204_sim,flow_cal,60.54,53.6975,66.93,139.605,51.692424283410645,56.06416896769594,66.0828050680345,14.390380784623858,85.9075,-4.4758310323040575,True
flow_201205_sim,flow_cal,116.47,59.518,84.35,193.63,60.157215672680785,77.82143947309265,111.98570798167263,51.82849230899185,134.112,-38.648560526907346,False
flow_201206_sim,flow_cal,37.97,27.8685,38.68,65.222,0.0,22.834593181442845,36.01865206687093,36.01865206687093,37.3535,-15.135406818557154,False
flow_201207_sim,flow_cal,23.85,23.356,32.334999999999994,82.36,0.0,18.53666664477071,29.450697139712897,29.450697139712897,59.004,-5.313333355229293,True
flow_201208_sim,flow_cal,20.24,27.185,36.09,73.5655,0.0,22.167179032251944,33.63956120725874,33.63956120725874,46.3805,1.9271790322519458,True
flow_201209_sim,flow_cal,28.77,36.984,52.55,230.2,35.699936641420514,46.5667180697027,147.12769090485006,111.42775426342953,193.21599999999998,17.796718069702703,False
flow_201210_sim,flow_cal,39.39,34.211999999999996,42.61,165.41,31.625611306985853,38.1930444748274,82.05207644601423,50.42646513902837,131.198,-1.1969555251725978,True
flow_201211_sim,flow_cal,35.28,37.917,53.615,98.05550000000001,12.270554890743883,38.73694841291541,45.0034567589747,32.73290186823082,60.13850000000001,3.456948412915409,True
flow_201212_sim,flow_cal,76.23,45.952,85.82,188.5,45.475933303963686,81.1113319831835,104.5542271484181,59.07829384445441,142.548,4.8813319831835,True
flow_201301_sim,flow_cal,210.39,82.872,257.75,283.4,92.37869763063837,199.305723700991,251.12692735259577,158.7482297219574,200.52799999999996,-11.084276299008991,True
flow_201302_sim,flow_cal,109.47,76.38799999999999,138.8,144.005,56.736723249806275,94.76997987603599,136.73848970864128,80.00176645883501,67.617,-14.70002012396401,True
flow_201303_sim,flow_cal,226.11,82.6435,112.0,172.725,82.95174180353118,88.59294966682162,107.87924633121337,24.92750452768219,90.08149999999999,-137.5170503331784,False
flow_201304_sim,flow_cal,238.77,60.351,123.4,268.91999999999996,62.125244887644314,124.70840342150645,185.9021175917039,123.77687270405958,208.56899999999996,-114.06159657849356,False
flow_201305_sim,flow_cal,92.85,44.076,57.225,130.655,43.72688055017428,46.78745548104452,57.23285513845703,13.505974588282754,86.57900000000001,-46.06254451895548,False
flow_201306_sim,flow_cal,76.06,40.1095,58.879999999999995,168.02,41.473513175189545,52.40935110072286,86.81833168116336,45.34481850597381,127.91050000000001,-23.650648899277144,True
flow_201307_sim,flow_cal,113.24,43.7005,66.41,221.31,44.57798339159801,59.96667190115312,137.88045699632946,93.30247360473145,177.6095,-53.273328098846875,True
flow_201308_sim,flow_cal,33.24,27.4685,35.32,66.438,0.0,22.209889163164178,33.136104550801456,33.136104550801456,38.969500000000004,-11.030110836835824,False
flow_201309_sim,flow_cal,25.84,30.23,40.65,158.91,29.80672498566146,34.02939826761485,75.51011050222164,45.703385516560175,128.68,8.189398267614852,False
flow_201310_sim,flow_cal,57.31,44.75,90.63,258.015,43.66522930734163,86.15367115296274,173.46080023053406,129.79557092319243,213.265,28.84367115296274,True
flow_201311_sim,flow_cal,83.53,47.411,86.435,169.01,46.401265049232194,77.55155087180917,87.49970292871394,41.09843787948175,121.59899999999999,-5.978449128190832,True
flow_201312_sim,flow_cal,293.93,86.255,222.39999999999998,287.705,94.34376168510789,198.57353381655167,215.13968289310085,120.79592120799296,201.45,-95.35646618344833,False
flow_201401_sim,flow_cal,158.66,60.564,85.80000000000001,93.88199999999999,1.2644856674092941,60.3850613441408,87.65182504751746,86.38733938010817,33.31799999999999,-98.27493865585919,False
flow_201402_sim,flow_cal,219.4,154.54999999999998,323.5,334.815,185.1846887611852,257.7348335517761,330.10214086883286,144.91745210764765,180.26500000000001,38.334833551776086,True
flow_201403_sim,flow_cal,133.29,70.33099999999999,88.245,135.41,49.42789390450716,71.38277182029492,79.61398418834324,30.18609028383608,65.07900000000001,-61.90722817970507,False
flow_201404_sim,flow_cal,312.9,108.28500000000001,215.7,365.2,112.62310209645622,214.7382431430206,280.8168049442461,168.19370284778987,256.91499999999996,-98.16175685697937,False
flow_201405_sim,flow_cal,184.85,68.04899999999999,137.8,269.21999999999997,66.9971334819256,136.39472540721135,186.2261085038796,119.228975021954,201.171,-48.45527459278864,True
flow_201406_sim,flow_cal,176.39,56.238499999999995,127.80000000000001,312.825,55.24378120214201,129.82604638007095,229.37746744432658,174.13368624218458,256.5865,-46.56395361992904,True
flow_201407_sim,flow_cal,57.43,41.982,52.58,109.0,21.776110793794718,42.90532658039271,46.82422882108082,25.048118027286105,67.018,-14.52467341960729,False
flow_201408_sim,flow_cal,38.79,37.366,56.68,206.6,38.81183844293903,51.37088252354704,122.9185547903909,84.10671634745188,169.23399999999998,12.58088252354704,False
flow_201409_sim,flow_cal,28.57,31.826999999999998,40.555,90.1045,4.170974799550089,26.962473551790186,37.167253591852244,32.99627879230216,58.2775,-1.6075264482098142,True
flow_201410_sim,flow_cal,23.25,28.573500000000003,38.91,76.221,0.0,22.960391506955546,36.762631140517094,36.762631140517094,47.6475,-0.28960849304445446,True
flow_201411_sim,flow_cal,29.05,36.845,44.33,110.51,25.494151373239028,34.42349367130798,40.546162797606016,15.052011424366988,73.665,5.37349367130798,True
flow_201412_sim,flow_cal,63.46,49.393499999999996,68.995,174.8,48.97298579344996,61.407170002979,90.75686324933169,41.78387745588173,125.40650000000002,-2.052829997021,True
flow_201501_sim,flow_cal,113.13,74.5735,198.6,259.305,79.2873653635734,173.86217938520127,194.85522933149588,115.56786396792248,184.7315,60.73217938520128,True
flow_201502_sim,flow_cal,69.83,47.836,53.28,59.448499999999996,0.0,48.05087203686837,53.32763962787357,53.32763962787357,11.612499999999997,-21.77912796313163,False
flow_201503_sim,flow_cal,245.05,158.405,293.0,324.405,182.21824295229,241.23118785126744,287.0354857939118,104.81724284162178,165.99999999999997,-3.818812148732576,True
flow_201504_sim,flow_cal,254.11,84.19200000000001,138.55,283.71,85.34599172654349,138.47677879914457,199.88072731146957,114.53473558492608,199.51799999999997,-115.63322120085544,False
flow_201505_sim,flow_cal,69.83,39.147,59.370000000000005,141.035,40.60050548076658,52.15130669024942,63.199122597089286,22.598617116322707,101.888,-17.678693309750578,False
flow_201506_sim,flow_cal,276.6,59.1855,185.95,495.625,58.33728656437109,194.0424262489031,411.0906912135638,352.7534046491927,436.4395,-82.55757375109692,True
flow_201507_sim,flow_cal,249.75,57.329499999999996,138.35,248.3,56.162472831440525,134.4612692743413,166.0278582891568,109.86538545771627,190.97050000000002,-115.2887307256587,False
flow_201508_sim,flow_cal,57.48,39.8555,74.565,125.01,39.07356904299488,43.04724477187169,68.01973773208475,28.946168689089866,85.15450000000001,-14.432755228128308,True
flow_201509_sim,flow_cal,27.89,24.217499999999998,32.185,61.854,0.0,18.773136617151316,30.216406773877615,30.216406773877615,37.6365,-9.116863382848685,True
flow_201510_sim,flow_cal,35.31,31.28,57.61,160.9,32.832452148247064,50.607079722256664,76.64576884604467,43.81331669779761,129.62,15.297079722256662,True
flow_201511_sim,flow_cal,49.1,38.616,53.045,163.51,39.58996624949302,44.40170864545921,79.64873077502723,40.058764525534215,124.89399999999999,-4.6982913545407925,True
flow_201512_sim,flow_cal,213.45,73.14450000000001,172.14999999999998,343.805,74.2923014356587,171.60795355472322,260.2359850074699,185.94368357181116,270.6605,-41.842046445276765,True
flow_201601_sim,flow_cal,162.57,70.4435,123.2,137.73499999999999,51.89304354125556,78.23160953612008,118.75875422337685,66.86571068212129,67.29149999999998,-84.33839046387992,False
flow_201602_sim,flow_cal,188.9,129.25,272.0,336.1,135.64432569897767,249.7554788210266,279.2352688969927,143.59094319801503,206.85000000000002,60.855478821026594,True
flow_201603_sim,flow_cal,252.64,137.995,244.2,366.705,144.60907611895675,238.55779580500956,282.6888560784363,138.07977995947954,228.70999999999998,-14.082204194990425,True
flow_201604_sim,flow_cal,151.47,56.143,89.9,189.41,57.25773359318912,84.36575481018758,108.62609657450493,51.368362981315805,133.267,-67.10424518981242,False
flow_201605_sim,flow_cal,87.39,45.1235,55.739999999999995,136.23999999999998,43.8429356766558,49.63608144336955,57.69193824338408,13.84900256672828,91.11649999999997,-37.75391855663045,False
flow_201606_sim,flow_cal,48.17,37.8165,62.935,178.505,39.26940494490908,56.33003659639787,98.54389190962375,59.274486964714676,140.6885,8.160036596397866,True
flow_201607_sim,flow_cal,31.01,34.777,43.14,102.005,13.815123910519874,32.83683832510125,38.851828445985866,25.036704535465994,67.228,1.8268383251012459,True
flow_201608_sim,flow_cal,37.21,33.307,41.045,208.01,29.085743657999412,37.382731096117936,124.71984454168555,95.63410088368613,174.70299999999997,0.17273109611793558,True
flow_201609_sim,flow_cal,34.15,35.0005,46.81,186.605,34.645340944612734,41.05599572710144,102.2607716197683,67.61543067515558,151.60449999999997,6.905995727101441,False
flow_201610_sim,flow_cal,37.01,31.075999999999997,53.795,131.10999999999999,32.576359069156105,45.497412234849804,54.70034508534606,22.123986016189953,100.03399999999999,8.487412234849806,True
flow_201611_sim,flow_cal,22.53,30.918000000000003,38.345,78.172,0.0,27.80637279143478,34.125253114516624,34.125253114516624,47.25399999999999,5.2763727914347776,True
flow_201612_sim,flow_cal,68.72,48.34,131.15,172.805,50.132687171791154,89.00496707583181,123.20066765894639,73.06798048715524,124.465,20.284967075831815,True
flow_201701_sim,flow_cal,199.97,93.199,234.75,323.205,103.23013848012542,224.64703443641827,239.16286517490875,135.93272669478333,230.00599999999997,24.677034436418268,True
flow_201702_sim,flow_cal,94.29,63.9165,98.255,166.505,64.91110803952078,81.33060071308029,94.86758501058486,29.956476971064077,102.5885,-12.95939928691972,True
flow_201703_sim,flow_cal,195.27,102.26100000000001,193.35,309.205,104.00519429844823,188.2652217260012,225.01362639613353,121.0084320976853,206.94399999999996,-7.004778273998824,True
flow_201704_sim,flow_cal,146.94,63.6715,129.2,250.005,62.810162097600504,127.20785685255234,166.9930125944431,104.18285049684258,186.3335,-19.73214314744766,True
flow_201705_sim,flow_cal,312.62,82.7495,186.7,418.61,83.10404705875956,195.5687708385209,333.89005185034665,250.7860047915871,335.8605,-117.05122916147911,True
flow_201706_sim,flow_cal,138.98,65.0085,175.35,328.84000000000003,64.30745259297304,173.27778602972228,246.76899098339956,182.46153839042654,263.8315,34.29778602972229,True
flow_201707_sim,flow_cal,210.59,55.743,117.0,259.805,55.75550435704187,114.38183319068193,175.67909627566374,119.92359191862187,204.062,-96.20816680931807,False
flow_201708_sim,flow_cal,40.72,34.129,41.94,93.788,7.282994020704538,30.501709433473472,38.244473712904856,30.961479692200317,59.659,-10.218290566526527,False
flow_201709_sim,flow_cal,31.77,31.5595,39.9,104.1,18.98915595728358,28.192955666140247,36.22993875745787,17.240782800174294,72.5405,-3.577044333859753,True
flow_201710_sim,flow_cal,39.59,36.156,45.36,172.915,35.73870646839569,39.313268487475284,89.51402307443142,53.77531660603573,136.759,-0.2767315125247194,True
flow_201711_sim,flow_cal,242.82,73.13950000000001,202.1,416.0,77.84021770587498,197.07490417337397,332.37886091835276,254.53864321247778,342.8605,-45.74509582662603,True
flow_201712_sim,flow_cal,61.48,48.9375,61.105,96.48700000000001,10.26528726516907,49.48481753852823,53.878136871245275,43.6128496060762,47.54950000000001,-11.995182461471764,False
flow_201801_sim,flow_val,169.11,75.8125,177.35000000000002,183.20499999999998,74.42764267374538,110.14801570805406,173.71853421048772,99.29089153674234,107.39249999999998,-58.96198429194595,True
flow_201802_sim,flow_val,366.7,191.055,408.79999999999995,550.01,210.49490325448028,405.97496670700855,465.00612164181086,254.5112183873306,358.955,39.27496670700856,True
flow_201803_sim,flow_val,234.55,94.941,138.5,236.10999999999999,92.4948672096795,133.2032411733377,158.07728699874548,65.58241978906598,141.16899999999998,-101.34675882666232,False
flow_201804_sim,flow_val,373.78,150.17499999999998,267.85,368.71,155.4537568937554,263.4423575707925,300.9840013642368,145.5302444704814,218.535,-110.33764242920745,False
flow_201805_sim,flow_val,83.82,42.0925,57.82,128.795,39.341264084853755,46.72919466701213,55.77001303498942,16.428748950135663,86.70249999999999,-37.09080533298786,False
flow_201806_sim,flow_val,106.05,47.454,73.66,236.405,48.55091747990312,64.68029875349383,153.7467266013904,105.19580912148729,188.951,-41.36970124650617,True
flow_201807_sim,flow_val,47.88,35.978500000000004,46.010000000000005,122.205,33.554355478624274,37.450393744240245,43.1357515367023,9.581396058078028,86.22649999999999,-10.429606255759758,False
flow_201808_sim,flow_val,50.32,37.1525,48.575,176.51,32.95112521377912,44.37614349604672,93.05900847691942,60.107883263140295,139.3575,-5.943856503953278,True
flow_201809_sim,flow_val,154.35,49.6935,87.5,295.2,49.412736050820854,78.30123946680011,211.59988651016684,162.187150459346,245.5065,-76.04876053319988,True
flow_201810_sim,flow_val,44.57,39.8255,50.4,105.21000000000001,18.63828888565739,40.65780017740302,43.95657315922304,25.318284273565652,65.3845,-3.912199822596982,False
flow_201811_sim,flow_val,286.85,88.856,182.55,359.1,86.99723170912735,175.68169118790883,275.8634770567737,188.86624534764638,270.244,-111.1683088120912,False
flow_201812_sim,flow_val,230.24,101.993,164.3,283.305,99.8650246357056,159.51272980161576,199.2399275227777,99.3749028870721,181.312,-70.72727019838425,False
flow_201901_sim,flow_val,304.12,102.7395,187.75,197.12,104.18680950270846,132.31558704589247,183.69783830270848,79.51102880000002,94.3805,-171.80441295410753,False
flow_201902_sim,flow_val,496.96,-9999.0,554.6,588.7,0.0,509.1860694819951,565.9362254029115,565.9362254029115,10587.7,12.226069481995125,True
flow_201903_sim,flow_val,221.41,-9999.0,209.8,291.005,0.0,206.29678669113343,239.9580643263163,239.9580643263163,10290.005,-15.113213308866563,True
flow_201904_sim,flow_val,305.82,-9999.0,126.9,315.005,0.0,122.69938543299037,247.94271457911103,247.94271457911103,10314.005,-183.12061456700962,False
flow_201905_sim,flow_val,290.53,-9999.0,116.35,287.83500000000004,0.0,112.75292734421194,221.4566311127604,221.4566311127604,10286.835,-177.77707265578803,False
flow_201906_sim,flow_val,296.76,-9999.0,90.06,302.64,0.0,88.31246063738922,237.00455089032636,237.00455089032636,10301.64,-208.44753936261077,False
flow_201907_sim,flow_val,81.41,-9999.0,54.870000000000005,124.8,0.0,50.6567589618944,60.46146202335452,60.46146202335452,10123.8,-30.7532410381056,False
flow_201908_sim,flow_val,39.36,-9999.0,40.459999999999994,98.7285,0.0,31.939334155069076,43.79541159008963,43.79541159008963,10097.7285,-7.420665844930923,True
flow_201909_sim,flow_val,23.72,-9999.0,23.035,36.3375,0.0,13.814010680833766,25.88374153410683,25.88374153410683,10035.3375,-9.905989319166233,True
flow_201910_sim,flow_val,23.28,-9999.0,34.894999999999996,124.005,0.0,31.67822203462253,56.91712737800425,56.91712737800425,10123.005,8.398222034622528,True
flow_201911_sim,flow_val,29.85,-9999.0,40.05,101.72,0.0,34.272472233495506,43.329528075200564,43.329528075200564,10100.72,4.422472233495505,True
flow_201912_sim,flow_val,54.57,-9999.0,58.605000000000004,182.4,0.0,56.87106973817484,115.86878312618377,115.86878312618377,10181.4,2.3010697381748386,True
flow_202001_sim,flow_val,225.18,-9999.0,148.35,330.9,0.0,144.54702864585596,263.5921194366027,263.5921194366027,10329.9,-80.63297135414405,True
flow_202002_sim,flow_val,181.57,-9999.0,147.35,211.5,0.0,143.11074077106935,167.25139049430456,167.25139049430456,10210.5,-38.45925922893065,False
flow_202003_sim,flow_val,331.31,-9999.0,180.95,407.4,0.0,179.13617534912208,339.47152791924424,339.47152791924424,10406.4,-152.17382465087792,True
flow_202004_sim,flow_val,143.31,-9999.0,97.34,233.0,0.0,95.27601304669388,165.90343646012303,165.90343646012303,10232.0,-48.033986953306126,True
flow_202005_sim,flow_val,233.36,-9999.0,132.7,320.47,0.0,127.7592137806444,254.37077964001134,254.37077964001134,10319.47,-105.60078621935561,True
flow_202006_sim,flow_val,70.42,-9999.0,49.775000000000006,94.6725,0.0,41.74578154528015,52.29373932386539,52.29373932386539,10093.6725,-28.67421845471985,False
flow_202007_sim,flow_val,37.94,-9999.0,40.290000000000006,135.635,0.0,38.61443376745247,69.05396460210206,69.05396460210206,10134.635,0.6744337674524701,True
flow_202008_sim,flow_val,35.74,-9999.0,42.695,130.605,0.0,41.147560833868496,63.15308281825514,63.15308281825514,10129.605,5.407560833868494,True
flow_202009_sim,flow_val,32.54,-9999.0,32.05,99.506,0.0,28.723807540044007,32.93886146789326,32.93886146789326,10098.506,-3.8161924599559924,True
flow_202010_sim,flow_val,49.64,-9999.0,65.805,305.8,0.0,62.530415409065085,242.2396783749858,242.2396783749858,10304.8,12.890415409065085,True
flow_202011_sim,flow_val,85.69,-9999.0,82.11,259.705,0.0,80.35300562853261,196.290103969673,196.290103969673,10258.705,-5.336994371467384,True
flow_202012_sim,flow_val,67.54,-9999.0,49.364999999999995,82.2695,0.0,43.11791838202508,50.13541863773919,50.13541863773919,10081.2695,-24.422081617974925,False
flow_202101_sim,flow_val,109.7,-9999.0,90.16,147.21499999999997,0.0,84.13999586932403,102.60856542696646,102.60856542696646,10146.215,-25.560004130675978,False
flow_202102_sim,flow_val,113.89,-9999.0,192.85000000000002,254.41,0.0,185.93903282460337,229.95795656741606,229.95795656741606,10253.41,72.04903282460337,True
flow_202103_sim,flow_val,249.73,-9999.0,94.645,180.9,0.0,93.20734543706362,117.78665307162848,117.78665307162848,10179.9,-156.52265456293637,False
flow_202104_sim,flow_val,74.36,-9999.0,58.035,143.91,0.0,55.411948052925666,82.12577294118594,82.12577294118594,10142.91,-18.948051947074333,True
flow_202105_sim,flow_val,158.89,-9999.0,70.08500000000001,228.94,0.0,67.69948412159067,166.94777030290982,166.94777030290982,10227.94,-91.19051587840931,True
flow_202106_sim,flow_val,142.58,-9999.0,87.64500000000001,327.72999999999996,0.0,84.49505188298843,265.80076195497804,265.80076195497804,10326.73,-58.08494811701158,True
flow_202107_sim,flow_val,116.44,-9999.0,62.224999999999994,232.02,0.0,59.70886918473578,169.34804802802017,169.34804802802017,10231.02,-56.731130815264216,True
flow_202108_sim,flow_val,34.89,-9999.0,38.254999999999995,111.35,0.0,34.27799259452968,49.02393239462668,49.02393239462668,10110.35,-0.6120074054703224,True
flow_202109_sim,flow_val,48.45,-9999.0,46.54,207.5,0.0,44.3906928203437,144.77112117175378,144.77112117175378,10206.5,-4.059307179656301,True
flow_202110_sim,flow_val,81.52,-9999.0,67.545,262.215,0.0,64.20654495890737,199.340215861522,199.340215861522,10261.215,-17.313455041092624,True
flow_202111_sim,flow_val,70.91,-9999.0,48.58,116.81,0.0,46.39277267701105,54.05615492401678,54.05615492401678,10115.81,-24.517227322988944,False
flow_202112_sim,flow_val,205.72,-9999.0,103.35,308.40999999999997,0.0,100.46006619068797,244.7708464008472,244.7708464008472,10307.41,-105.25993380931203,True
flow_202201_sim,flow_val,177.91,-9999.0,138.5,206.315,0.0,135.25568661499963,175.25280203847376,175.25280203847376,10205.315,-42.654313385000364,False
flow_202202_sim,flow_val,371.52,-9999.0,382.45000000000005,495.54,0.0,379.15598313949897,459.2953716617711,459.2953716617711,10494.54,7.63598313949899,True
flow_202203_sim,flow_val,281.41,-9999.0,146.15,266.405,0.0,143.40831264033608,211.2548618042855,211.2548618042855,10265.405,-138.00168735966395,False
flow_202204_sim,flow_val,155.86,-9999.0,75.28,171.805,0.0,72.52411455659143,109.11818081940397,109.11818081940397,10170.805,-83.33588544340859,False
flow_202205_sim,flow_val,230.33,-9999.0,93.98,353.55,0.0,93.82819501372833,291.6213892064742,291.6213892064742,10352.55,-136.50180498627168,True
flow_202206_sim,flow_val,140.05,-9999.0,56.915,147.545,0.0,54.777862725003146,87.33484803447175,87.33484803447175,10146.545,-85.27213727499687,False
flow_202207_sim,flow_val,86.48,-9999.0,52.745000000000005,239.015,0.0,50.33200797733259,176.05903142473753,176.05903142473753,10238.015,-36.14799202266742,True
flow_202208_sim,flow_val,35.4,-9999.0,36.035,102.42,0.0,32.47109830688657,40.51289954854603,40.51289954854603,10101.42,-2.9289016931134313,True
flow_202209_sim,flow_val,45.08,-9999.0,40.53,154.43,0.0,38.05413602456747,92.02087296016961,92.02087296016961,10153.43,-7.025863975432529,True
flow_202210_sim,flow_val,21.11,-9999.0,28.0,44.8005,0.0,18.183488785538913,31.50858094678653,31.50858094678653,10043.8005,-2.9265112144610868,True
flow_202211_sim,flow_val,23.11,-9999.0,43.015,132.81,0.0,40.40192541421578,69.82331304842597,69.82331304842597,10131.81,17.291925414215783,True
flow_202212_sim,flow_val,22.82,-9999.0,51.855000000000004,116.60499999999999,0.0,48.41290735784425,54.25067236470007,54.25067236470007,10115.605,25.592907357844247,True
flow_202301_sim,flow_val,88.69,-9999.0,125.7,344.84000000000003,0.0,120.93452793690773,281.1970344824303,281.1970344824303,10343.84,32.24452793690773,True
flow_202302_sim,flow_val,74.08,-9999.0,82.965,199.605,0.0,82.38486785194297,136.79686794196948,136.79686794196948,10198.605,8.304867851942973,True
flow_202303_sim,flow_val,322.53,-9999.0,201.45,441.62,0.0,191.24840793420424,377.2979689317002,377.2979689317002,10440.62,-131.28159206579573,True
flow_202304_sim,flow_val,150.22,-9999.0,88.27000000000001,189.32500000000002,0.0,86.00255642926324,126.88241432382847,126.88241432382847,10188.325,-64.21744357073676,False
flow_202305_sim,flow_val,115.62,-9999.0,49.915,126.5,0.0,47.47100753779236,68.86006194699547,68.86006194699547,10125.5,-68.14899246220764,False
flow_202306_sim,flow_val,66.18,-9999.0,33.05,100.091,0.0,32.2601914175123,39.35289470622619,39.35289470622619,10099.091,-33.919808582487704,False
flow_202307_sim,flow_val,57.2,-9999.0,45.730000000000004,199.105,0.0,43.24650005111381,136.71057726039533,136.71057726039533,10198.105,-13.95349994888619,True
flow_202308_sim,flow_val,37.94,-9999.0,41.870000000000005,160.525,0.0,39.20850607946194,97.99023125723217,97.99023125723217,10159.525,1.2685060794619432,True
flow_202309_sim,flow_val,18.49,-9999.0,21.8,35.1315,0.0,13.42756095078252,23.931520611172513,23.931520611172513,10034.1315,-5.062439049217478,True
flow_202310_sim,flow_val,18.99,-9999.0,33.31,117.935,0.0,30.703847045855497,55.84223205617736,55.84223205617736,10116.935,11.713847045855498,True
flow_202311_sim,flow_val,20.93,-9999.0,33.25,86.6455,0.0,25.371888684494365,36.17522494297749,36.17522494297749,10085.6455,4.441888684494366,True
flow_202312_sim,flow_val,21.73,-9999.0,39.915,128.915,0.0,37.297796161359756,66.28102484497994,66.28102484497994,10127.915,15.567796161359755,True
head_w001_sim,head_cal,283.595,290.4411,290.73199999999997,290.8391,290.4410899880124,290.72879117738273,290.83947675538184,0.398386767369459,0.3979999999999677,7.1337911773827045,False
head_w002_sim,head_cal,328.452,309.87975,310.3835,310.94615,309.87968729170984,310.3945757252103,310.9463708123627,1.066683520652873,1.0663999999999874,-18.057424274789696,False
head_w003_sim,head_cal,302.209,312.18695,312.53700000000003,313.015,312.18724390595355,312.53870766852697,313.01525600419427,0.8280120982407198,0.828049999999962,10.329707668526964,False
head_w004_sim,head_cal,302.179,306.12295,306.937,308.2824,306.14346846187004,307.00073629940357,308.2829441013825,2.1394756395124546,2.1594499999999925,4.821736299403597,False
head_w005_sim,head_cal,156.935,163.40685000000002,163.70499999999998,163.85320000000002,163.40686118342146,163.70156203792993,163.853511604558,0.4466504211365532,0.44634999999999536,6.76656203792993,False
head_w006_sim,head_cal,158.072,168.11385,168.523,168.99065000000002,168.12417592143493,168.52439790758393,168.9908601092317,0.8666841877967784,0.8768000000000029,10.45239790758393,False
head_w007_sim,head_cal,159.862,170.1006,170.4345,170.97715,170.11138347086114,170.4537668514805,170.9773899258368,0.8660064549756612,0.8765500000000088,10.591766851480514,False
head_w008_sim,head_cal,159.182,165.96895,166.2975,166.43710000000002,165.96892285154098,166.28910478735912,166.43742919936662,0.46850634782563816,0.4681500000000085,7.107104787359134,False
head_w009_sim,head_cal,162.888,167.18555,167.507,167.64624999999998,167.18555556743863,167.50008359518358,167.6465989200475,0.4610433526088684,0.46069999999997435,4.612083595183577,False
head_w010_sim,head_cal,165.147,178.954,180.052,180.3629,178.95420719480927,180.02640336316733,180.36427061345984,1.4100634186505658,1.4088999999999885,14.879403363167341,False
head_w011_sim,head_cal,164.568,169.50385,169.8025,169.97625,169.5038177796171,169.79900665249352,169.97658184590696,0.47276406628986933,0.47239999999999327,5.231006652493505,False
head_w012_sim,head_cal,165.729,173.6063,174.099,174.8314,173.60678016098805,174.10794417353225,174.83174906247777,1.2249689014897172,1.2250999999999976,8.378944173532233,False
head_w013_sim,head_cal,170.536,175.979,176.024,176.07604999999998,175.97898971834562,176.0240110870908,176.0760718817106,0.09708216336497344,0.09704999999996744,5.488011087090797,False
head_w014_sim,head_cal,171.974,184.18689999999998,184.48700000000002,184.64624999999998,184.18695824254954,184.4805840675055,184.6468598857099,0.4599016431603502,0.4593500000000006,12.506584067505514,False
head_w015_sim,head_cal,174.291,184.3848,185.25599999999997,185.82035,184.3849232738768,185.240631467286,185.8224843850727,1.4375611111958904,1.435549999999978,10.949631467285997,False
head_w016_sim,head_cal,181.447,188.963,189.12349999999998,189.3611,188.96328533174017,189.1262215237437,189.33755155616106,0.37426622442089297,0.39809999999999945,7.679221523743706,False
head_w017_sim,head_cal,185.834,193.0929,193.4675,194.0386,193.09344191356743,193.4793347541784,194.0402452728699,0.9468033593024643,0.9457000000000164,7.645334754178407,False
head_w018_sim,head_cal,183.944,193.0929,193.4675,194.0386,193.09344191356743,193.4793347541784,194.0402452728699,0.9468033593024643,0.9457000000000164,9.535334754178422,False
head_w019_sim,head_cal,184.611,193.27975,193.6135,194.18710000000002,193.28010390590444,193.6143844453003,194.18888332708897,0.9087794211845335,0.9073500000000081,9.003384445300298,False
head_w020_sim,head_cal,186.736,193.27975,193.6135,194.18710000000002,193.28010390590444,193.6143844453003,194.18888332708897,0.9087794211845335,0.9073500000000081,6.8783844453002985,False
head_w021_sim,head_cal,187.574,193.27975,193.6135,194.18710000000002,193.28010390590444,193.6143844453003,194.18888332708897,0.9087794211845335,0.9073500000000081,6.040384445300276,False
head_w022_sim,head_cal,187.751,192.981,193.3045,193.72045,192.98128292199252,193.30819513670235,193.72089402868258,0.739611106690063,0.739450000000005,5.557195136702347,False
head_w023_sim,head_cal,188.01,191.27095,191.3295,191.3691,191.27094074846,191.32899341648033,191.36913794966435,0.09819720120435704,0.09815000000000396,3.318993416480339,False
head_w024_sim,head_cal,188.501,197.1078,197.42700000000002,197.72910000000002,197.10741847118402,197.42688711347574,197.72924822368978,0.6218297525057608,0.6213000000000193,8.925887113475738,False
head_w025_sim,head_cal,188.016,197.7849,197.892,198.0042,197.78485698871623,197.89441087501234,198.00422272544716,0.21936573673093562,0.21930000000000405,9.87841087501235,False
head_w026_sim,head_cal,190.89,197.43085000000002,197.537,197.66215,197.4308820656634,197.54048769512596,197.66218881094002,0.231306745276612,0.23129999999997608,6.650487695125975,False
head_w027_sim,head_cal,197.596,202.1121,202.4085,202.5351,202.1120992031188,202.39886047528597,202.53546026808584,0.42336106496705384,0.4230000000000018,4.802860475285968,False
head_w028_sim,head_cal,197.776,202.0279,202.2745,202.4484,202.0278431768446,202.26954496403442,202.44860758174147,0.4207644048968575,0.4205000000000041,4.493544964034413,False
head_w029_sim,head_cal,197.388,205.1845,205.473,205.5523,205.18450728406512,205.46972824021628,205.5527288984894,0.3682216144242716,0.36779999999998836,8.081728240216279,False
head_w030_sim,head_cal,199.489,207.6492,207.95100000000002,208.06005,207.64916634045,207.94353477943045,208.0604510385245,0.4112846980744962,0.4108499999999822,8.454534779430446,False
head_w031_sim,head_cal,201.86,206.5216,206.7,206.82104999999999,206.51989180940367,206.69781140691833,206.82094077064778,0.3010489612441063,0.2994499999999789,4.83781140691832,False
head_w032_sim,head_cal,201.97,209.63365,210.239,210.65915,209.63401845381316,210.2386753918439,210.65922651042766,1.0252080566145025,1.0255000000000223,8.268675391843914,False
head_w033_sim,head_cal,201.061,206.836,207.01600000000002,207.10205,206.83564617130935,207.012982792336,207.10192497179375,0.26627880048440034,0.2660499999999786,5.951982792335997,False
head_w034_sim,head_cal,201.32,207.3563,207.677,207.81105,207.35630506961914,207.67006667457258,207.8114764468303,0.4551713772111725,0.45474999999999,6.350066674572588,False
head_w035_sim,head_cal,204.649,213.25385,214.077,214.6644,213.2533231920118,214.0769572848222,214.66449611192365,1.4111729199118486,1.4105500000000006,9.427957284822213,False
head_w036_sim,head_cal,207.035,214.39965,214.72750000000002,214.99814999999998,214.3996188508953,214.72563141589643,214.99854553110575,0.5989266802104396,0.5984999999999729,7.6906314158964335,False
head_w037_sim,head_cal,268.666,275.3152,277.0535,278.7772,275.316360599916,277.05752486593576,278.7778741296129,3.4615135296969015,3.461999999999989,8.391524865935764,False
head_w038_sim,head_cal,212.513,217.93495000000001,218.01999999999998,218.23855,217.93490618631728,218.0225683800567,218.23856095059688,0.3036547642795995,0.30359999999998877,5.509568380056692,False
head_w039_sim,head_cal,248.884,257.98825,258.447,258.8565,257.9882389206498,258.45734689412745,258.8567205903309,0.8684816696811026,0.8682499999999891,9.573346894127468,False
head_w040_sim,head_cal,267.846,273.162,274.9955,276.76275,273.1999613020405,275.00472810881445,276.7635230057515,3.5635617037110023,3.600750000000005,7.158728108814444,False
head_w041_sim,head_cal,278.843,291.01695,291.2125,291.5647,291.0167169639877,291.2218571091808,291.56475972803406,0.5480427640463859,0.5477500000000077,12.378857109180785,False
head_w042_sim,head_cal,279.563,291.01695,291.2125,291.5647,291.0167169639877,291.2218571091808,291.56475972803406,0.5480427640463859,0.5477500000000077,11.658857109180815,False
head_w043_sim,head_cal,280.739,291.01695,291.2125,291.5647,291.0167169639877,291.2218571091808,291.56475972803406,0.5480427640463859,0.5477500000000077,10.482857109180827,False
head_w044_sim,head_cal,329.129,328.46545000000003,331.03,333.6125,328.46177980822483,331.15488338277873,333.61307398283816,5.1512941746133265,5.147049999999979,2.0258833827787157,True
head_w045_sim,head_cal,327.053,328.91255,331.765,334.9305,328.9077952083932,331.97979812228675,334.93114934530223,6.023354136909006,6.017949999999985,4.926798122286755,False
head_w046_sim,head_cal,212.568,223.67495000000002,223.8875,224.15655,223.67500155374785,223.89238471647815,224.15672321568366,0.4817216619358078,0.48159999999998604,11.324384716478136,False
head_w047_sim,head_cal,207.599,223.67495000000002,223.8875,224.15655,223.67500155374785,223.89238471647815,224.15672321568366,0.4817216619358078,0.48159999999998604,16.29338471647816,False
head_w048_sim,head_cal,211.074,225.48155,225.9435,226.10945,225.48157125516664,225.92759210124063,226.1103853132038,0.6288140580371646,0.627900000000011,14.853592101240622,False
head_w049_sim,head_cal,216.46,226.00050000000002,226.32999999999998,226.47605,226.0004802941192,226.3226511764943,226.47642798388188,0.4759476897626769,0.47554999999996994,9.862651176494296,False
head_w050_sim,head_cal,216.938,226.00050000000002,226.32999999999998,226.47605,226.0004802941192,226.3226511764943,226.47642798388188,0.4759476897626769,0.47554999999996994,9.384651176494316,False
head_w051_sim,head_cal,216.883,226.00050000000002,226.32999999999998,226.47605,226.0004802941192,226.3226511764943,226.47642798388188,0.4759476897626769,0.47554999999996994,9.439651176494294,False
head_w052_sim,head_cal,222.217,227.57615,227.88299999999998,228.032,227.57613336600244,227.8791039062018,228.0324334450755,0.4563000790730598,0.4558499999999981,5.662103906201793,False
head_w053_sim,head_cal,223.47,229.72385,229.8145,229.9142,229.7238780765954,229.81451532217784,229.91421851861557,0.1903404420201582,0.19034999999999513,6.344515322177841,False
head_w054_sim,head_cal,225.531,232.8409,232.92149999999998,233.0091,232.84088026663977,232.92135709560517,233.0092042086021,0.1683239419623419,0.16819999999998458,7.390357095605168,False
head_w055_sim,head_cal,223.452,232.8409,232.92149999999998,233.0091,232.84088026663977,232.92135709560517,233.0092042086021,0.1683239419623419,0.16819999999998458,9.469357095605176,False
head_w056_sim,head_cal,296.406,308.70115,309.385,309.9907,308.7002359833967,309.38903701829497,309.99090485050334,1.2906688671066604,1.2895500000000197,12.983037018294965,False
head_w057_sim,head_cal,310.323,308.58395,309.85,310.8655,308.60521316429805,309.85049495630676,310.86588212603226,2.2606689617342113,2.2815499999999815,-0.4725050436932179,True
head_w058_sim,head_cal,253.231,256.68870000000004,256.861,257.08615000000003,256.6909378758792,256.86667997525745,257.08618418886573,0.39524631298655777,0.3974499999999921,3.6356799752574602,False
head_w059_sim,head_cal,263.195,267.12495,267.4175,267.7993,267.124407491927,267.42095429030496,267.79946142305266,0.6750539311256603,0.674350000000004,4.225954290304969,False
head_w060_sim,head_cal,256.629,258.7734,258.961,259.054,258.7733848728554,258.96000604348404,259.05401819046625,0.28063331761086374,0.28059999999999263,2.331006043484024,False
head_w061_sim,head_cal,254.929,263.53485,263.95550000000003,264.5889,263.53973125834693,263.9741252860392,264.58912288935386,1.0493916310069267,1.054050000000018,9.045125286039223,False
head_w062_sim,head_cal,312.807,319.61775,323.45550000000003,326.40409999999997,319.61838762821674,323.45450662834253,326.4054033368259,6.787015708609147,6.78634999999997,10.647506628342512,False
head_w063_sim,head_cal,282.519,288.5363,288.83050000000003,288.93205,288.53629843706415,288.8206741231123,288.9323313894296,0.3960329523654309,0.3957500000000209,6.301674123112321,False
head_w064_sim,head_cal,265.222,274.68280000000004,274.951,275.054,274.68277524348076,274.94299926574035,275.05434109827235,0.37156585479158366,0.3711999999999307,9.720999265740375,False
head_w065_sim,head_cal,249.034,249.06755,249.6365,250.5285,249.0678616973313,249.6513272622351,250.52901245838632,1.4611507610550234,1.4609499999999969,0.6173272622351078,False
head_w066_sim,head_cal,241.341,244.7114,244.923,245.03414999999998,244.7113862332337,244.9109683602737,245.03452431907544,0.3231380858417481,0.322749999999985,3.569968360273691,False
head_w067_sim,head_cal,267.752,266.21815,268.727,271.60535,266.2786801789299,268.73856372465366,271.60664921629524,5.327969037365335,5.387200000000007,0.9865637246536494,True
head_w068_sim,head_cal,266.956,275.45055,275.74649999999997,275.8291,275.45053894007907,275.74347636661014,275.8292581584702,0.3787192183911543,0.37854999999996153,8.787476366610122,False
head_w069_sim,head_cal,275.207,267.80490000000003,267.9875,268.2659,267.8049925709811,267.99539291083977,268.2662775962165,0.46128502523544057,0.4609999999999559,-7.211607089160225,False
head_w070_sim,head_cal,263.32,264.3633,266.448,269.15189999999996,264.40267057883545,266.51621804293086,269.152984164308,4.750313585472554,4.788599999999974,3.196218042930866,False
head_w071_sim,head_cal,307.046,303.32945,303.6315,303.739,303.3294366299887,303.62560586801146,303.73934034400986,0.4099037140211408,0.40954999999996744,-3.4203941319885303,False
head_w072_sim,head_cal,307.86,313.2759,314.909,316.5421,313.2756524561047,314.9170073076806,316.54269907570125,3.267046619596556,3.266200000000026,7.057007307680578,False
head_w073_sim,head_cal,251.658,258.81295,259.08000000000004,259.2314,258.8128930324706,259.0641613127236,259.23154902266396,0.41865599019337196,0.4184500000000071,7.40616131272364,False
head_w074_sim,head_cal,274.719,277.1432,277.677,278.37935,277.1427214494263,277.7046459808208,278.3795284211302,1.2368069717039134,1.2361500000000092,2.985645980820834,False
head_w075_sim,head_cal,277.755,290.60535,292.6205,294.906,290.6515404942908,292.64010288224813,294.9069303355851,4.2553898412942885,4.300650000000019,14.885102882248134,False
head_w076_sim,head_cal,276.036,286.48035,288.51599999999996,290.85665,286.527686254503,288.532022031216,290.8576701256123,4.3299838711092775,4.376300000000015,12.496022031216,False
head_w077_sim,head_cal,270.528,272.28835,272.7895,272.9519,272.2888047100436,272.7641119757621,272.9531220011822,0.6643172911385591,0.6635500000000434,2.2361119757620713,False
head_w078_sim,head_cal,269.483,275.84184999999997,276.2355,276.8497,275.8483541797255,276.2442700598888,276.8499747223946,1.0016205426691158,1.007850000000019,6.761270059888773,False
head_w079_sim,head_cal,276.338,275.7717,276.2365,276.881,275.7771002667955,276.24485965693697,276.88127973484416,1.1041794680486419,1.109299999999962,-0.0931403430630553,True
head_w080_sim,head_cal,269.757,275.7717,276.2365,276.881,275.7771002667955,276.24485965693697,276.88127973484416,1.1041794680486419,1.109299999999962,6.487859656936962,False
head_w081_sim,head_cal,271.077,275.142,275.4335,275.84774999999996,275.14999656570785,275.4374796221066,275.84791891572144,0.6979223500135845,0.7057499999999663,4.360479622106595,False
head_w082_sim,head_cal,289.871,293.12175,293.836,294.6187,293.12182210802706,293.8362076450868,294.6190453553629,1.497223247335853,1.4969499999999698,3.9652076450868208,False
head_w083_sim,head_cal,186.852,193.27975,193.6135,194.18710000000002,193.28010390590444,193.6143844453003,194.18888332708897,0.9087794211845335,0.9073500000000081,6.762384445300285,False
head_w084_sim,head_cal,187.803,192.981,193.3045,193.72045,192.98128292199252,193.30819513670235,193.72089402868258,0.739611106690063,0.739450000000005,5.505195136702355,False
head_w085_sim,head_cal,201.278,207.38725,207.67149999999998,207.7841,207.3872342556218,207.66141864793983,207.78442380275231,0.3971895471305231,0.3968500000000006,6.383418647939834,False
