obsnme,observed,prior_p05,prior_p50,prior_p95,post_p05,post_median,post_p95,obgnme
flow_200301_sim,121.93,97.2455,143.7,217.585,74.29803260938921,75.77607945235312,77.14690161148609,flow_cal
flow_200302_sim,87.92,181.315,262.35,333.23,187.813036937976,188.59245257409114,189.07663687488323,flow_cal
flow_200303_sim,272.46,263.225,328.55,395.365,262.6246204541804,263.6999803442453,264.6608996528171,flow_cal
flow_200304_sim,103.87,81.72749999999999,127.25,219.79500000000002,59.14042100405521,60.15732850714733,60.93109472170298,flow_cal
flow_200305_sim,185.53,132.06,237.39999999999998,481.77500000000003,149.4561072571911,152.99668773025058,156.98006581835176,flow_cal
flow_200306_sim,145.52,94.483,160.75,305.555,82.68836202775691,84.75422865657096,86.50051360403282,flow_cal
flow_200307_sim,286.0,104.69,214.85000000000002,481.79499999999996,135.16689777088072,139.6132124442658,144.2686614603202,flow_cal
flow_200308_sim,105.71,83.0635,150.05,273.90500000000003,62.75024354556868,64.14550926609499,65.23275459952552,flow_cal
flow_200309_sim,194.28,105.105,207.5,440.625,115.29990372071163,118.59883122110392,122.18541054946954,flow_cal
flow_200310_sim,95.14,84.011,135.85,213.62,67.35340127054637,68.25659492130163,68.84772886534348,flow_cal
flow_200311_sim,160.9,110.99000000000001,176.3,291.08500000000004,103.97053927489893,105.38708714559105,106.60670249575531,flow_cal
flow_200312_sim,198.61,104.365,159.15,254.88,93.00289443992754,94.04508362663853,94.81737208687602,flow_cal
flow_200401_sim,306.95,169.76,265.25,359.785,183.60719285184672,185.7266547073836,187.66121990163018,flow_cal
flow_200402_sim,158.69,163.25,220.4,270.105,166.26318860316147,166.81658697375832,167.18986907929312,flow_cal
flow_200403_sim,126.75,96.09649999999999,143.15,221.76500000000001,76.88273687333916,77.76494030026356,78.3595932349919,flow_cal
flow_200404_sim,106.24,77.30900000000001,132.25,213.63500000000002,57.0752404281452,57.994717542078895,58.61817663938911,flow_cal
flow_200405_sim,191.34,106.21,198.3,409.945,114.88895111586203,118.0262696615847,121.4663374267871,flow_cal
flow_200406_sim,229.99,104.52,195.55,369.535,118.9093312470658,121.65069407500988,124.68091697331467,flow_cal
flow_200407_sim,60.68,74.42949999999999,128.75,240.565,56.38482030449588,57.62115230123321,58.57638743814279,flow_cal
flow_200408_sim,36.56,62.7155,117.5,216.62,41.22647597602598,42.21704379069896,42.84130022214833,flow_cal
flow_200409_sim,19.75,49.968,91.95,154.18,28.253840863691984,29.496539875010527,30.69767348958363,flow_cal
flow_200410_sim,23.83,58.2925,108.9,201.57000000000002,37.556860010562126,38.50381949142034,39.11964020367458,flow_cal
flow_200411_sim,55.84,74.3085,127.1,274.74500000000006,52.60710076784193,54.0175147069539,55.239754593123834,flow_cal
flow_200412_sim,74.59,129.205,197.05,258.57,135.63584171619706,136.87122135826945,137.9021734474062,flow_cal
flow_200501_sim,662.9,239.6,399.20000000000005,607.595,325.7626589463443,330.65300797360817,335.62064351603686,flow_cal
flow_200502_sim,194.62,200.2,283.55,320.32,228.40098639129303,229.52167834718392,230.489032843897,flow_cal
flow_200503_sim,135.01,121.00500000000001,178.35000000000002,254.735,117.18554611833947,118.2167129593258,119.10295341610605,flow_cal
flow_200504_sim,187.51,98.885,177.39999999999998,313.6,93.34845434608499,95.66886338577594,97.73130987100994,flow_cal
flow_200505_sim,115.45,66.288,117.15,197.34000000000003,45.27983489390276,46.203641237297724,46.82748539128918,flow_cal
flow_200506_sim,56.1,52.573499999999996,97.64,170.58000000000004,31.362493016999114,32.26915153408239,33.03848818788266,flow_cal
flow_200507_sim,51.23,55.509,107.69999999999999,204.385,45.45611118921949,46.5426211862629,47.413190761066005,flow_cal
flow_200508_sim,23.22,52.6055,101.19999999999999,221.04500000000004,30.43637515894833,31.57134461567228,32.41495465155673,flow_cal
flow_200509_sim,65.07,55.288000000000004,107.6,271.15500000000003,36.759691351499534,38.587203151461296,40.099923639720124,flow_cal
flow_200510_sim,65.04,58.4735,103.35,195.26,40.46296177091607,41.457699928571905,42.03218858918434,flow_cal
flow_200511_sim,125.67,87.41250000000001,156.55,304.915,87.61964172672211,89.8754484752582,92.00575088940198,flow_cal
flow_200512_sim,134.82,120.56,188.8,243.38,134.33854265189677,135.48535994346366,136.47643507361812,flow_cal
flow_200601_sim,160.22,93.11,156.2,251.555,86.01007573259773,87.51020204006159,88.75085423698624,flow_cal
flow_200602_sim,148.32,94.0345,144.8,224.81,80.330106879181,81.29391857558093,81.87050225759867,flow_cal
flow_200603_sim,190.06,114.2,176.55,278.485,110.57352624062497,112.36151642700125,113.92957867940812,flow_cal
flow_200604_sim,133.26,86.64949999999999,142.1,262.045,71.75683201969596,73.41022224005664,74.76004715305066,flow_cal
flow_200605_sim,121.93,78.038,145.05,284.93,75.79261307768893,78.0985984118653,80.24043431888111,flow_cal
flow_200606_sim,154.33,70.053,137.25,281.365,61.29347764459374,63.59592035474834,65.66479858238192,flow_cal
flow_200607_sim,79.97,57.3795,106.05,222.79000000000002,44.839710225887934,46.18477719540022,47.354139916240875,flow_cal
flow_200608_sim,40.72,46.726000000000006,92.3,169.215,28.652468205362815,29.479617197837314,30.051511757304862,flow_cal
flow_200609_sim,51.48,62.394999999999996,109.9,250.88000000000002,45.29544789323589,46.774568371784305,48.04758673750642,flow_cal
flow_200610_sim,168.2,86.4165,157.9,345.435,90.72269419888566,93.22056732443966,95.90670602258092,flow_cal
flow_200611_sim,110.92,81.16850000000001,128.85,207.82,66.62214057075509,67.55470775575554,68.12565099542765,flow_cal
flow_200612_sim,254.0,112.83,189.60000000000002,338.205,125.6267208415462,127.94637925738708,130.5322127475052,flow_cal
flow_200701_sim,361.04,186.71,302.70000000000005,459.885,237.07428098884577,240.65848538458005,244.2647142156536,flow_cal
flow_200702_sim,120.43,176.125,253.9,305.92,201.46838314748143,202.26204968782244,202.97249516839923,flow_cal
flow_200703_sim,511.4,212.29,294.8,399.885,231.88004987417438,233.87380562774757,236.03513151376043,flow_cal
flow_200704_sim,197.31,101.735,166.35,299.69,105.8403599631471,107.94954389532296,110.03455135840203,flow_cal
flow_200705_sim,72.15,51.3855,88.65,148.31,33.088607843423716,33.99751276388784,34.77857536499275,flow_cal
flow_200706_sim,41.82,43.1245,81.75,136.425,26.108835269824784,27.00012270631832,27.693295877857164,flow_cal
flow_200707_sim,31.38,41.3705,80.425,138.17000000000002,21.97640570919864,22.870266242844544,23.56468581040378,flow_cal
flow_200708_sim,26.99,43.0045,93.16999999999999,253.92000000000004,25.694226730812783,27.754493713158155,29.533976727853855,flow_cal
flow_200709_sim,23.87,36.0935,78.5,166.20000000000005,17.351966566460202,18.17654176678338,18.68980519050558,flow_cal
flow_200710_sim,25.61,53.0595,100.515,238.84000000000003,37.010441160282525,38.55666137977015,39.84718438913687,flow_cal
flow_200711_sim,44.77,71.85,134.95,247.90000000000003,68.34727296618394,70.16861551071487,71.75617659621231,flow_cal
flow_200712_sim,216.4,139.56,238.2,385.75500000000005,176.87635626696027,179.9420285387232,183.06365499996778,flow_cal
flow_200801_sim,190.26,117.83,185.55,233.55500000000004,133.9338422810804,135.0924924424429,136.1280326084743,flow_cal
flow_200802_sim,286.0,216.07,339.70000000000005,382.005,281.29934134385667,283.00012331374535,284.7264365572631,flow_cal
flow_200803_sim,588.99,372.815,518.4,654.24,471.57484941146413,475.5132855235491,480.1383693794408,flow_cal
flow_200804_sim,185.45,98.2155,146.4,218.01000000000002,85.74322111103123,86.54298388583496,87.06722964568098,flow_cal
flow_200805_sim,189.69,91.271,154.45,330.095,88.1073782973826,90.64821759344855,93.16669740767551,flow_cal
flow_200806_sim,269.43,184.01500000000001,292.85,514.27,236.98388167140206,241.34953439625562,245.7059665181155,flow_cal
flow_200807_sim,107.18,61.24,114.75,209.09500000000003,49.51286787540272,50.51109839971612,51.25026398409566,flow_cal
flow_200808_sim,31.04,45.2825,88.41,149.43500000000003,29.759493153695768,30.705561957152543,31.57293813526942,flow_cal
flow_200809_sim,22.35,39.1065,74.925,128.63500000000002,19.417353578883,20.460798621507696,21.472226702075513,flow_cal
flow_200810_sim,19.46,42.4775,75.465,128.495,24.429048793282696,25.459380861745586,26.45710425254837,flow_cal
flow_200811_sim,19.65,49.1225,82.08500000000001,147.91000000000003,30.364633027881652,31.244788660538617,31.927481809795726,flow_cal
flow_200812_sim,98.49,129.395,266.8,383.22499999999997,194.24382785175408,196.98909339319476,199.8372975526822,flow_cal
flow_200901_sim,45.0,90.5675,129.85,181.21,78.8564147162643,79.56774061971481,80.15965642747165,flow_cal
flow_200902_sim,197.85,163.47,240.8,290.835,187.80162414281585,189.06295841071787,190.22958334203344,flow_cal
flow_200903_sim,63.0,65.7055,98.975,176.23000000000002,42.54367265111284,43.47785866668956,44.2158922598963,flow_cal
flow_200904_sim,149.23,84.92049999999999,147.25,295.03000000000003,81.76554430961079,83.97524968656985,86.0538371012672,flow_cal
flow_200905_sim,173.36,67.691,126.5,242.17000000000002,60.810324680042726,62.66461530762746,64.2915230172667,flow_cal
flow_200906_sim,76.17,60.383,109.15,228.66,46.750784015335746,48.449012986345984,49.88711304591933,flow_cal
flow_200907_sim,45.51,55.133500000000005,97.67,193.76500000000001,41.45963702408303,42.48541879800237,43.28597442833635,flow_cal
flow_200908_sim,38.48,52.641,93.17,157.085,36.5756481415828,37.32633713139454,37.83188257482725,flow_cal
flow_200909_sim,25.62,44.223,76.925,140.78500000000003,24.38597183131521,25.280975967380552,25.99720352404478,flow_cal
flow_200910_sim,51.06,59.707,101.1,289.42500000000007,38.98868833908616,40.96185906555362,42.620912381624095,flow_cal
flow_200911_sim,41.4,50.757000000000005,83.26,137.71,33.596140411796455,34.557358060783,35.4888577014245,flow_cal
flow_200912_sim,106.92,82.2875,138.9,222.19,79.7611952104456,81.06399964268618,82.13250157423525,flow_cal
flow_201001_sim,107.32,93.247,138.85,178.555,93.26373833198707,93.77817516475062,94.07901534214194,flow_cal
flow_201002_sim,69.46,89.8325,138.45,178.235,92.93784843488574,93.43231918600904,93.73834907107673,flow_cal
flow_201003_sim,345.75,120.805,184.64999999999998,294.94,133.2516591344642,135.02749826195986,136.98253319706137,flow_cal
flow_201004_sim,111.71,60.086,100.1,169.99,43.21655727897149,43.995080028920256,44.47267755348494,flow_cal
flow_201005_sim,136.06,70.5535,142.2,295.68,73.74214627234237,76.06683673776853,78.57646727068,flow_cal
flow_201006_sim,198.7,76.51299999999999,148.25,393.86,97.7869380937347,101.68710459178882,105.70536619617518,flow_cal
flow_201007_sim,56.07,49.3815,82.12,137.615,33.6341130826269,34.392222728604196,34.98158671324667,flow_cal
flow_201008_sim,26.37,37.625499999999995,72.14500000000001,133.53500000000003,19.32454130587934,20.183072601694004,20.853640522775365,flow_cal
flow_201009_sim,14.85,26.82,55.21,101.8965,10.280813704079693,11.318188817835356,12.27865991144759,flow_cal
flow_201010_sim,15.24,32.44,61.08,107.02499999999999,14.710144517026324,15.646783138692324,16.554142918263462,flow_cal
flow_201011_sim,32.45,63.1215,132.95,333.82500000000005,66.63628796935548,69.25439678873647,72.12681080670475,flow_cal
flow_201012_sim,50.23,83.535,143.85000000000002,197.89000000000001,86.80715420453028,87.55022300072233,88.10849876309341,flow_cal
head_w001_sim,283.595,290.61375,290.786,290.9397,290.6470502322539,290.6504236133993,290.6537681293122,head_cal
head_w002_sim,328.452,310.45665,310.881,311.3593,311.02220153759765,311.0284035807999,311.0343233355858,head_cal
head_w003_sim,302.209,311.27525,312.406,313.2666,313.1491048952322,313.1684104354305,313.1887366410215,head_cal
head_w004_sim,302.179,304.81025,306.8465,309.0665,308.6534635148795,308.6881622742981,308.7268331719312,head_cal
head_w005_sim,156.935,163.7917,164.19150000000002,164.87205,163.61895397316306,163.62845353044048,163.63745141567165,head_cal
head_w006_sim,158.072,168.50905,169.053,169.63400000000001,169.17845470848823,169.17995766203188,169.1818558392312,head_cal
head_w007_sim,159.862,170.1849,170.808,171.605,171.20481586381172,171.2122013847473,171.22052203928817,head_cal
head_w008_sim,159.182,166.22725,166.6375,167.3002,166.10298205689043,166.1116641914947,166.11959140841378,head_cal
head_w009_sim,162.888,167.5003,167.812,168.32115,167.4045755308232,167.4103352234494,167.41483125762616,head_cal
head_w010_sim,165.147,176.65165,178.747,179.99,179.97748389066263,180.0265441233443,180.07454822477274,head_cal
head_w011_sim,164.568,169.7903,170.288,171.12154999999998,169.61735092287273,169.62920426845875,169.64054453030892,head_cal
head_w012_sim,165.729,174.22330000000002,175.1475,176.08605,175.3641833340031,175.37314263922337,175.38213668432076,head_cal
head_w013_sim,170.536,176.0581,176.31799999999998,176.92395000000002,175.91509228102277,175.92581183231312,175.93480712196876,head_cal
head_w014_sim,171.974,183.5293,184.5,184.73610000000002,184.70404948309766,184.7195076779914,184.73542694912754,head_cal
head_w015_sim,174.291,183.62099999999998,184.68599999999998,185.50815,185.28816610472774,185.31184753763674,185.33543847373403,head_cal
head_w016_sim,181.447,189.2134,189.57850000000002,189.99525,189.46747494213204,189.4692502172373,189.47054479117136,head_cal
head_w017_sim,185.834,193.6042,194.3555,195.0232,194.41269937873324,194.41741055706694,194.422352460841,head_cal
head_w018_sim,183.944,193.6042,194.3555,195.0232,194.41269937873324,194.41741055706694,194.422352460841,head_cal
head_w019_sim,184.611,193.7382,194.4715,195.10215,194.52552682312268,194.5305088082256,194.53595230840764,head_cal
head_w020_sim,186.736,193.7382,194.4715,195.10215,194.52552682312268,194.5305088082256,194.53595230840764,head_cal
head_w021_sim,187.574,193.7382,194.4715,195.10215,194.52552682312268,194.5305088082256,194.53595230840764,head_cal
head_w022_sim,187.751,193.58765000000002,194.1395,194.63289999999998,193.93523333685644,193.93778372544676,193.93967002983842,head_cal
head_w023_sim,188.01,191.32965000000002,191.4965,192.0728,191.1735415104086,191.1814423468209,191.18881127373416,head_cal
head_w024_sim,188.501,197.63479999999998,198.019,198.34345000000002,197.97902824797157,197.98150882795835,197.98362137829778,head_cal
head_w025_sim,188.016,197.98035000000002,198.2265,198.6036,197.97248508067582,197.97899329086334,197.98421144550207,head_cal
head_w026_sim,190.89,197.625,197.879,198.1839,197.67192189974998,197.67695946391044,197.68113567587707,head_cal
head_w027_sim,197.596,202.39805,202.696,203.14685,202.31011121246223,202.31553413545018,202.31974722009176,head_cal
head_w028_sim,197.776,202.25865,202.79149999999998,203.60185,202.10977865392928,202.1223748454131,202.13458984537615,head_cal
head_w029_sim,197.388,205.2122,205.4725,205.74125,205.32334111175877,205.32687364216105,205.33006766242616,head_cal
head_w030_sim,199.489,207.83270000000002,208.01749999999998,208.26135,207.85047164537355,207.85371504794608,207.85645450940265,head_cal
head_w031_sim,201.86,206.40975,206.7215,206.95415,206.66534684842722,206.66645427609865,206.6675095056972,head_cal
head_w032_sim,201.97,209.65144999999998,210.04950000000002,210.49945000000002,210.393359244842,210.3973956230302,210.40211669837336,head_cal
head_w033_sim,201.061,206.8892,207.1735,207.59765,206.95991970560806,206.96400879295965,206.9679713844772,head_cal
head_w034_sim,201.32,207.65935,207.973,208.47875000000002,207.5618760942228,207.56791421988316,207.57260134896845,head_cal
head_w035_sim,204.649,213.01989999999998,213.7185,214.65235,214.5138029571846,214.52690648807237,214.5404207648007,head_cal
head_w036_sim,207.035,214.94025,215.611,216.7256,214.63642549535376,214.6542102253979,214.6714587515693,head_cal
head_w037_sim,268.666,275.29095,277.27049999999997,279.65855,279.15411262920134,279.1847436293797,279.2164001676601,head_cal
head_w038_sim,212.513,218.1974,218.5865,219.0575,218.26191926286648,218.26777003305162,218.2734247595439,head_cal
head_w039_sim,248.884,258.06245,258.71299999999997,259.1512,258.97429503673794,258.9775382136389,258.98166451801404,head_cal
head_w040_sim,267.846,273.00965,275.3095,277.70745,277.19743124429306,277.2292823400494,277.2621095015291,head_cal
head_w041_sim,278.843,289.54195,290.9105,291.58000000000004,291.69855973747127,291.7240927110113,291.7483393752104,head_cal
head_w042_sim,279.563,289.54195,290.9105,291.58000000000004,291.69855973747127,291.7240927110113,291.7483393752104,head_cal
head_w043_sim,280.739,289.54195,290.9105,291.58000000000004,291.69855973747127,291.7240927110113,291.7483393752104,head_cal
head_w044_sim,329.129,328.87309999999997,331.149,333.86,333.57322508745267,333.5946632412659,333.6224202893207,head_cal
head_w045_sim,327.053,329.48265000000004,331.8795,335.11065,334.68193103506593,334.7051534757584,334.7363719737248,head_cal
head_w046_sim,212.568,224.31635,224.82350000000002,225.4701,224.20634622577458,224.21762808709786,224.22860456110394,head_cal
head_w047_sim,207.599,224.31635,224.82350000000002,225.4701,224.20634622577458,224.21762808709786,224.22860456110394,head_cal
head_w048_sim,211.074,225.65765,225.95100000000002,226.2121,225.7597571871154,225.7645136354987,225.76905403266966,head_cal
head_w049_sim,216.46,226.2723,226.6165,227.18465,226.16696398508708,226.17390924498073,226.17941505557917,head_cal
head_w050_sim,216.938,226.2723,226.6165,227.18465,226.16696398508708,226.17390924498073,226.17941505557917,head_cal
head_w051_sim,216.883,226.2723,226.6165,227.18465,226.16696398508708,226.17390924498073,226.17941505557917,head_cal
head_w052_sim,222.217,227.8188,228.14100000000002,228.68355,227.71131606081502,227.71761674681906,227.7224999355424,head_cal
head_w053_sim,223.47,229.8626,230.274,231.00764999999998,229.67778893411102,229.69186276054356,229.70421486454535,head_cal
head_w054_sim,225.531,232.98125000000002,233.309,233.94535,232.8263923416871,232.83772236244195,232.8479359592271,head_cal
head_w055_sim,223.452,232.98125000000002,233.309,233.94535,232.8263923416871,232.83772236244195,232.8479359592271,head_cal
head_w056_sim,296.406,307.3091,308.554,309.843,309.83124660036884,309.85386158311917,309.8772466879645,head_cal
head_w057_sim,310.323,308.7567,309.9765,311.18645000000004,311.0114395025146,311.02341589667344,311.0388263605447,head_cal
head_w058_sim,253.231,256.88444999999996,257.14700000000005,257.40325,256.9946187024733,256.9992247853937,257.00397281935955,head_cal
head_w059_sim,263.195,267.35785,267.73,268.18784999999997,267.8989152400983,267.9006862755957,267.9029626196636,head_cal
head_w060_sim,256.629,259.00315,259.27049999999997,259.7622,258.87286973421845,258.87993567410274,258.8868016857328,head_cal
head_w061_sim,254.929,263.5626,264.129,265.10355,264.7466052219761,264.7537818751165,264.7616891293063,head_cal
head_w062_sim,312.807,320.96500000000003,324.39300000000003,328.0358,327.4051888241966,327.4421402913764,327.4839525684787,head_cal
head_w063_sim,282.519,288.76009999999997,289.009,289.34265,288.7314120899482,288.73479120545005,288.737063481222,head_cal
head_w064_sim,265.222,274.77495,274.9895,275.16564999999997,274.92259456870124,274.9266019328092,274.93101879403065,head_cal
head_w065_sim,249.034,248.89465,250.292,251.78905,251.17738393290276,251.19946052251893,251.22289373270556,head_cal
head_w066_sim,241.341,244.8973,245.10199999999998,245.5288,244.83298586002059,244.83694452953,244.84016396302576,head_cal
head_w067_sim,267.752,265.78575,269.2455,273.36035,272.3422398749969,272.39215128440446,272.44375170549364,head_cal
head_w068_sim,266.956,273.14599999999996,275.48850000000004,275.77270000000004,276.21948719246546,276.2617491181226,276.3028751912849,head_cal
head_w069_sim,275.207,268.22335,268.64549999999997,269.05035,268.3130845627173,268.3197246090082,268.3257646154166,head_cal
head_w070_sim,263.32,263.939,266.7955,270.61035,269.5960914499268,269.63479239832463,269.676770848715,head_cal
head_w071_sim,307.046,303.43075,303.6855,303.8771,303.57913478391833,303.58371772557143,303.58827460038265,head_cal
head_w072_sim,307.86,313.81855,315.075,317.33985,316.7128952853884,316.728698437792,316.74834654015825,head_cal
head_w073_sim,251.658,259.0195,259.6075,260.50375,258.84195352826134,258.8563277122171,258.87022476568075,head_cal
head_w074_sim,274.719,274.41175,276.79949999999997,278.0936,278.39359636783905,278.4336065872425,278.48148907051296,head_cal
head_w075_sim,277.755,287.2932,292.17650000000003,295.60330000000005,295.45753265558983,295.52649262927366,295.6016104763647,head_cal
head_w076_sim,276.036,284.4925,288.5695,292.08535,291.55091773583433,291.61084085760285,291.6750477747286,head_cal
head_w077_sim,270.528,271.97665,272.385,272.82099999999997,272.5624096702713,272.5722205785048,272.5837008908431,head_cal
head_w078_sim,269.483,275.50655,276.4285,277.38815,277.05361103388145,277.06771869131853,277.0842519342494,head_cal
head_w079_sim,276.338,275.8824,276.54650000000004,277.4925,277.0641901288763,277.07358782265976,277.0840126416615,head_cal
head_w080_sim,269.757,275.8824,276.54650000000004,277.4925,277.0641901288763,277.07358782265976,277.0840126416615,head_cal
head_w081_sim,271.077,275.42564999999996,275.876,276.33875,275.93986710663796,275.940400553768,275.94113819605894,head_cal
head_w082_sim,289.871,293.30039999999997,294.009,295.188,294.80278820148703,294.81008696729316,294.8194435632757,head_cal
head_w083_sim,186.852,193.7382,194.4715,195.10215,194.52552682312268,194.5305088082256,194.53595230840764,head_cal
head_w084_sim,187.803,193.58765000000002,194.1395,194.63289999999998,193.93523333685644,193.93778372544676,193.93967002983842,head_cal
head_w085_sim,201.278,207.65645,207.965,208.53255000000001,207.52824189684424,207.53536702453084,207.54184239828373,head_cal
