obsnme,group,observed,prior_mean,prior_std,prior_p05,prior_p50,prior_p95,post_mean,post_std,post_p05,post_median,post_p95,variance_reduction_pct
flow_200301_sim,flow_cal,121.93,100.4335447761194,10.661645517475701,85.806,99.715,117.46,-223183.6820014011,0.0,0.0,0.0,0.0,1121007.2308397393
flow_200302_sim,flow_cal,87.92,236.03731343283582,10.642520692388096,218.385,236.25,252.89499999999998,-380978.6672278717,0.0,0.0,0.0,0.0,1055075.1932835183
flow_200303_sim,flow_cal,272.46,311.1141791044776,13.162090341965014,287.84,311.45,331.86999999999995,-277124.44993277226,0.0,0.0,0.0,0.0,556791.7325060556
flow_200304_sim,flow_cal,103.87,97.54582089552238,15.607403376205047,72.1005,96.39500000000001,125.33999999999996,-48667.03058443743,0.0,0.0,0.0,3310.9689645215485,887440.2293430544
flow_200305_sim,flow_cal,185.53,256.7615671641791,49.87621734565311,170.515,259.29999999999995,347.5899999999999,-161014.44111308284,0.0,0.0,0.0,0.0,461394.3651921472
flow_200306_sim,flow_cal,145.52,139.1117537313433,29.355968318880652,94.11000000000001,137.65,190.54999999999998,-232944.21646455338,0.0,0.0,0.0,0.0,433752.00801122445
flow_200307_sim,flow_cal,286.0,248.50391791044777,57.031348511646705,146.15,251.85000000000002,347.59,-351197.2879212024,0.0,0.0,0.0,0.0,413087.36900117557
flow_200308_sim,flow_cal,105.71,115.62208955223879,23.089734235761412,80.522,114.1,151.795,-343720.214895923,0.0,0.0,0.0,0.0,418731.68904086086
flow_200309_sim,flow_cal,194.28,210.83029850746271,43.210631424168675,142.445,210.5,293.30499999999995,-586930.2726187666,0.0,0.0,0.0,0.0,316888.9377113523
flow_200310_sim,flow_cal,95.14,102.33727611940299,13.962438739308427,80.7845,101.15,129.87999999999985,-379909.8978079786,0.0,0.0,0.0,0.0,639254.3734115553
flow_200311_sim,flow_cal,160.9,150.66902985074628,18.952783135159702,126.81,147.9,184.94499999999994,-680433.3832483577,0.0,0.0,0.0,0.0,537937.9330533347
flow_200312_sim,flow_cal,198.61,139.58880597014925,16.120396183121187,111.875,139.45,166.67499999999987,-247234.19486877907,0.0,0.0,0.0,0.0,519849.9220671475
flow_200401_sim,flow_cal,306.95,264.126119402985,21.654432486393794,220.26,268.15,291.365,288144.5324917004,0.0,163989.65994535404,295398.7975108456,401414.33664884133,1066762.3981240473
flow_200402_sim,flow_cal,158.69,197.15447761194028,8.603271006467997,182.37,197.0,211.495,-332321.1169223172,0.0,0.0,0.0,0.0,1227924.5379019475
flow_200403_sim,flow_cal,126.75,113.08761194029852,16.736911893894188,88.4195,111.65,144.365,45962.977214173,0.0,0.0,50685.74920853259,108498.00477921746,819814.7181584722
flow_200404_sim,flow_cal,106.24,92.25425373134328,16.607005578142555,67.83550000000001,90.83,123.395,-72255.33994803278,0.0,0.0,0.0,0.0,638568.4872521259
flow_200405_sim,flow_cal,191.34,204.54037313432835,45.17851099848273,134.035,202.5,294.8949999999999,-200522.3103721979,0.0,0.0,0.0,0.0,422822.4562463286
flow_200406_sim,flow_cal,229.99,200.94552238805971,38.009936835358744,138.275,201.0,275.2999999999999,-115180.09441691042,0.0,0.0,0.0,0.0,454762.6342371777
flow_200407_sim,flow_cal,60.68,99.49093283582091,21.87376329874228,68.2455,97.595,137.69999999999996,-265989.81011068413,0.0,0.0,0.0,0.0,421923.1529060762
flow_200408_sim,flow_cal,36.56,76.25902985074627,19.554777201871566,52.426,72.705,116.4649999999999,-290428.621360685,0.0,0.0,0.0,0.0,337836.12608995434
flow_200409_sim,flow_cal,19.75,47.89462686567163,9.070658723212079,34.2305,47.235,64.145,-277991.92337771144,0.0,0.0,0.0,0.0,1001179.6326713983
flow_200410_sim,flow_cal,23.83,67.23141791044775,16.984588945641637,47.2635,64.03,100.63799999999992,-298255.42814616964,0.0,0.0,0.0,0.0,337623.60033668677
flow_200411_sim,flow_cal,55.84,95.66503731343283,27.056426022983512,66.849,90.6,155.08499999999998,-357025.0299568631,0.0,0.0,0.0,0.0,248323.6159503857
flow_200412_sim,flow_cal,74.59,183.7944029850746,11.268297912483742,164.2,183.85000000000002,200.93999999999997,-426803.71226361976,0.0,0.0,0.0,0.0,680102.5418402129
flow_200501_sim,flow_cal,662.9,463.74738805970156,48.194748038251724,368.995,471.9,542.7349999999999,1018080.6146991587,0.0,714982.2574635306,1035373.8962621263,1304198.5266803005,1179454.31105002
flow_200502_sim,flow_cal,194.62,273.50485074626863,8.516932615451514,259.40500000000003,274.05,283.765,166070.06866265245,0.0,101462.76689142105,169284.37384822225,221524.6048974322,1640372.231772892
flow_200503_sim,flow_cal,135.01,163.2283582089552,16.277316363763326,134.155,163.7,191.46999999999997,-14131.642349547305,0.0,0.0,0.0,39871.09480350649,740788.5894754044
flow_200504_sim,flow_cal,187.51,161.9162686567164,34.238271097527374,107.84,161.10000000000002,235.8449999999999,185994.02989769302,0.0,53017.138176251116,193506.69212140876,311246.7184041953,660640.2749066332
flow_200505_sim,flow_cal,115.45,81.66910447761194,16.191950164552928,58.7915,79.77000000000001,112.9249999999999,19027.130485295213,0.0,0.0,22865.70808540278,77389.08552380938,745058.0403070785
flow_200506_sim,flow_cal,56.1,55.585186567164186,11.855845836101569,39.273,53.55,79.312,-187785.0569051252,0.0,0.0,0.0,0.0,554518.6999569035
flow_200507_sim,flow_cal,51.23,73.0954104477612,19.84017026163528,46.6535,69.505,112.77999999999987,-308228.29061538103,0.0,0.0,0.0,0.0,336196.60556363885
flow_200508_sim,flow_cal,23.22,71.45518656716418,21.565415134599405,46.249,67.98,117.41999999999994,-85381.7103931361,0.0,0.0,0.0,0.0,411273.5158179046
flow_200509_sim,flow_cal,65.07,82.96156716417912,31.93717980214554,50.7655,76.035,156.71999999999997,118300.01832479116,0.0,12414.974589777583,123104.54059338587,230044.84195458173,463780.7702403639
flow_200510_sim,flow_cal,65.04,77.61399253731344,17.642690078710427,53.6475,75.64,113.00999999999992,-157740.80055252017,0.0,0.0,0.0,0.0,426697.2262755241
flow_200511_sim,flow_cal,125.67,152.83966417910446,27.14182551701645,110.14,152.1,205.29,-152567.42276277527,0.0,0.0,0.0,0.0,409893.816420017
flow_200512_sim,flow_cal,134.82,181.55111940298505,9.036101058407295,165.445,182.7,192.82999999999998,-267966.0551156504,0.0,0.0,0.0,0.0,556427.7771701555
flow_200601_sim,flow_cal,160.22,137.77619402985073,20.350117606145037,101.94999999999999,138.1,173.23999999999992,129854.11387282112,0.0,36944.14249047122,135167.17440268857,211686.9770916276,803564.3323762045
flow_200602_sim,flow_cal,148.32,128.09634328358212,16.342202966990076,98.6405,127.80000000000001,155.61499999999992,267802.37863664044,0.0,161339.12616367798,274795.294161703,363585.6314892188,1268893.0844015807
flow_200603_sim,flow_cal,190.06,170.75,24.146395734483693,128.98,170.85000000000002,216.75499999999994,389217.05600818415,0.0,246821.665100421,396892.53154341737,519975.5686549888,1068470.6966126617
flow_200604_sim,flow_cal,133.26,125.96690298507464,26.908563144887317,85.68,123.8,183.80499999999992,320519.7735917718,0.0,182442.39159399702,328342.7367358905,446744.7216450697,867488.5354747161
flow_200605_sim,flow_cal,121.93,138.5825746268657,32.04200073262383,88.227,137.4,204.70999999999995,67853.26693128918,0.0,0.0,72757.06861935851,177214.00072466247,562676.9534572714
flow_200606_sim,flow_cal,154.33,116.8214552238806,30.801929917432723,74.355,113.7,184.95499999999993,-88466.53838898857,0.0,0.0,0.0,0.0,424862.8530465766
flow_200607_sim,flow_cal,79.97,77.0104104477612,22.03594235020625,50.3905,72.75999999999999,119.57499999999992,-268252.832644009,0.0,0.0,0.0,0.0,311212.9028269806
flow_200608_sim,flow_cal,40.72,52.425149253731355,14.285277260858027,36.304500000000004,49.605000000000004,76.75099999999993,-227315.96979604894,0.0,0.0,0.0,0.0,327204.7780480112
flow_200609_sim,flow_cal,51.48,83.87720149253731,25.809520468630794,55.7795,78.88,141.65999999999994,-150432.9692320803,0.0,0.0,0.0,0.0,313398.70288281736
flow_200610_sim,flow_cal,168.2,155.42384328358207,36.43424581277051,105.205,151.95,235.0849999999999,-376864.1183201499,0.0,0.0,0.0,0.0,285858.2530252366
flow_200611_sim,flow_cal,110.92,107.48708955223881,14.265516833391825,85.85350000000001,106.4,132.04499999999993,-66737.81870944433,0.0,0.0,0.0,0.0,534273.653129188
flow_200612_sim,flow_cal,254.0,210.21119402985073,31.320414088001126,151.515,215.45,260.19,284573.46913560503,0.0,143934.87750284222,292370.9156298291,413008.9182467622,786755.4600456078
flow_200701_sim,flow_cal,361.04,346.60074626865674,39.19593916952459,271.19,351.5,411.4249999999999,839397.8760141004,0.0,591384.9714522255,853710.4763747097,1073568.5274574803,1189850.586931395
flow_200702_sim,flow_cal,120.43,249.88656716417913,7.779674767132844,239.035,250.8,259.265,-26825.620247888288,0.0,0.0,0.0,0.0,558086.397815931
flow_200703_sim,flow_cal,511.4,308.2630597014925,24.606179325834987,263.385,309.35,355.43999999999994,512567.6172708204,0.0,352492.75605259876,522117.4235907502,663299.2223623444,1246817.9687021202
flow_200704_sim,flow_cal,197.31,173.4070895522388,31.3153069827307,119.26500000000001,173.2,236.66999999999996,602883.297086606,0.0,403498.760484706,614333.5770892827,787927.0187852392,1185542.2961944342
flow_200705_sim,flow_cal,72.15,56.77048507462686,9.802399545135518,41.445,55.489999999999995,75.9465,104908.5073890431,0.0,42729.91369311358,109270.17645722284,154696.58826918487,1423061.7724856234
flow_200706_sim,flow_cal,41.82,42.66104477611941,9.615294095985556,29.218,40.91,62.86599999999996,-143365.8904257018,0.0,0.0,0.0,0.0,575288.9259271615
flow_200707_sim,flow_cal,31.38,42.74055970149254,9.939244241392569,30.633499999999998,40.894999999999996,62.944499999999906,-38548.2253657324,0.0,0.0,0.0,0.0,529963.9914321133
flow_200708_sim,flow_cal,26.99,76.47283582089553,31.933222391461406,41.329,70.44,151.05999999999997,383289.64073463465,0.0,236183.90599027683,393242.5829203591,522453.9442121813,705405.4262579794
flow_200709_sim,flow_cal,23.87,45.65022388059701,15.408594297561452,30.8695,42.415,78.61849999999993,111179.09384626258,0.0,47489.3022328309,115116.32093260321,170660.14681153581,571029.0505876463
flow_200710_sim,flow_cal,25.61,82.8854104477612,25.26602521505867,53.371,79.21000000000001,139.665,19296.334874776214,0.0,0.0,21972.744889471614,99302.71588307002,426072.3956506599
flow_200711_sim,flow_cal,44.77,120.85809701492536,21.69129899684037,87.646,119.7,164.89499999999995,3183.24226218197,0.0,0.0,5795.175004777164,73619.71514109532,516580.4751938399
flow_200712_sim,flow_cal,216.4,271.2992537313433,31.36698327685395,208.42000000000002,276.85,318.7849999999999,540952.1723004963,0.0,364563.67858281854,550851.0773176779,704181.7295025118,1007604.1394978458
flow_200801_sim,flow_cal,190.26,179.0981343283582,10.397728984822281,156.805,180.2,192.595,348877.9161385889,0.0,249715.29994633273,354267.52975248825,439085.62687375146,2237932.4164095963
flow_200802_sim,flow_cal,286.0,343.06194029850747,11.19585460186427,320.51,345.75,351.065,466345.0306678975,0.0,353333.1333627124,471957.44099360734,569406.3999410778,2252623.92640324
flow_200803_sim,flow_cal,588.99,581.2656716417911,36.16268920529063,512.675,584.35,639.8,1046773.4221948601,0.0,781336.8170597657,1059241.3281602853,1300390.9942538338,1472045.603170772
flow_200804_sim,flow_cal,185.45,122.38164179104477,16.35844739086644,98.625,120.7,153.725,829747.1350800387,0.0,629186.5966901453,841731.6710568094,1015827.9565746345,3461035.1115272837
flow_200805_sim,flow_cal,189.69,155.31850746268657,37.39166707039571,99.8575,152.85000000000002,236.58999999999995,225696.79124812744,0.0,81406.66814029201,232831.20929746766,363025.84460050723,637331.7788359008
flow_200806_sim,flow_cal,269.43,338.9171641791045,46.280026230362665,265.8,338.05,433.6099999999999,147932.14702495563,0.0,43.77619857262878,151951.59368892026,297636.1176787621,530404.083443838
flow_200807_sim,flow_cal,107.18,76.3959328358209,17.660781077436383,53.69500000000001,72.555,115.39499999999995,-80653.15574762109,0.0,0.0,0.0,0.0,454883.08025620866
flow_200808_sim,flow_cal,31.04,46.439552238805966,8.514377254002673,33.8025,45.39,63.0235,-141173.03839870417,0.0,0.0,0.0,0.0,726105.4635633777
flow_200809_sim,flow_cal,22.35,36.76805970149253,8.89985885320151,25.961000000000002,35.400000000000006,54.54999999999998,-86697.67808349933,0.0,0.0,0.0,0.0,594683.5653795261
flow_200810_sim,flow_cal,19.46,40.84529850746269,6.83118128424908,31.638,40.045,54.214,99651.63710568234,0.0,58961.59898210425,102117.43577094341,132521.7366754752,1123922.209556518
flow_200811_sim,flow_cal,19.65,49.513992537313435,11.435881901338755,37.5385,47.735,70.70449999999998,7756.423402200787,0.0,0.0,8997.104256753388,42020.94162872936,440060.10288508097
flow_200812_sim,flow_cal,98.49,286.00298507462685,24.532051770890753,235.04500000000002,290.9,317.1699999999999,-76540.85938321412,0.0,0.0,0.0,0.0,425237.64386708755
flow_200901_sim,flow_cal,45.0,111.84854477611941,6.744992963979275,100.27499999999999,112.2,121.85499999999998,37630.36926569873,0.0,7.996898803769661,40223.09847806324,68806.03017918492,1375309.130447904
flow_200902_sim,flow_cal,197.85,237.85932835820896,10.695251961897915,214.535,240.1,249.365,-105155.74490833412,0.0,0.0,0.0,0.0,416004.60142056306
flow_200903_sim,flow_cal,63.0,69.90529850746269,11.021816580515646,56.3245,67.85,91.20799999999994,101548.74502557164,0.0,42403.47698564334,104469.82366132247,149576.8999995424,928035.3704052748
flow_200904_sim,flow_cal,149.23,144.4434328358209,28.636885779057977,103.335,142.95,204.16999999999996,185975.12705246048,0.0,73930.51639478595,191715.08223130286,293197.6040617268,638358.8036513643
flow_200905_sim,flow_cal,173.36,115.2915671641791,24.74872073581062,75.024,115.35,162.10499999999996,53084.34577382274,0.0,0.0,57291.43118803925,138238.96822153978,578749.8348101506
flow_200906_sim,flow_cal,76.17,88.17134328358209,24.39522002332801,55.425999999999995,85.61,137.995,-146330.59069469105,0.0,0.0,0.0,0.0,375150.4641921087
flow_200907_sim,flow_cal,45.51,74.20753731343284,18.01516645432064,49.948,72.00999999999999,106.41999999999999,-166113.75453181184,0.0,0.0,0.0,0.0,377617.43518869014
flow_200908_sim,flow_cal,38.48,59.47294776119403,11.040941678625918,45.454,57.82,78.64599999999999,-98350.26342053193,0.0,0.0,0.0,0.0,477511.2858724873
flow_200909_sim,flow_cal,25.62,42.82955223880597,9.334676190101074,32.638,41.17,59.00949999999992,-46756.84437161898,0.0,0.0,0.0,0.0,416661.0452900739
flow_200910_sim,flow_cal,51.06,83.46660447761195,34.34093183489156,53.257,75.28,164.79999999999995,63017.58639866446,0.0,0.0,65628.82959175593,172729.51535760774,337304.7276790682
flow_200911_sim,flow_cal,41.4,50.11283582089552,7.196398923841813,39.69,49.06,64.428,-73727.58401365473,0.0,0.0,0.0,0.0,728740.9627706071
flow_200912_sim,flow_cal,106.92,124.64832089552239,17.046655228326156,97.41250000000001,124.05000000000001,156.83999999999997,-137142.68543351095,0.0,0.0,0.0,0.0,394441.82669974345
flow_201001_sim,flow_cal,107.32,123.4798880597015,6.072816602331226,114.17,123.7,132.325,-100027.37758096277,0.0,0.0,0.0,0.0,596817.2907806252
flow_201002_sim,flow_cal,69.46,125.26074626865673,6.326613856297075,115.68,125.7,133.825,-63670.535017708215,0.0,0.0,0.0,0.0,688474.8886548803
flow_201003_sim,flow_cal,345.75,198.26641791044779,23.647910309939522,156.26,200.35000000000002,239.59499999999994,321923.0368044736,0.0,199753.9166917065,328738.6134865247,434136.7777831819,917677.1954361628
flow_201004_sim,flow_cal,111.71,80.16190298507462,14.010556978649209,58.061,79.225,104.34499999999997,279153.7574041292,0.0,178480.41059662207,285821.43114101025,369267.83690520347,1441783.3928689333
flow_201005_sim,flow_cal,136.06,138.9739552238806,34.42209544332823,85.4855,138.05,207.87999999999994,23829.87681616365,0.0,0.0,26744.76630161694,131834.05098026106,495550.075303974
flow_201006_sim,flow_cal,198.7,183.9571641791045,49.12912758940251,105.94500000000001,182.3,280.57499999999993,-65278.14603455642,0.0,0.0,0.0,68353.32977544186,434116.49784018646
flow_201007_sim,flow_cal,56.07,54.30798507462687,8.045418058131814,41.9895,53.57,68.83449999999999,-32813.6038758248,0.0,0.0,0.0,0.0,893556.1905342051
flow_201008_sim,flow_cal,26.37,38.75440298507463,9.418937097503765,27.841,36.775000000000006,57.36499999999994,-106333.95378053939,0.0,0.0,0.0,0.0,461050.3492965623
flow_201009_sim,flow_cal,14.85,26.159813432835822,5.42071884983509,18.424,25.415,37.498999999999995,29321.17855358461,0.0,4022.5247370852503,31480.07532710825,49018.97389005904,1084739.047085624
flow_201010_sim,flow_cal,15.24,30.61820895522388,6.438278301825319,22.021,29.655,42.39449999999999,-9188.666430083222,0.0,0.0,0.0,7636.99107281693,704019.0791142904
flow_201011_sim,flow_cal,32.45,138.43630597014925,39.121651516636895,82.36749999999999,135.15,224.09499999999994,181815.96616601475,0.0,44505.29125146437,187598.4551165711,320573.50618850265,548253.331411285
flow_201012_sim,flow_cal,50.23,128.07388059701495,10.071156531070796,109.31,128.7,143.96999999999997,-57289.834609154306,0.0,0.0,0.0,0.0,505579.677346087
flow_201101_sim,flow_cal,51.82,111.54462686567165,5.390338097380306,103.57000000000001,111.6,119.595,16863.030506135932,0.0,0.0,18842.240133543462,38119.01111493775,1217364.1158230475
flow_201102_sim,flow_cal,217.33,357.995895522388,20.502186371495004,318.34499999999997,360.3,390.9699999999999,-3855.6875755736414,0.0,0.0,0.0,52178.65700811581,473625.6067679658
flow_201103_sim,flow_cal,433.81,279.9208955223881,26.51472228916306,234.22,282.9,326.06,878628.3916176512,0.0,658826.9214830738,889608.3077574908,1089651.579720388,1780237.1084051963
flow_201104_sim,flow_cal,532.92,398.9608208955224,64.26732962984049,277.35,405.2,500.57499999999976,1192163.8870519316,0.0,824503.2668915362,1211526.1835054723,1530353.922226624,1026366.447021981
flow_201105_sim,flow_cal,430.13,269.51679104477614,46.13607111392162,190.46,271.25,352.6499999999999,1252040.6807868872,0.0,914333.3026493273,1271004.8973495644,1573701.3480845136,1470671.1868610221
flow_201106_sim,flow_cal,121.2,124.70261194029852,24.098608874923123,83.7925,123.75,171.40499999999997,513818.30255548336,0.0,346974.2355244372,523656.00641673914,667094.2054632554,1328856.4634264074
flow_201107_sim,flow_cal,45.0,52.295671641791046,8.121985555265526,40.518499999999996,51.19,67.73349999999996,27240.807128386616,0.0,0.0,29814.938645614355,56077.72963225052,1001765.2629939076
flow_201108_sim,flow_cal,28.21,44.335708955223886,9.231747487219561,33.3845,42.72,62.628999999999984,196964.2395466641,0.0,133281.34342282815,200240.78229656606,251949.5661611629,1231392.491267775
flow_201109_sim,flow_cal,62.98,154.1325,47.02815569219134,91.00399999999999,150.10000000000002,254.83999999999995,501395.409414878,0.0,295670.8418903138,512667.9876321618,693712.2177062753,683243.970451458
flow_201110_sim,flow_cal,94.1,119.03466417910448,21.289510901348514,89.394,117.0,162.26500000000001,159443.6929420553,0.0,70690.76005518797,164827.06616025342,243248.5953748165,666448.8044125878
flow_201111_sim,flow_cal,221.61,290.92723880597015,41.15758021102132,214.37,295.7,356.2849999999998,517857.6025361287,0.0,324044.1948198797,526718.2743778224,691106.8797524801,812004.1872622783
flow_201112_sim,flow_cal,460.43,317.76417910447765,34.63538902238354,256.67,321.0,376.11999999999995,1234545.5943925213,0.0,931894.15098279,1248881.5596236507,1525845.7863687323,1940886.4935382698
flow_201201_sim,flow_cal,306.67,345.35149253731345,6.266320833647624,338.28000000000003,346.29999999999995,351.065,292705.9216132188,0.0,232768.5471594433,295389.023254781,349074.2891308719,1819910.7062396735
flow_201202_sim,flow_cal,120.26,123.27089552238806,8.27639868692891,108.97,122.0,136.6,599409.7089357073,0.0,460037.4517185724,605768.2869417957,727162.3079246056,6134375.172437484
flow_201203_sim,flow_cal,123.74,112.25973880597016,18.3181448574266,86.03,109.95,152.16499999999996,451197.364626279,0.0,314069.64140220394,459293.2314718001,578243.9940371419,1477867.3967815558
flow_201204_sim,flow_cal,60.54,82.31675373134328,14.981433787729676,62.8775,79.905,114.73499999999991,171470.8631305574,0.0,89687.14228872009,176658.96304495799,244491.0986533273,943393.1534681211
flow_201205_sim,flow_cal,116.47,103.36664179104478,22.360183779270272,74.7375,100.15,153.75499999999994,106260.10908360577,0.0,23847.220161693243,110611.71797781858,188246.7843992767,587470.2901530139
flow_201206_sim,flow_cal,37.97,41.92294776119403,7.750658053799291,31.0505,40.55,57.32549999999998,-24991.139788021286,0.0,0.0,0.0,0.0,769955.0342268149
flow_201207_sim,flow_cal,23.85,36.56626865671642,8.389260806909911,26.0335,35.28,51.04049999999998,172974.32846699518,0.0,114120.96535081587,176219.52401354356,222089.49453812678,1281587.5752297053
flow_201208_sim,flow_cal,20.24,41.279514925373135,7.900853373749209,29.6755,40.44,55.99849999999998,172521.6138927497,0.0,112089.78230042705,176318.29302190372,223440.58085774342,1671016.1291566775
flow_201209_sim,flow_cal,28.77,71.33682835820896,27.03065719659424,45.923500000000004,64.65,132.365,599794.8689250179,0.0,433001.96928185114,610543.723342248,757347.820890726,1003279.9746688894
flow_201210_sim,flow_cal,39.39,55.32358208955225,18.286942637185362,39.417,51.334999999999994,94.14949999999999,120574.24789664445,0.0,53452.743833507106,124432.91159946758,186979.47378393717,468429.64383327
flow_201211_sim,flow_cal,35.28,63.07929104477612,8.96803340153267,50.3755,62.13,80.15849999999993,88751.72376239841,0.0,37876.41361954531,92130.39359615927,132189.36988006489,1079017.1372784597
flow_201212_sim,flow_cal,76.23,101.36022388059702,18.41917434279531,70.94900000000001,101.5,135.625,139337.59807995032,0.0,59719.264288176615,144443.31619980006,212923.82480511031,730156.0516098444
flow_201301_sim,flow_cal,210.39,257.7149253731343,11.773044228507551,233.21,260.2,266.96,55615.97971265321,0.0,18616.59622719366,57401.26082765708,88966.22665753777,456959.7342259197
flow_201302_sim,flow_cal,109.47,144.0768656716418,5.567359586097751,134.675,144.25,151.82999999999998,234233.47909555968,0.0,173260.6372231108,237165.09692532857,289036.19242258347,2704526.036836877
flow_201303_sim,flow_cal,226.11,122.01123134328358,12.80328014116875,98.7005,121.3,143.79999999999995,422392.6477030579,0.0,306788.81705444603,429013.6525140456,530837.4261675567,2043153.813247288
flow_201304_sim,flow_cal,238.77,152.6496641791045,33.96987959004944,94.03250000000001,153.45,216.45999999999995,615594.1266750041,0.0,416398.4450427485,627476.699313539,802002.2834386233,1070416.775151324
flow_201305_sim,flow_cal,92.85,72.2231343283582,14.63603934871365,52.8315,70.025,102.70499999999991,248192.45999380737,0.0,154860.43357554052,254148.92986686173,331695.90615350864,1165268.0975815172
flow_201306_sim,flow_cal,76.06,79.40985074626866,22.19863313553909,51.9895,75.735,128.90499999999992,53373.32485318449,0.0,0.0,56625.876136454644,128479.7770333654,514304.72675758746
flow_201307_sim,flow_cal,113.24,89.88839552238807,28.39616556446177,55.453500000000005,85.15,146.40499999999992,-82141.9577593796,0.0,0.0,0.0,0.0,365040.7425135502
flow_201308_sim,flow_cal,33.24,39.34798507462687,6.933691158281286,29.929,37.989999999999995,52.61049999999997,-23727.367448409837,0.0,0.0,0.0,0.0,810040.7624911752
flow_201309_sim,flow_cal,25.84,54.77865671641791,18.091747608292696,38.668,50.69,93.222,274241.94861128874,0.0,181352.74612972356,280831.99542196153,360470.59881661786,743744.3382163665
flow_201310_sim,flow_cal,57.31,113.90029850746268,30.667782383391433,71.5715,111.44999999999999,180.98499999999999,167409.56808397168,0.0,54818.83577250086,172866.530728455,278635.5271424418,576104.26334538
flow_201311_sim,flow_cal,83.53,99.37854477611941,15.493693719233102,77.8985,97.785,131.70499999999996,7470.475812933954,0.0,0.0,9438.79667810884,58376.65484485109,508306.0023660699
flow_201312_sim,flow_cal,293.93,225.01716417910447,12.15358041984474,202.24,226.1,237.865,-22827.087883305005,0.0,0.0,0.0,6107.1220372609505,390037.62448398175
flow_201401_sim,flow_cal,158.66,95.57708955223879,5.561848280165131,86.959,95.31,104.66499999999999,153365.60336672943,0.0,106991.89082440556,156193.05233319104,193823.49383538894,2023201.3006475915
flow_201402_sim,flow_cal,219.4,330.26417910447765,5.921653314344913,322.25,331.05,335.695,-138022.8462567598,0.0,0.0,0.0,0.0,273962.76108563604
flow_201403_sim,flow_cal,133.29,97.947276119403,9.547128146650497,81.723,97.69999999999999,113.73499999999996,218021.36115001512,0.0,141933.40867498657,223551.65796352248,285770.2785522628,1767018.929960642
flow_201404_sim,flow_cal,312.9,239.9063432835821,32.47900959821537,181.125,242.3,296.1949999999999,662957.8180915976,0.0,461110.6944928608,674705.2706471316,853407.6767716501,1160056.0259989183
flow_201405_sim,flow_cal,184.85,162.9934328358209,29.976994165238416,112.47,163.8,219.29499999999996,282012.4548825646,0.0,149134.10377874778,288973.30162016576,404661.7416213664,761282.5867511964
flow_201406_sim,flow_cal,176.39,160.1276119402985,40.74697100351393,97.12,158.5,241.1699999999999,-39297.956215028826,0.0,0.0,0.0,75782.44118732997,447044.9547145432
flow_201407_sim,flow_cal,57.43,65.53686567164178,11.236329216387436,49.0905,63.7,84.7785,20176.950790890394,0.0,0.0,23145.27285333093,59818.957550823274,709980.2380115008
flow_201408_sim,flow_cal,38.79,77.88272388059701,23.919192622217697,50.981500000000004,73.755,130.85999999999999,117168.06080606395,0.0,30068.396636840233,121750.70757799647,205470.93303607785,539390.4106872461
flow_201409_sim,flow_cal,28.57,46.35399253731344,9.405542598143244,34.6035,44.735,64.00649999999997,62909.77845627616,0.0,17336.89887898777,65508.96515599455,100685.23871187816,803384.911198379
flow_201410_sim,flow_cal,23.25,39.92369402985074,7.368090083025228,30.857499999999998,38.84,52.55299999999999,-68466.81328520006,0.0,0.0,0.0,0.0,591500.2071019469
flow_201411_sim,flow_cal,29.05,52.76175373134329,10.522828309893645,41.1045,50.504999999999995,72.279,-139510.3377855189,0.0,0.0,0.0,0.0,285703.1992235804
flow_201412_sim,flow_cal,63.46,83.37473880597015,17.160188976212137,62.753,80.57,120.75999999999999,23035.10803306979,0.0,0.0,25253.390890181177,79508.2718211567,456030.37414406345
flow_201501_sim,flow_cal,113.13,206.6884328358209,15.06509398280767,180.21,207.85000000000002,232.415,59632.180364421714,0.0,6515.88467024779,62398.3221285294,108517.80288899201,600906.425349418
flow_201502_sim,flow_cal,69.83,62.13384328358209,5.570188823182728,54.457,61.37,71.9945,47222.53836614363,0.0,19560.609938654135,48639.231786788296,69994.80683574446,1370358.4258250382
flow_201503_sim,flow_cal,245.05,293.73917910447756,7.794067324954846,279.235,295.0,301.86,107501.37643110445,0.0,70608.14157665077,109720.99073406137,141152.1951054478,749064.6293481151
flow_201504_sim,flow_cal,254.11,160.36104477611937,28.18523010209603,111.73,161.8,214.02999999999994,573693.8807534374,0.0,397922.7866108379,583876.2102489902,739958.5979220056,1159062.5765562505
flow_201505_sim,flow_cal,69.83,76.21429104477612,16.71610947484195,52.4845,74.015,110.07499999999992,254738.6606854165,0.0,153821.93566926848,260829.65798311675,344916.7274904259,1080670.350399283
flow_201506_sim,flow_cal,276.6,229.69570895522386,63.460371366329305,133.805,225.0,356.32499999999993,-78983.98613765641,0.0,0.0,0.0,90838.57320194368,415266.57214438973
flow_201507_sim,flow_cal,249.75,159.02414179104477,27.782918950373826,108.515,161.10000000000002,205.31999999999988,249953.0973121171,0.0,128269.22080007243,256136.80925678037,361697.6995567443,759839.5754335475
flow_201508_sim,flow_cal,57.48,85.84462686567163,13.169187431768837,59.361000000000004,86.515,104.695,97413.01504397347,0.0,31299.286018815226,102314.34227761305,154590.48213075922,936414.0151494028
flow_201509_sim,flow_cal,27.89,35.74555970149254,6.7555532479258105,26.7805,34.71,49.163999999999994,-50904.65607063315,0.0,0.0,0.0,0.0,812810.5483894672
flow_201510_sim,flow_cal,35.31,73.3063432835821,18.017491357512693,49.2405,71.115,111.75999999999995,49823.064800339314,0.0,0.0,53145.458690301246,114731.78673518807,566366.9935457702
flow_201511_sim,flow_cal,49.1,66.74444029850747,16.498968168400427,49.743500000000004,63.150000000000006,101.75999999999999,60050.10272230431,0.0,3101.12181055913,63394.12573203398,118815.51358646064,488315.8257475623
flow_201512_sim,flow_cal,213.45,190.0462686567164,31.535895145914996,137.54000000000002,190.25,249.8899999999999,154619.87948334462,0.0,45651.332600271075,158465.5268150403,261641.87797957938,549809.0032147345
flow_201601_sim,flow_cal,162.57,126.65514925373135,6.234396220350575,116.17,126.8,135.53,374343.5740606621,0.0,285447.1741524938,377958.61315319827,455422.72155148967,4412207.962260423
flow_201602_sim,flow_cal,188.9,281.4925373134328,22.25695574267035,235.915,285.7,311.47999999999996,587778.7204117628,0.0,429290.51777888974,594690.8044465753,738632.5983148324,1397529.4433943524
flow_201603_sim,flow_cal,252.64,264.3981343283582,32.41617649228379,208.07,266.20000000000005,321.465,1149420.45427239,0.0,864113.2896737835,1163935.3689194322,1423431.185391963,1957400.0568126747
flow_201604_sim,flow_cal,151.47,109.74738805970149,22.41358511364477,72.163,108.7,154.56499999999997,508247.46837508504,0.0,349035.27441509295,517512.5762408811,654995.4476114667,1369837.7301000198
flow_201605_sim,flow_cal,87.39,69.43533582089552,15.279628756713356,51.858,66.33500000000001,102.91999999999994,219755.5442487358,0.0,133414.27906163468,225121.81483942422,298464.27222665865,939105.6436836675
flow_201606_sim,flow_cal,48.17,84.87246268656716,25.255809431046337,51.5875,81.4,140.7949999999999,44893.93443148557,0.0,0.0,48053.00694795241,128392.05104550916,506219.1946310407
flow_201607_sim,flow_cal,31.01,51.8769776119403,9.525468964610171,39.764500000000005,50.07,69.16649999999998,141675.44215253906,0.0,85054.22782429711,145370.65534094843,191382.9802885221,1022904.2276596663
flow_201608_sim,flow_cal,37.21,52.90332089552239,23.162333327733407,36.8555,46.735,105.22999999999999,214973.4038992793,0.0,128228.08325238602,219789.9798460028,300989.1366933575,418891.4507261594
flow_201609_sim,flow_cal,34.15,65.30537313432836,22.451304580989035,43.0785,60.8,118.01999999999998,231309.04267278427,0.0,133060.19470851883,237576.78086590552,324370.6072655271,627886.2417119415
flow_201610_sim,flow_cal,37.01,68.05179104477612,15.199525340053084,47.6015,66.42,99.65749999999997,108409.26806019462,0.0,41229.963324380835,112487.72786452976,170455.30008160882,721933.2787657913
flow_201611_sim,flow_cal,22.53,45.56690298507463,7.3039201750249925,35.682500000000005,44.175,59.78599999999995,8357.375832583588,0.0,0.0,9732.241337210258,33589.97944045103,813405.7391530778
flow_201612_sim,flow_cal,68.72,136.52455223880597,9.301774516835748,119.9,137.25,148.53,-21972.847316671,0.0,0.0,0.0,3542.313442228964,517287.32599042787
flow_201701_sim,flow_cal,199.97,240.27089552238806,17.244530477944995,209.025,241.7,264.9,261249.42300328013,0.0,173654.1841408327,265457.8255474935,340704.07768124156,868611.4997260482
flow_201702_sim,flow_cal,94.29,109.6975,13.880734773290712,84.45700000000001,109.2,133.74499999999998,397374.57656363794,0.0,281008.1376805992,404404.70764238667,505676.55648444814,1825245.5728627392
flow_201703_sim,flow_cal,195.27,212.65485074626866,27.69580233571215,161.195,214.6,261.60499999999996,692585.6743134834,0.0,498059.92198829824,703778.8293652823,877138.8378722919,1385916.8633468198
flow_201704_sim,flow_cal,146.94,153.13917910447762,27.882381884414496,105.075,153.8,204.76500000000001,361724.08554476453,0.0,221049.70177317352,369486.842663451,490171.4958419695,892709.3113664311
flow_201705_sim,flow_cal,312.62,223.46332089552237,51.41064945801009,138.06,224.85000000000002,320.1249999999999,566614.2838781168,0.0,339794.1786532778,577180.1717307967,777833.2410787104,744819.3605002363
flow_201706_sim,flow_cal,138.98,206.31809701492537,41.263237110223464,134.18,208.35000000000002,285.28999999999985,150420.863905434,0.0,11980.019153283307,155504.94213466614,280926.30455176753,574344.8963928801
flow_201707_sim,flow_cal,210.59,141.50529850746267,31.07807555271678,92.1055,140.14999999999998,197.05499999999995,80213.3051349916,0.0,0.0,84040.49030197604,180779.00091588232,531364.8593938284
flow_201708_sim,flow_cal,40.72,49.51317164179104,8.522646017901877,37.935500000000005,48.035,65.48199999999996,89572.30347305443,0.0,39623.78495423749,92448.82576668262,130254.73199621483,1122080.0965278996
flow_201709_sim,flow_cal,31.77,48.25697761194029,11.39319697332163,35.458,45.94,71.52099999999996,52499.83712800174,0.0,5352.287724105483,54916.07511255345,94394.0097811142,627753.1019810087
flow_201710_sim,flow_cal,39.59,60.80973880597015,18.600164499465524,42.801,56.25,100.1195,70755.09930032611,0.0,8790.372681772267,73795.86264550379,135354.9517331967,446093.0231050805
flow_201711_sim,flow_cal,242.82,226.85261194029852,38.168682780679525,173.01000000000002,223.75,306.0199999999999,163383.70133139426,0.0,39570.71276899054,165679.15900589182,289169.23480844527,496641.21363817446
flow_201712_sim,flow_cal,61.48,69.8731343283582,7.242642700372503,58.574000000000005,69.15,83.669,135719.9466638675,0.0,80022.17610401702,139596.61941857715,182861.3947793412,1694952.4528331563
flow_201801_sim,flow_val,169.11,0.0,0.0,0.0,0.0,0.0,0.0,0.0,0.0,0.0,0.0,0.0
flow_201802_sim,flow_val,366.7,0.0,0.0,0.0,0.0,0.0,0.0,0.0,0.0,0.0,0.0,0.0
flow_201803_sim,flow_val,234.55,0.0,0.0,0.0,0.0,0.0,0.0,0.0,0.0,0.0,0.0,0.0
flow_201804_sim,flow_val,373.78,0.0,0.0,0.0,0.0,0.0,0.0,0.0,0.0,0.0,0.0,0.0
flow_201805_sim,flow_val,83.82,0.0,0.0,0.0,0.0,0.0,0.0,0.0,0.0,0.0,0.0,0.0
flow_201806_sim,flow_val,106.05,0.0,0.0,0.0,0.0,0.0,0.0,0.0,0.0,0.0,0.0,0.0
flow_201807_sim,flow_val,47.88,0.0,0.0,0.0,0.0,0.0,0.0,0.0,0.0,0.0,0.0,0.0
flow_201808_sim,flow_val,50.32,0.0,0.0,0.0,0.0,0.0,0.0,0.0,0.0,0.0,0.0,0.0
flow_201809_sim,flow_val,154.35,0.0,0.0,0.0,0.0,0.0,0.0,0.0,0.0,0.0,0.0,0.0
flow_201810_sim,flow_val,44.57,0.0,0.0,0.0,0.0,0.0,0.0,0.0,0.0,0.0,0.0,0.0
flow_201811_sim,flow_val,286.85,0.0,0.0,0.0,0.0,0.0,0.0,0.0,0.0,0.0,0.0,0.0
flow_201812_sim,flow_val,230.24,0.0,0.0,0.0,0.0,0.0,0.0,0.0,0.0,0.0,0.0,0.0
flow_201901_sim,flow_val,304.12,0.0,0.0,0.0,0.0,0.0,0.0,0.0,0.0,0.0,0.0,0.0
flow_201902_sim,flow_val,496.96,0.0,0.0,0.0,0.0,0.0,0.0,0.0,0.0,0.0,0.0,0.0
flow_201903_sim,flow_val,221.41,0.0,0.0,0.0,0.0,0.0,0.0,0.0,0.0,0.0,0.0,0.0
flow_201904_sim,flow_val,305.82,0.0,0.0,0.0,0.0,0.0,0.0,0.0,0.0,0.0,0.0,0.0
flow_201905_sim,flow_val,290.53,0.0,0.0,0.0,0.0,0.0,0.0,0.0,0.0,0.0,0.0,0.0
flow_201906_sim,flow_val,296.76,0.0,0.0,0.0,0.0,0.0,0.0,0.0,0.0,0.0,0.0,0.0
flow_201907_sim,flow_val,81.41,0.0,0.0,0.0,0.0,0.0,0.0,0.0,0.0,0.0,0.0,0.0
flow_201908_sim,flow_val,39.36,0.0,0.0,0.0,0.0,0.0,0.0,0.0,0.0,0.0,0.0,0.0
flow_201909_sim,flow_val,23.72,0.0,0.0,0.0,0.0,0.0,0.0,0.0,0.0,0.0,0.0,0.0
flow_201910_sim,flow_val,23.28,0.0,0.0,0.0,0.0,0.0,0.0,0.0,0.0,0.0,0.0,0.0
flow_201911_sim,flow_val,29.85,0.0,0.0,0.0,0.0,0.0,0.0,0.0,0.0,0.0,0.0,0.0
flow_201912_sim,flow_val,54.57,0.0,0.0,0.0,0.0,0.0,0.0,0.0,0.0,0.0,0.0,0.0
flow_202001_sim,flow_val,225.18,0.0,0.0,0.0,0.0,0.0,0.0,0.0,0.0,0.0,0.0,0.0
flow_202002_sim,flow_val,181.57,0.0,0.0,0.0,0.0,0.0,0.0,0.0,0.0,0.0,0.0,0.0
flow_202003_sim,flow_val,331.31,0.0,0.0,0.0,0.0,0.0,0.0,0.0,0.0,0.0,0.0,0.0
flow_202004_sim,flow_val,143.31,0.0,0.0,0.0,0.0,0.0,0.0,0.0,0.0,0.0,0.0,0.0
flow_202005_sim,flow_val,233.36,0.0,0.0,0.0,0.0,0.0,0.0,0.0,0.0,0.0,0.0,0.0
flow_202006_sim,flow_val,70.42,0.0,0.0,0.0,0.0,0.0,0.0,0.0,0.0,0.0,0.0,0.0
flow_202007_sim,flow_val,37.94,0.0,0.0,0.0,0.0,0.0,0.0,0.0,0.0,0.0,0.0,0.0
flow_202008_sim,flow_val,35.74,0.0,0.0,0.0,0.0,0.0,0.0,0.0,0.0,0.0,0.0,0.0
flow_202009_sim,flow_val,32.54,0.0,0.0,0.0,0.0,0.0,0.0,0.0,0.0,0.0,0.0,0.0
flow_202010_sim,flow_val,49.64,0.0,0.0,0.0,0.0,0.0,0.0,0.0,0.0,0.0,0.0,0.0
flow_202011_sim,flow_val,85.69,0.0,0.0,0.0,0.0,0.0,0.0,0.0,0.0,0.0,0.0,0.0
flow_202012_sim,flow_val,67.54,0.0,0.0,0.0,0.0,0.0,0.0,0.0,0.0,0.0,0.0,0.0
flow_202101_sim,flow_val,109.7,0.0,0.0,0.0,0.0,0.0,0.0,0.0,0.0,0.0,0.0,0.0
flow_202102_sim,flow_val,113.89,0.0,0.0,0.0,0.0,0.0,0.0,0.0,0.0,0.0,0.0,0.0
flow_202103_sim,flow_val,249.73,0.0,0.0,0.0,0.0,0.0,0.0,0.0,0.0,0.0,0.0,0.0
flow_202104_sim,flow_val,74.36,0.0,0.0,0.0,0.0,0.0,0.0,0.0,0.0,0.0,0.0,0.0
flow_202105_sim,flow_val,158.89,0.0,0.0,0.0,0.0,0.0,0.0,0.0,0.0,0.0,0.0,0.0
flow_202106_sim,flow_val,142.58,0.0,0.0,0.0,0.0,0.0,0.0,0.0,0.0,0.0,0.0,0.0
flow_202107_sim,flow_val,116.44,0.0,0.0,0.0,0.0,0.0,0.0,0.0,0.0,0.0,0.0,0.0
flow_202108_sim,flow_val,34.89,0.0,0.0,0.0,0.0,0.0,0.0,0.0,0.0,0.0,0.0,0.0
flow_202109_sim,flow_val,48.45,0.0,0.0,0.0,0.0,0.0,0.0,0.0,0.0,0.0,0.0,0.0
flow_202110_sim,flow_val,81.52,0.0,0.0,0.0,0.0,0.0,0.0,0.0,0.0,0.0,0.0,0.0
flow_202111_sim,flow_val,70.91,0.0,0.0,0.0,0.0,0.0,0.0,0.0,0.0,0.0,0.0,0.0
flow_202112_sim,flow_val,205.72,0.0,0.0,0.0,0.0,0.0,0.0,0.0,0.0,0.0,0.0,0.0
flow_202201_sim,flow_val,177.91,0.0,0.0,0.0,0.0,0.0,0.0,0.0,0.0,0.0,0.0,0.0
flow_202202_sim,flow_val,371.52,0.0,0.0,0.0,0.0,0.0,0.0,0.0,0.0,0.0,0.0,0.0
flow_202203_sim,flow_val,281.41,0.0,0.0,0.0,0.0,0.0,0.0,0.0,0.0,0.0,0.0,0.0
flow_202204_sim,flow_val,155.86,0.0,0.0,0.0,0.0,0.0,0.0,0.0,0.0,0.0,0.0,0.0
flow_202205_sim,flow_val,230.33,0.0,0.0,0.0,0.0,0.0,0.0,0.0,0.0,0.0,0.0,0.0
flow_202206_sim,flow_val,140.05,0.0,0.0,0.0,0.0,0.0,0.0,0.0,0.0,0.0,0.0,0.0
flow_202207_sim,flow_val,86.48,0.0,0.0,0.0,0.0,0.0,0.0,0.0,0.0,0.0,0.0,0.0
flow_202208_sim,flow_val,35.4,0.0,0.0,0.0,0.0,0.0,0.0,0.0,0.0,0.0,0.0,0.0
flow_202209_sim,flow_val,45.08,0.0,0.0,0.0,0.0,0.0,0.0,0.0,0.0,0.0,0.0,0.0
flow_202210_sim,flow_val,21.11,0.0,0.0,0.0,0.0,0.0,0.0,0.0,0.0,0.0,0.0,0.0
flow_202211_sim,flow_val,23.11,0.0,0.0,0.0,0.0,0.0,0.0,0.0,0.0,0.0,0.0,0.0
flow_202212_sim,flow_val,22.82,0.0,0.0,0.0,0.0,0.0,0.0,0.0,0.0,0.0,0.0,0.0
flow_202301_sim,flow_val,88.69,0.0,0.0,0.0,0.0,0.0,0.0,0.0,0.0,0.0,0.0,0.0
flow_202302_sim,flow_val,74.08,0.0,0.0,0.0,0.0,0.0,0.0,0.0,0.0,0.0,0.0,0.0
flow_202303_sim,flow_val,322.53,0.0,0.0,0.0,0.0,0.0,0.0,0.0,0.0,0.0,0.0,0.0
flow_202304_sim,flow_val,150.22,0.0,0.0,0.0,0.0,0.0,0.0,0.0,0.0,0.0,0.0,0.0
flow_202305_sim,flow_val,115.62,0.0,0.0,0.0,0.0,0.0,0.0,0.0,0.0,0.0,0.0,0.0
flow_202306_sim,flow_val,66.18,0.0,0.0,0.0,0.0,0.0,0.0,0.0,0.0,0.0,0.0,0.0
flow_202307_sim,flow_val,57.2,0.0,0.0,0.0,0.0,0.0,0.0,0.0,0.0,0.0,0.0,0.0
flow_202308_sim,flow_val,37.94,0.0,0.0,0.0,0.0,0.0,0.0,0.0,0.0,0.0,0.0,0.0
flow_202309_sim,flow_val,18.49,0.0,0.0,0.0,0.0,0.0,0.0,0.0,0.0,0.0,0.0,0.0
flow_202310_sim,flow_val,18.99,0.0,0.0,0.0,0.0,0.0,0.0,0.0,0.0,0.0,0.0,0.0
flow_202311_sim,flow_val,20.93,0.0,0.0,0.0,0.0,0.0,0.0,0.0,0.0,0.0,0.0,0.0
flow_202312_sim,flow_val,21.73,0.0,0.0,0.0,0.0,0.0,0.0,0.0,0.0,0.0,0.0,0.0
head_w001_sim,head_cal,283.595,290.76812686567166,0.039378680450647276,290.69,290.7715,290.82665000000003,-816.3350264018574,0.0,-872.9807845191065,-820.6969843911727,-737.1178151657829,562292.5218973919
head_w002_sim,head_cal,328.452,310.64038059701494,0.210459504223483,310.32035,310.6295,310.9596,-32369.366723559935,0.0,-37889.66763125975,-32616.463422123004,-26570.191068647557,15289797.327367792
head_w003_sim,head_cal,302.209,312.66030970149257,0.36630705532644714,312.00375,312.7085,313.21115,-60341.37952495242,0.0,-70775.35403456197,-60810.19962592368,-49324.58779065912,18048589.982284848
head_w004_sim,head_cal,302.179,307.47754477611943,0.8743953811816404,306.07445,307.49350000000004,308.83025,-146954.2887635819,0.0,-172214.44393281263,-148214.74384649107,-120179.58510559412,18565047.5079908
head_w005_sim,head_cal,156.935,163.8519552238806,0.10506626164428172,163.67510000000001,163.851,164.0146,-2178.2002962670476,0.0,-2348.8314082941765,-2191.2847376916725,-1958.2734068269385,1123650.3879118364
head_w006_sim,head_cal,158.072,168.8119328358209,0.30566090236138754,168.3571,168.822,169.31125,-51854.09483610209,0.0,-60488.28310918949,-52200.72652231164,-42756.457032780556,17587004.05213357
head_w007_sim,head_cal,159.862,170.76141417910446,0.35981586544601435,170.2347,170.761,171.3525,-62329.38814767475,0.0,-72797.26420108454,-62771.855244069215,-51244.52605026305,18633679.18471614
head_w008_sim,head_cal,159.182,166.38732835820898,0.08885469990199032,166.2497,166.38049999999998,166.53495,4312.701924974889,0.0,3192.2769311020293,4375.713317130171,5308.743240956794,3805217.7793633556
head_w009_sim,head_cal,162.888,167.61134701492537,0.07419739659494755,167.48635,167.6115,167.7285,-2123.1673597927133,0.0,-2270.6384017873893,-2130.5067271936414,-1924.675569705862,1047172.3376191468
head_w010_sim,head_cal,165.147,179.77361940298508,0.44592353007919966,178.88289999999998,179.88,180.3355,-43330.640966618455,0.0,-51217.15592710705,-43764.31739337169,-34830.650116635356,7461172.585347078
head_w011_sim,head_cal,164.568,169.93787686567163,0.12192542290756299,169.75375,169.924,170.15665,6364.886055402116,0.0,4762.779849656145,6452.37132235426,7794.661444300043,4075756.111580542
head_w012_sim,head_cal,165.729,174.83278358208955,0.5782593130574575,173.90630000000002,174.849,175.7509,-95682.52607233274,0.0,-111141.98778770356,-96191.01529296345,-79445.17694382952,15851235.030336518
head_w013_sim,head_cal,170.536,176.08951492537315,0.06799363652474795,176.00135,176.077,176.2153,4183.95415963958,0.0,3238.829580665543,4234.232178403538,5027.067313659734,4385997.717025801
head_w014_sim,head_cal,171.974,184.54948507462686,0.1461519262418033,184.2708,184.576,184.73855,-22270.706523929566,0.0,-25966.113575728647,-22413.89348554455,-18347.54650301757,14320187.308640487
head_w015_sim,head_cal,174.291,185.19294402985076,0.4226317588601017,184.4273,185.2165,185.83495000000002,-56358.84984718628,0.0,-66153.39861497965,-56778.128855048824,-45938.39429220017,12173066.293892613
head_w016_sim,head_cal,181.447,189.34285820895522,0.1747912249781563,189.04410000000001,189.351,189.6156,-20467.904116502796,0.0,-23496.132895980638,-20548.393252422233,-17347.958935555107,7314499.741998533
head_w017_sim,head_cal,185.834,194.0047089552239,0.4206564661825915,193.2876,194.01600000000002,194.6385,-64838.05754623474,0.0,-75052.42481702134,-65052.87214693614,-54143.17109240889,13358557.004669314
head_w018_sim,head_cal,183.944,194.0047089552239,0.4206564661825915,193.2876,194.01600000000002,194.6385,-64838.05754623474,0.0,-75052.42481702134,-65052.87214693614,-54143.17109240889,13358557.004669314
head_w019_sim,head_cal,184.611,194.14098507462685,0.4049866596975179,193.45675,194.156,194.75325,-63231.584382900495,0.0,-73216.28778973901,-63458.15946706438,-52754.425349761026,13743487.294488298
head_w020_sim,head_cal,186.736,194.14098507462685,0.4049866596975179,193.45675,194.156,194.75325,-63231.584382900495,0.0,-73216.28778973901,-63458.15946706438,-52754.425349761026,13743487.294488298
head_w021_sim,head_cal,187.574,194.14098507462685,0.4049866596975179,193.45675,194.156,194.75325,-63231.584382900495,0.0,-73216.28778973901,-63458.15946706438,-52754.425349761026,13743487.294488298
head_w022_sim,head_cal,187.751,193.7228843283582,0.3000180357511058,193.23250000000002,193.74099999999999,194.18630000000002,-39347.9776748789,0.0,-45280.64727713441,-39487.93613534064,-33199.75702407318,9196716.254496213
head_w023_sim,head_cal,188.01,191.36512686567167,0.0382449079407658,191.322,191.356,191.434,2689.574556776931,0.0,2107.4831427861213,2716.081772247948,3217.310188760764,5081103.992561781
head_w024_sim,head_cal,188.501,197.70358208955224,0.21522119267254547,197.3987,197.6875,198.07155,-32203.31960817863,0.0,-37443.565669627584,-32313.87255266935,-26768.252256405307,13302650.684399763
head_w025_sim,head_cal,188.016,198.01019029850747,0.07620058525968236,197.89335,198.007,198.1363,-10281.702728584976,0.0,-11929.472602951384,-10321.499304916953,-8581.82092177028,10739421.868253894
head_w026_sim,head_cal,190.89,197.66230597014922,0.09306203702777797,197.52575,197.654,197.82525,-13957.877347793856,0.0,-16236.110445881784,-14003.71035862991,-11590.265836109113,13403154.312595792
head_w027_sim,head_cal,197.596,202.49951492537315,0.07255288501991844,202.37275,202.5005,202.61180000000002,593.8902654175517,0.0,176.97070122070517,621.4718643280919,933.5265506580249,1518048.5805592132
head_w028_sim,head_cal,197.776,202.42219776119404,0.13984620389568214,202.2139,202.403,202.66830000000002,10547.335283150049,0.0,8197.398944889026,10647.90569811449,12694.174359280401,6098411.537800152
head_w029_sim,head_cal,197.388,205.4797388059702,0.053604800095937696,205.39145,205.488,205.55465,-4855.387164761325,0.0,-5600.906595824155,-4886.233749302567,-4053.9243023343424,4593687.941650902
head_w030_sim,head_cal,199.489,207.99162313432834,0.045305576566707584,207.909,207.994,208.059,-2239.885830918667,0.0,-2504.844363845093,-2246.0162069243233,-1958.9220920177554,1201902.3756006744
head_w031_sim,head_cal,201.86,206.72830223880595,0.06242888144452523,206.616,206.737,206.82065,-5381.316583633398,0.0,-6300.04299624226,-5432.416457057492,-4403.049050026882,4822641.263860635
head_w032_sim,head_cal,201.97,210.21137686567164,0.15541833045148312,209.96485,210.207,210.47165,-19235.02908481817,0.0,-22689.046248399252,-19424.548907971508,-15549.55217151538,11191506.012107728
head_w033_sim,head_cal,201.061,207.0721119402985,0.06934635002211545,206.932,207.084,207.16925,255.1224826073069,0.0,50.55427894220211,265.941593385633,417.9368393838409,676628.5146734118
head_w034_sim,head_cal,201.32,207.77105970149253,0.07356214842437284,207.6477,207.7705,207.8859,-506.28779916834276,0.0,-747.8412114311992,-486.4431300891982,-323.95698563887106,1123383.08791734
head_w035_sim,head_cal,204.649,214.0544962686567,0.30041850332424963,213.5332,214.075,214.5383,-45638.57007069331,0.0,-53749.31308000203,-46023.87890504669,-37053.651610103036,16353906.044155316
head_w036_sim,head_cal,207.035,214.9799253731343,0.18907619401726605,214.68385,214.963,215.3083,2147.0959198933597,0.0,985.5542059845977,2232.0936269609856,3127.590576116816,1676196.690054312
head_w037_sim,head_cal,268.666,277.78451865671644,0.9538846869015691,276.25320000000005,277.853,279.21425,-165206.36853367285,0.0,-193308.44910977926,-166623.28084367648,-135392.6375888152,19149270.833489247
head_w038_sim,head_cal,212.513,218.27430970149254,0.1673158364262385,218.01004999999998,218.265,218.54765,-25490.778405246787,0.0,-29551.681474305882,-25574.217368656187,-21249.571983400816,13300642.524107493
head_w039_sim,head_cal,248.884,258.61742164179105,0.1697286372902211,258.3288,258.637,258.85595,-27474.59130271654,0.0,-32114.509239955776,-27680.95458122797,-22581.391809462788,16532644.189660018
head_w040_sim,head_cal,267.846,275.6065895522388,1.0226002342760205,273.924,275.6785,277.11375000000004,-175138.1795773394,0.0,-205260.98865130162,-176771.19837889555,-143137.30369779997,19194753.6642885
head_w041_sim,head_cal,278.843,291.20314179104474,0.2310831409303773,290.74985,291.234,291.51525,-33405.44321550294,0.0,-39420.654615903695,-33660.04405484731,-27033.204166218573,15248128.625626361
head_w042_sim,head_cal,279.563,291.20314179104474,0.2310831409303773,290.74985,291.234,291.51525,-33405.44321550294,0.0,-39420.654615903695,-33660.04405484731,-27033.204166218573,15248128.625626361
head_w043_sim,head_cal,280.739,291.20314179104474,0.2310831409303773,290.74985,291.234,291.51525,-33405.44321550294,0.0,-39420.654615903695,-33660.04405484731,-27033.204166218573,15248128.625626361
head_w044_sim,head_cal,329.129,331.6337835820895,0.8779400716832958,330.1484,331.6615,332.98435,-137905.12021634236,0.0,-162120.34097670455,-139272.07380727393,-112026.93333880274,17123155.03084258
head_w045_sim,head_cal,327.053,332.47456716417906,1.0137160396063702,330.7932,332.422,334.053,-158510.3468393104,0.0,-186355.37835407385,-160080.48396994965,-128751.75880562559,16987497.047028698
head_w046_sim,head_cal,212.568,224.26430597014925,0.21029569791955918,223.91015000000002,224.2895,224.58365,-15800.412584135698,0.0,-17904.70491583825,-15879.621273228087,-13714.00061406859,3167963.1243165294
head_w047_sim,head_cal,207.599,224.26430597014925,0.21029569791955918,223.91015000000002,224.2895,224.58365,-15800.412584135698,0.0,-17904.70491583825,-15879.621273228087,-13714.00061406859,3167963.1243165294
head_w048_sim,head_cal,211.074,225.9743171641791,0.07317343926351216,225.84445,225.986,226.07465,-6910.0648760302765,0.0,-7967.886441550764,-6956.301793354483,-5763.3804053957065,5053242.32464072
head_w049_sim,head_cal,216.46,226.41163059701495,0.081756934651974,226.28005,226.4065,226.54225,3420.2497361166284,0.0,2486.940681887372,3469.391010243984,4240.9329412453635,3272219.620466738
head_w050_sim,head_cal,216.938,226.41163059701495,0.081756934651974,226.28005,226.4065,226.54225,3420.2497361166284,0.0,2486.940681887372,3469.391010243984,4240.9329412453635,3272219.620466738
head_w051_sim,head_cal,216.883,226.41163059701495,0.081756934651974,226.28005,226.4065,226.54225,3420.2497361166284,0.0,2486.940681887372,3469.391010243984,4240.9329412453635,3272219.620466738
head_w052_sim,head_cal,222.217,227.94942164179108,0.07877339981645266,227.8297,227.945,228.07655,3992.1012894684786,0.0,2975.8713684852105,4048.124879815219,4899.565860203386,3923080.4591284757
head_w053_sim,head_cal,223.47,229.9169365671642,0.11884976072389264,229.74835,229.8965,230.14855,9803.202364523293,0.0,7727.702431350418,9899.50646479968,11701.861716105373,6489730.865941622
head_w054_sim,head_cal,225.531,233.01406716417912,0.08931325151005778,232.886,232.999,233.17625,4704.741760504389,0.0,3582.857522232048,4768.561273401812,5699.451945318066,3791309.06771654
head_w055_sim,head_cal,223.452,233.01406716417912,0.08931325151005778,232.886,232.999,233.17625,4704.741760504389,0.0,3582.857522232048,4768.561273401812,5699.451945318066,3791309.06771654
head_w056_sim,head_cal,296.406,309.27026492537306,0.4861032942675322,308.3294,309.334,309.97790000000003,-65626.62595653081,0.0,-77627.48869594211,-66142.08571102534,-52851.86986010751,13893512.517703015
head_w057_sim,head_cal,310.323,310.11851865671645,0.5226858929814209,309.19554999999997,310.1595,310.86985,-86287.90981433628,0.0,-101393.04783670495,-87152.24836578651,-70210.71704538117,18631521.040921573
head_w058_sim,head_cal,253.231,256.96616417910445,0.0900513955646656,256.82875,256.971,257.1133,-11548.541863772729,0.0,-13503.94416031807,-11632.944571637418,-9537.248880128107,10721253.333921066
head_w059_sim,head_cal,263.195,267.6004029850746,0.2297902029446282,267.2678,267.593,267.98735000000005,-38982.93732674111,0.0,-45595.916133970306,-39295.531774196425,-31974.425869378814,18296657.73912017
head_w060_sim,head_cal,256.629,259.05896268656716,0.07026412521075122,258.946,259.05499999999995,259.18265,1620.3600881582058,0.0,1075.7228904496299,1653.8894096557174,2082.4090331553743,2050989.9106071196
head_w061_sim,head_cal,254.929,264.2002910447762,0.354041033712847,263.6803,264.18600000000004,264.81379999999996,-60355.5109603828,0.0,-70696.54961684064,-60891.38743060692,-49377.058249074034,18867927.722543586
head_w062_sim,head_cal,312.807,324.790828358209,1.342978723055048,322.61805000000004,324.943,326.6526,-226469.45441404448,0.0,-264725.7563211367,-228514.05635949736,-185877.86151618234,17975564.4235584
head_w063_sim,head_cal,282.519,288.89355970149256,0.05533723796439953,288.7944,288.894,288.97950000000003,537.8886663335807,0.0,222.50850505432138,558.6404147567898,790.6169758248973,1427905.366203408
head_w064_sim,head_cal,265.222,274.9909179104477,0.039999540916366136,274.9197,274.995,275.0516,-2255.976184527365,0.0,-2550.6420762020334,-2267.2670116312065,-1953.1163280764088,1647499.4442368196
head_w065_sim,head_cal,249.034,250.34416791044774,0.815073989527703,249.20085,250.3435,251.6526,-139406.41913868577,0.0,-162667.14547522741,-140335.8161926095,-114676.85671042588,18029118.799542002
head_w066_sim,head_cal,241.341,244.992526119403,0.0558321728482734,244.8924,244.997,245.08065,-3597.888273151308,0.0,-4053.9915733500748,-3614.370156986095,-3151.5938420657835,2220257.325537853
head_w067_sim,head_cal,267.752,269.77526865671643,1.6594278747126887,267.14164999999997,269.87,272.35859999999997,-285580.841413575,0.0,-334523.0724443984,-288146.24382921413,-233613.86673442513,19218971.400611244
head_w068_sim,head_cal,266.956,275.7269701492537,0.12045030618123692,275.52515,275.762,275.81665,-10262.74781205655,0.0,-12095.440856272311,-10345.305580375321,-8295.020216116107,5439163.192123795
head_w069_sim,head_cal,275.207,268.28394776119404,0.20923185058288635,267.944,268.2875,268.60994999999997,-33347.941414501314,0.0,-38736.32772296306,-33495.929292424524,-27699.94600927368,14784943.998850742
head_w070_sim,head_cal,263.32,267.2266865671642,1.4676314093894205,264.8995,267.2585,269.5263,-250233.3705129313,0.0,-293374.1302888484,-252585.2117347514,-204379.70568553315,19133664.97146175
head_w071_sim,head_cal,307.046,303.671869402985,0.042098085445114196,303.5934,303.6755,303.73595,-136.75668719566823,0.0,-255.33433640479367,-130.0922135803235,-32.49839927420008,760375.0297640547
head_w072_sim,head_cal,307.86,315.5045037313433,0.7837287064917821,314.31755,315.49350000000004,316.6976,-133696.15426507132,0.0,-156567.3269110671,-135008.24107635405,-109391.37580306981,18885924.245524254
head_w073_sim,head_cal,251.658,259.20067537313435,0.1355023771847069,259.0077,259.1785,259.45745,10819.596310044306,0.0,8457.613557103834,10921.807904696998,12981.141567769726,6493392.368874986
head_w074_sim,head_cal,274.719,277.5344029850746,0.48198955836519813,276.59595,277.6035,278.2026,-63856.22514635274,0.0,-75551.62817312348,-64382.8137114255,-51395.80938586589,13444680.709214287
head_w075_sim,head_cal,277.755,293.0848582089552,1.3521102976360906,290.68905,293.259,295.00855,-225623.8874463413,0.0,-264821.4162369116,-227597.10328034777,-184128.49753197815,18695176.17170516
head_w076_sim,head_cal,276.036,289.26788059701494,1.4646902731213947,286.79605000000004,289.4145,291.4263,-249759.95277984272,0.0,-292682.2233851583,-251976.18637518917,-204170.4197143506,19050976.448767304
head_w077_sim,head_cal,270.528,272.69325,0.1769224660374242,272.34235,272.728,272.93865,-18193.646554304076,0.0,-21461.90711155321,-18345.05022289907,-14677.992208823918,8038885.688189173
head_w078_sim,head_cal,269.483,276.55303358208954,0.42151347025876984,275.90635,276.5505,277.21725,-72101.32100022679,0.0,-84352.53118159328,-72644.73401428285,-59060.97355034756,18737527.201200843
head_w079_sim,head_cal,276.338,276.58119029850747,0.4210979375562694,275.95615,276.58500000000004,277.27835000000005,-72696.92695282845,0.0,-85014.13708748182,-73248.47755842682,-59618.67404502181,18898422.227320593
head_w080_sim,head_cal,269.757,276.58119029850747,0.4210979375562694,275.95615,276.58500000000004,277.27835000000005,-72696.92695282845,0.0,-85014.13708748182,-73248.47755842682,-59618.67404502181,18898422.227320593
head_w081_sim,head_cal,271.077,275.6998470149254,0.26987628409633824,275.321,275.692,276.1435,-46332.248235131745,0.0,-54128.42244706855,-46665.143377437846,-38092.13356670353,18355907.19497453
head_w082_sim,head_cal,289.871,294.1366380597015,0.39584580611198267,293.55535,294.149,294.75494999999995,-67922.96511464141,0.0,-79444.01611117354,-68493.40181732547,-55702.89752350482,18724572.7290074
head_w083_sim,head_cal,186.852,194.14098507462685,0.4049866596975179,193.45675,194.156,194.75325,-63231.584382900495,0.0,-73216.28778973901,-63458.15946706438,-52754.425349761026,13743487.294488298
head_w084_sim,head_cal,187.803,193.7228843283582,0.3000180357511058,193.23250000000002,193.74099999999999,194.18630000000002,-39347.9776748789,0.0,-45280.64727713441,-39487.93613534064,-33199.75702407318,9196716.254496213
head_w085_sim,head_cal,201.278,207.75457462686566,0.07333366123852504,207.63635,207.749,207.8679,1669.901564390968,0.0,1074.5451433629687,1704.3038618582118,2173.188701189609,2120225.416582842
head_w086_sim,prediction,,197.96025746268657,2.60909583348258,193.7869,198.161,201.7885,-449921.33133863576,0.0,-525980.1403020544,-453357.1898346654,-368995.51557843736,18833391.442487635
head_w087_sim,prediction,,215.09447388059704,3.2453293461308816,209.79354999999998,215.336,219.8799,-561234.5802281797,0.0,-656459.6390877551,-565833.9211654636,-460004.00183650944,19055309.3597674
head_w088_sim,prediction,,265.58670895522386,0.044298836167508175,265.49905,265.594,265.64565,-238.33312537758565,0.0,-341.6412784469456,-231.0753705774349,-149.38900444849136,637634.1754772452
head_w089_sim,prediction,,354.7756119402985,3.1846636189242328,349.45355,355.2655,359.31145,-551368.1951003963,0.0,-645016.0588038944,-556017.9367077097,-451995.9690299135,19082509.90351567
head_w090_sim,prediction,,316.45254850746267,1.36002527841869,314.30085,316.546,318.5134,-230533.8024025734,0.0,-269891.72941797716,-232773.03595010698,-188704.15180782144,18570716.656824034
head_w091_sim,prediction,,308.83810074626865,1.5975549368735427,306.32315,308.94,311.32635,-275640.0077398911,0.0,-322660.399852146,-277966.62171777396,-225671.30760873554,19162433.56509822
head_w092_sim,prediction,,342.2581343283582,2.6651598311749596,338.1048,342.452,346.1795,-450858.45529882837,0.0,-527193.1283038731,-455004.55088847753,-369748.4678048191,18190711.321743585
head_w093_sim,prediction,,325.712447761194,2.0523479987863444,322.38625,325.85,328.74725,-352253.07779298554,0.0,-412440.9658827233,-355633.18382326874,-288299.8896933539,19061920.89994396
head_w094_sim,prediction,,325.712447761194,2.0523479987863444,322.38625,325.85,328.74725,-352253.07779298554,0.0,-412440.9658827233,-355633.18382326874,-288299.8896933539,19061920.89994396
head_w095_sim,prediction,,297.7233432835821,1.0054567755044999,295.9455,297.885,299.0854,-171557.91393940983,0.0,-200865.5995110527,-172986.04560417615,-140387.58904602504,18839268.064267527
head_w096_sim,prediction,,268.8541641791045,0.04207158052756847,268.77375,268.8575,268.91865,27.774620918209706,0.0,-120.82742990449012,37.04218840708184,146.8336565182312,821646.0453648397
head_w097_sim,prediction,,229.1934104477612,0.5969781232095605,228.321,229.2,230.14945,-102589.6025888446,0.0,-119644.13778863236,-103252.01561626955,-84580.57631633307,17968666.09783441
head_w098_sim,prediction,,249.7723246268657,1.3457121790169468,247.47345,249.7865,251.8874,-216636.9326884702,0.0,-254852.34522558702,-218558.66302691092,-176170.39191143765,18046175.61425609
head_w099_sim,prediction,,222.9056828358209,0.9601764507803381,221.5825,222.83249999999998,224.542,-162821.78809313636,0.0,-190223.71449462185,-163957.47061077144,-133667.30825507888,18050617.615396187
head_w100_sim,prediction,,226.3622276119403,0.12549961749455496,226.17510000000001,226.3485,226.5868,8272.40828032143,0.0,6350.096374625323,8359.427729991372,10013.25704672327,5210669.428772847
head_w101_sim,prediction,,278.81562313432835,1.7466554073777627,275.96125,278.8235,281.5525,-289897.7217860358,0.0,-340518.09741459094,-292631.5466311834,-236194.67864111642,18703543.76128769
head_w102_sim,prediction,,288.1829776119403,0.8593214766581603,286.8449,288.192,289.5318,-147403.86352547113,0.0,-172664.91451367727,-148641.48195511155,-120575.69906456542,19089506.085789822
head_w103_sim,prediction,,289.576473880597,0.04954001209494941,289.48935,289.577,289.65295,338.1413466191892,0.0,89.91830769105457,353.7752021019764,532.9468742280553,1202637.9757741063
head_w104_sim,prediction,,293.9206119402985,0.09024593202138598,293.7801,293.9135,294.07030000000003,2643.1849146614018,0.0,1826.4559721784617,2689.689881805961,3341.8661729544438,2422488.4894551835
