iteration,total_runs,obs_realization,par_realization,flow_cal,flow_val,head_cal
0,0,0,0,119.558,0,20.3513
0,0,1,1,103.118,0,20.0344
0,0,2,2,111.811,0,21.3841
0,0,3,3,73.7919,0,23.6851
0,0,4,4,147.384,0,19.6483
0,0,5,5,535.697,0,21.4383
0,0,6,6,85.2723,0,21.8146
0,0,7,7,147.934,0,28.1089
0,0,8,8,98.3775,0,21.3696
0,0,9,9,167.231,0,25.6812
0,0,10,10,100.799,0,25.9372
0,0,11,11,105.252,0,27.3099
0,0,12,12,160.18,0,19.7188
0,0,13,13,148.406,0,21.0646
0,0,14,14,71.1032,0,24.1537
0,0,15,15,47.5064,0,23.6439
0,0,16,16,75.604,0,24.7888
0,0,17,17,146.993,0,20.7172
0,0,18,18,183.5,0,34.4265
0,0,19,19,134.218,0,24.3221
0,0,20,20,193.654,0,21.8716
0,0,21,21,62.4475,0,25.7802
0,0,22,22,63.667,0,20.7621
0,0,23,23,156.602,0,27.7233
0,0,24,24,73.9584,0,23.8267
0,0,25,25,255.325,0,22.1159
0,0,26,26,117.438,0,28.7998
0,0,27,27,75.3949,0,24.3058
0,0,28,28,84.2358,0,24.8496
0,0,29,29,89.9659,0,20.0682
0,0,30,30,96.5125,0,27.3078
0,0,31,31,42.5895,0,24.563
0,0,32,32,128.922,0,25.8077
0,0,33,33,86.0046,0,24.5195
0,0,34,34,96.685,0,22.3068
0,0,35,35,99.5641,0,24.7209
0,0,36,36,113.651,0,21.8428
0,0,37,37,136.688,0,21.0747
0,0,38,38,81.4327,0,23.9158
0,0,39,39,171.925,0,24.4601
0,0,40,40,113.638,0,20.2488
0,0,41,41,53.6981,0,21.5094
0,0,42,42,55.1296,0,23.5531
0,0,43,43,110.228,0,21.5029
0,0,44,44,104.604,0,19.8838
0,0,45,45,142.242,0,28.1017
0,0,46,46,117.06,0,25.7352
0,0,47,47,75.1302,0,25.2331
0,0,48,48,72.7535,0,25.3536
0,0,49,49,385.942,0,22.336
0,0,50,50,83.5399,0,21.429
0,0,51,51,84.196,0,24.8848
0,0,52,52,100.856,0,20.8144
0,0,53,53,57.3902,0,24.4514
0,0,54,54,929598,0,21.847
0,0,55,55,95.2982,0,20.178
0,0,56,56,177.661,0,22.3729
0,0,57,57,79.1921,0,24.02
0,0,58,58,163.421,0,25.0077
0,0,59,59,49.3814,0,22.5095
0,0,60,60,117.568,0,21.7248
0,0,61,61,106.183,0,23.4365
0,0,62,62,63.1747,0,23.497
0,0,63,63,89.0831,0,22.7392
0,0,64,64,124.377,0,29.5673
0,0,65,65,98.1255,0,23.4214
0,0,66,66,59.8384,0,23.6156
0,0,67,67,103.359,0,23.5316
0,0,68,68,100.852,0,25.9586
0,0,69,69,77.0334,0,23.3749
0,0,70,70,44.5933,0,24.6094
0,0,71,71,110.698,0,22.6592
0,0,72,72,111.606,0,27.5743
0,0,73,73,92.7875,0,23.6979
0,0,74,74,121.618,0,20.7398
0,0,75,75,165.157,0,20.3497
0,0,76,76,121.494,0,23.113
0,0,77,77,94.8953,0,23.6141
0,0,78,78,68.6111,0,24.9999
0,0,79,79,116.165,0,29.2623
0,0,80,80,123.554,0,24.4051
0,0,81,81,191.77,0,29.3108
0,0,82,82,111.115,0,23.2932
0,0,83,83,544.003,0,21.627
0,0,84,84,101.644,0,24.1865
0,0,85,85,194.994,0,31.3621
0,0,86,86,203.1,0,23.5603
0,0,87,87,147.369,0,20.9848
0,0,88,88,138.925,0,20.5399
0,0,89,89,93.3169,0,21.9449
0,0,90,90,70.0576,0,26.8037
0,0,91,91,159.942,0,26.6896
0,0,92,92,77.1491,0,23.3262
0,0,93,93,178.664,0,21.7754
0,0,94,94,62.9765,0,27.5306
0,0,95,95,99.1963,0,22.7758
0,0,96,96,130.087,0,20.6742
0,0,97,97,56.1208,0,20.5247
0,0,98,98,94.7832,0,24.1759
0,0,99,99,73.5657,0,24.3356
0,0,100,100,97.7526,0,22.6522
0,0,101,101,140.466,0,28.3299
0,0,102,102,101.746,0,20.4907
0,0,103,103,72.9412,0,26.0839
0,0,104,104,144.702,0,30.2556
0,0,105,105,57.9051,0,21.4194
0,0,106,106,67.1781,0,24.8244
0,0,107,107,230.478,0,23.2944
0,0,108,108,84.5961,0,19.948
0,0,109,109,53.4864,0,24.3355
0,0,110,110,96.5239,0,21.9576
0,0,111,111,81.027,0,26.7503
0,0,112,112,118.281,0,23.8423
0,0,113,113,114.754,0,22.8356
0,0,114,114,71.7593,0,21.7486
0,0,115,115,984553,0,33.2347
0,0,116,116,119.468,0,20.8023
0,0,117,117,74.8194,0,22.7997
0,0,118,118,106.536,0,20.586
0,0,119,119,127.307,0,21.6161
0,0,120,120,116.364,0,25.5366
0,0,121,121,70.9256,0,25.1146
0,0,122,122,185.55,0,28.9344
0,0,123,123,89.1033,0,22.8981
0,0,124,124,104.379,0,22.7799
0,0,125,125,106.703,0,24.2916
0,0,126,126,127.001,0,27.7186
0,0,127,127,86.2867,0,21.0496
0,0,128,128,126.576,0,25.8565
0,0,129,129,365.972,0,21.8803
0,0,130,130,146.839,0,29.0439
0,0,131,131,87.7409,0,23.3939
0,0,132,132,44.8889,0,24.3868
0,0,133,133,158.006,0,27.5238
0,0,134,134,114.045,0,24.9107
0,0,135,135,119.333,0,22.3877
0,0,136,136,179.067,0,20.2678
0,0,137,137,45.7453,0,24.3821
0,0,138,138,76.4043,0,22.3501
0,0,139,139,51.2762,0,20.9
0,0,140,140,107.632,0,21.3459
0,0,141,141,52.9518,0,23.1421
0,0,142,142,189.838,0,23.3427
0,0,143,143,88.6037,0,24.5164
0,0,144,144,46.8724,0,25.63
0,0,145,145,143.708,0,28.8081
0,0,146,146,319.334,0,20.839
0,0,147,147,236.477,0,21.8342
0,0,148,148,54.7398,0,27.2407
0,0,149,149,196.352,0,29.8401
0,0,150,150,62.8723,0,23.1375
0,0,151,151,41.6972,0,23.9578
0,0,152,152,113.568,0,26.531
0,0,153,153,82.0469,0,27.7077
0,0,154,154,74.5518,0,25.0134
0,0,155,155,87.2933,0,23.9048
0,0,156,156,49.8943,0,22.8405
0,0,157,157,59.6668,0,24.8389
0,0,158,158,86.4587,0,24.8372
0,0,159,159,140.943,0,21.7734
0,0,160,160,109.431,0,19.4516
0,0,161,161,87.9819,0,24.6379
0,0,162,162,116.779,0,23.3504
0,0,163,163,325.51,0,20.7132
0,0,164,164,103.478,0,25.5459
0,0,165,165,136.496,0,21.6805
0,0,166,166,72.1863,0,24.6323
0,0,167,167,89.2587,0,23.0791
0,0,168,168,131.506,0,22.7952
0,0,169,169,143.589,0,26.67
0,0,170,170,111.453,0,27.0193
0,0,171,171,89.0437,0,24.5545
0,0,172,172,164.37,0,26.9182
0,0,173,173,56.479,0,24.7236
0,0,174,174,74.0668,0,20.7193
0,0,175,175,61.241,0,24.2324
0,0,176,176,106.031,0,20.8162
0,0,177,177,52.7774,0,23.0448
0,0,178,178,156.82,0,29.7519
0,0,179,179,121.187,0,24.7669
0,0,180,180,227.555,0,20.3353
0,0,181,181,55.8788,0,26.0523
0,0,182,182,67.3835,0,25.1109
0,0,183,183,87.5835,0,22.8719
0,0,184,184,105.393,0,21.7579
0,0,185,185,124.762,0,21.3702
0,0,186,186,84.3012,0,24.2087
0,0,187,187,112.462,0,21.3388
0,0,188,188,519041,0,31.1357
0,0,189,189,133.823,0,20.7176
0,0,190,190,128.154,0,21.264
0,0,191,191,86.4103,0,25.264
0,0,192,192,495.572,0,20.2176
0,0,193,193,70.4013,0,21.2341
0,0,194,194,75.8978,0,23.9517
0,0,195,195,211.465,0,22.2529
0,0,196,196,64.0893,0,22.8724
0,0,197,197,119.992,0,20.6535
0,0,198,198,83.4947,0,20.0414
0,0,199,199,175.493,0,22.645
0,0,200,200,49.3156,0,27.262
0,0,201,201,100.395,0,24.8388
0,0,202,202,100.771,0,24.0706
0,0,203,203,81.0459,0,26.0429
0,0,204,204,99.7311,0,21.3551
0,0,205,205,217.085,0,21.224
0,0,206,206,88.6339,0,22.9587
0,0,207,207,392.425,0,21.4211
0,0,208,208,106.988,0,22.7714
0,0,209,209,107.042,0,22.3023
0,0,210,210,132.13,0,20.6431
0,0,211,211,300.766,0,21.0206
0,0,212,212,66.6131,0,22.0625
0,0,213,213,109.069,0,20.9644
0,0,214,214,95.4322,0,25.8531
0,0,215,215,61.9066,0,24.2473
0,0,216,216,137.315,0,30.0245
0,0,217,217,114.572,0,29.7371
0,0,218,218,101.669,0,21.3104
0,0,219,219,192.14,0,22.402
0,0,220,220,172.313,0,24.2021
0,0,221,221,95.0745,0,22.9385
0,0,222,222,78.5417,0,23.3203
0,0,223,223,72.5867,0,22.5075
0,0,224,224,166.791,0,22.3591
0,0,225,225,197.808,0,22.1879
0,0,226,226,112.961,0,25.422
0,0,227,227,168.731,0,19.8867
0,0,228,228,74.0875,0,25.2368
0,0,229,229,124.152,0,24.9832
0,0,230,230,194.83,0,23.3768
0,0,231,231,96.507,0,22.599
0,0,232,232,355.037,0,23.2967
0,0,233,233,129.796,0,25.3716
0,0,234,234,156.642,0,23.4703
0,0,235,235,473.747,0,21.3852
0,0,236,236,366.56,0,20.5063
0,0,237,237,98.3908,0,24.3995
0,0,238,238,83.2322,0,25.003
0,0,239,239,96.6847,0,22.7822
0,0,240,240,56.5557,0,24.4733
0,0,241,241,185.186,0,31.079
0,0,242,242,115.228,0,21.8755
0,0,243,243,50.2199,0,24.2792
0,0,244,244,191.571,0,29.0082
0,0,245,245,110.521,0,24.5935
0,0,246,246,62.0452,0,22.0499
0,0,247,247,116.733,0,29.0352
0,0,248,248,75.9649,0,23.5668
0,0,249,249,98.0203,0,21.8624
0,0,250,250,70.6189,0,23.7613
0,0,251,251,124.651,0,26.1703
0,0,252,252,53.8923,0,23.2995
0,0,253,253,104.807,0,21.9574
0,0,254,254,115.88,0,22.0585
0,0,255,255,109.557,0,26.626
0,0,256,256,128.533,0,20.9965
0,0,257,257,79.8881,0,25.3328
0,0,258,258,81.7968,0,19.977
0,0,259,259,107.763,0,24.0952
0,0,260,260,62.1494,0,23.8512
0,0,261,261,106.473,0,23.6042
0,0,262,262,79.3522,0,22.9721
0,0,263,263,227.083,0,22.194
0,0,264,264,98.8649,0,19.875
0,0,265,265,78.8844,0,24.0067
0,0,266,266,111.23,0,20.6331
0,0,267,267,90.3305,0,25.3589
0,0,268,268,125.882,0,21.9619
0,0,269,269,90.2121,0,24.0145
0,0,270,270,130.384,0,27.8595
0,0,271,271,68.9423,0,24.3023
0,0,272,272,72.8872,0,20.2653
0,0,273,273,106.197,0,21.5163
0,0,274,274,85.8406,0,25.6889
0,0,275,275,76.858,0,22.6215
0,0,276,276,111.392,0,21.0106
0,0,277,277,201.178,0,29.2115
0,0,278,278,66.4932,0,22.7462
0,0,279,279,101.189,0,21.5178
0,0,280,280,48.006,0,25.5511
0,0,281,281,172.727,0,26.0949
0,0,282,282,130.57,0,27.4273
0,0,283,283,227.177,0,21.9784
0,0,284,284,112.932,0,21.5578
0,0,285,285,136.109,0,25.7473
0,0,286,286,238.795,0,21.7343
0,0,287,287,45.6592,0,26.722
0,0,288,288,376.713,0,22.0342
0,0,289,289,206.728,0,20.5755
0,0,290,290,165.103,0,27.4452
0,0,291,291,481.768,0,21.4204
0,0,292,292,88.4621,0,23.3896
0,0,293,293,111.088,0,23.672
0,0,294,294,245.54,0,23.4312
0,0,295,295,148.512,0,30.496
0,0,296,296,153.808,0,21.0669
0,0,297,297,211.749,0,21.3198
0,0,298,298,122.138,0,25.6638
0,0,299,299,86.5155,0,22.8327
0,0,300,300,117.618,0,21.7218
0,0,301,301,225.101,0,23.7172
0,0,302,302,515.428,0,21.4431
0,0,303,303,108.87,0,24.1765
0,0,304,304,446.778,0,20.8696
0,0,305,305,233.231,0,21.6111
0,0,306,306,137.917,0,22.5464
0,0,307,307,124.43,0,24.596
0,0,308,308,76.9544,0,19.675
0,0,309,309,141.717,0,27.2313
0,0,310,310,110.473,0,22.5974
0,0,311,311,84.8589,0,21.6228
0,0,312,312,68.7863,0,26.5199
0,0,313,313,106.844,0,23.1176
0,0,314,314,85.5518,0,23.4933
0,0,315,315,350.804,0,23.0506
0,0,316,316,117.848,0,20.6603
0,0,317,317,95.0313,0,23.8408
0,0,318,318,111.512,0,20.7524
0,0,319,319,115.45,0,24.0027
0,0,320,320,100.819,0,23.2684
0,0,321,321,346.422,0,22.6201
0,0,322,322,279.524,0,21.6096
0,0,323,323,219.708,0,21.8289
0,0,324,324,83.0724,0,22.1255
0,0,325,325,137.395,0,20.7448
0,0,326,326,120.248,0,24.3726
0,0,327,327,90.073,0,21.7329
0,0,328,328,72.6679,0,22.4371
0,0,329,329,113.551,0,22.5386
0,0,330,330,236.735,0,22.2353
0,0,331,331,77.3736,0,25.1649
0,0,332,332,183.758,0,21.5292
0,0,333,333,302.444,0,21.0257
0,0,334,334,75.6865,0,24.4813
0,0,335,335,115.235,0,20.766
0,0,336,336,185.128,0,22.5249
0,0,337,337,163.415,0,23.9221
0,0,338,338,100.64,0,22.154
0,0,339,339,137.813,0,29.4187
0,0,340,340,100.075,0,23.3479
0,0,341,341,59.6064,0,24.1635
0,0,342,342,91.4358,0,23.3479
0,0,343,343,75.9458,0,26.2629
0,0,344,344,147.445,0,30.0527
0,0,345,345,114.157,0,26.4384
0,0,346,346,1.41958e+06,0,29.416
0,0,347,347,92.8093,0,26.3878
0,0,348,348,48.3319,0,24.3823
0,0,349,349,103.167,0,23.9323
0,0,350,350,79.6956,0,23.4802
0,0,351,351,242.358,0,23.655
0,0,352,352,50.9138,0,23.2401
0,0,353,353,82.6718,0,19.9366
0,0,354,354,97.9823,0,23.7826
0,0,355,355,102.754,0,23.2798
0,0,356,356,205.574,0,22.1005
0,0,357,357,138.228,0,21.6509
0,0,358,358,105.598,0,23.7472
0,0,359,359,122.523,0,23.5784
0,0,360,360,62.1706,0,21.1035
0,0,361,361,48.6173,0,23.4143
0,0,362,362,236.163,0,20.1504
0,0,363,363,97.6801,0,22.9606
0,0,364,364,148.815,0,29.5885
0,0,365,365,197.122,0,21.0101
0,0,366,366,130.018,0,29.1642
0,0,367,367,130.897,0,22.2157
0,0,368,368,100.634,0,23.4251
0,0,369,369,83.7678,0,27.1334
0,0,370,370,102.141,0,24.1849
0,0,371,371,318.409,0,21.6647
0,0,372,372,107.245,0,19.4644
0,0,373,373,64.0493,0,26.515
0,0,374,374,303.528,0,22.9945
0,0,375,375,145.515,0,21.4996
0,0,376,376,125.342,0,21.5444
0,0,377,377,120.936,0,23.9361
0,0,378,378,138.137,0,20.8005
0,0,379,379,219.142,0,29.0277
0,0,380,380,89.6271,0,23.9845
0,0,381,381,91.0062,0,25.0756
0,0,382,382,121.92,0,24.6666
0,0,383,383,125.886,0,23.9486
0,0,384,384,92.4226,0,25.5328
0,0,385,385,136.648,0,22.6886
0,0,386,386,116.142,0,21.4264
0,0,387,387,108.944,0,22.5964
0,0,388,388,56.8324,0,22.9631
0,0,389,389,269.098,0,20.7336
0,0,390,390,107.786,0,24.0207
0,0,391,391,92.5976,0,23.5035
0,0,392,392,84.169,0,25.384
0,0,393,393,108.917,0,24.8056
0,0,394,394,71.7982,0,21.3867
0,0,395,395,68.3666,0,24.1667
0,0,396,396,169.432,0,20.1162
0,0,397,397,77.9053,0,25.3867
0,0,398,398,91.0414,0,23.858
0,0,399,399,125.787,0,21.2352
0,0,400,400,149.042,0,28.8154
0,0,401,401,98.602,0,22.5061
0,0,402,402,141.81,0,21.0407
0,0,403,403,112.057,0,23.3701
0,0,404,404,71.5936,0,26.7618
0,0,405,405,154.363,0,28.1704
0,0,406,406,453.204,0,21.1439
0,0,407,407,85.8121,0,27.8296
0,0,408,408,85.1653,0,24.0593
0,0,409,409,50.4102,0,24.9653
0,0,410,410,60.3014,0,19.7491
0,0,411,411,89.466,0,26.7336
0,0,412,412,87.202,0,27.3165
0,0,413,413,125.127,0,20.396
0,0,414,414,134.898,0,23.15
0,0,415,415,51.2799,0,24.7641
0,0,416,416,92.6029,0,21.2926
0,0,417,417,119.508,0,20.5116
0,0,418,418,48.8399,0,23.4954
0,0,419,419,136.932,0,27.107
0,0,420,420,127.097,0,21.3696
0,0,421,421,151.484,0,20.9873
0,0,422,422,50.7378,0,25.684
0,0,423,423,152.566,0,29.3259
0,0,424,424,76.735,0,26.2426
0,0,425,425,154.602,0,22.4511
0,0,426,426,107.029,0,23.8186
0,0,427,427,179.958,0,21.2893
0,0,428,428,86.5655,0,21.5698
0,0,429,429,91.3288,0,20.3046
0,0,430,430,77.1048,0,27.518
0,0,431,431,96.5743,0,19.9456
0,0,432,432,116.613,0,27.662
0,0,433,433,113.16,0,21.3901
0,0,434,434,110.26,0,20.4637
0,0,435,435,331.488,0,21.0272
0,0,436,436,119.195,0,28.7151
0,0,437,437,77.6824,0,23.263
0,0,438,438,155.234,0,21.1033
0,0,439,439,114.306,0,20.6812
0,0,440,440,150.003,0,23.9102
0,0,441,441,171.505,0,22.5574
0,0,442,442,68.9477,0,24.1831
0,0,443,443,79.6969,0,20.118
0,0,444,444,114.05,0,23.2057
0,0,445,445,98.4831,0,21.0718
0,0,446,446,199.319,0,25.2038
0,0,447,447,85.8873,0,25.44
0,0,448,448,95.1859,0,22.7814
0,0,449,449,163.94,0,20.77
0,0,450,450,67.6349,0,22.7328
0,0,451,451,195.155,0,23.9134
0,0,452,452,121.794,0,25.3562
0,0,453,453,108.644,0,20.0521
0,0,454,454,102.223,0,23.5685
0,0,455,455,119.059,0,22.196
0,0,456,456,142.531,0,22.8301
0,0,457,457,66.2293,0,26.6529
0,0,458,458,82.179,0,27.8063
0,0,459,459,152.894,0,24.3394
0,0,460,460,113.707,0,21.3983
0,0,461,461,59.8136,0,22.4087
0,0,462,462,132.607,0,23.594
0,0,463,463,103.578,0,20.4202
0,0,464,464,66.4337,0,24.1616
0,0,465,465,293.028,0,22.334
0,0,466,466,70.5844,0,23.5853
0,0,467,467,263.403,0,24.0763
0,0,468,468,103.468,0,24.2556
0,0,469,469,54.1736,0,24.4931
0,0,470,470,95.4992,0,25.1912
0,0,471,471,69.0587,0,20.0478
0,0,472,472,77.7635,0,22.7523
0,0,473,473,163.913,0,20.8972
0,0,474,474,183.415,0,22.8758
0,0,475,475,88.4283,0,23.3108
0,0,476,476,72.22,0,21.9366
0,0,477,477,91.4914,0,24.2453
0,0,478,478,83.4537,0,22.1578
0,0,479,479,51.9853,0,21.1369
0,0,480,480,103.097,0,23.2118
0,0,481,481,79.8476,0,23.8137
0,0,482,482,113.783,0,24.7938
0,0,483,483,222.745,0,22.2945
0,0,484,484,76.5498,0,21.4836
0,0,485,485,81.2998,0,21.4208
0,0,486,486,88.801,0,22.8334
0,0,487,487,126.421,0,29.1502
0,0,488,488,108.148,0,20.4939
0,0,489,489,381.154,0,20.5729
0,0,490,490,97.5674,0,23.4236
0,0,491,491,232.261,0,22.6848
0,0,492,492,121.087,0,23.1774
0,0,493,493,216.984,0,23.1771
0,0,494,494,77.4224,0,21.7024
0,0,495,495,115.299,0,20.4774
0,0,496,496,83.8122,0,24.1585
0,0,497,497,198.302,0,34.799
0,0,498,498,116.13,0,20.3911
0,0,499,499,97.2927,0,20.6438
0,0,500,500,101.626,0,21.0225
0,0,501,501,84.9328,0,21.6117
0,0,502,502,119.064,0,25.7629
0,0,503,503,109.592,0,29.3015
0,0,504,504,126.298,0,20.5916
0,0,505,505,156.493,0,20.1385
0,0,506,506,145.08,0,20.9688
0,0,507,507,158.143,0,23.2073
0,0,508,508,49.3719,0,25.899
0,0,509,509,190.274,0,20.9497
0,0,510,510,100.193,0,22.7439
0,0,511,511,81.1005,0,25.3427
0,0,512,512,263.064,0,20.6551
0,0,513,513,54.6237,0,22.5296
0,0,514,514,306.069,0,22.812
0,0,515,515,186.409,0,19.7224
0,0,516,516,47.8256,0,21.0017
0,0,517,517,51.1001,0,25.6273
0,0,518,518,100.022,0,21.847
0,0,519,519,153.73,0,27.0858
0,0,520,520,349.274,0,20.3285
0,0,521,521,98.0823,0,25.6929
0,0,522,522,97.0332,0,20.3342
0,0,523,523,138.896,0,20.7986
0,0,524,524,182.135,0,23.2146
0,0,525,525,47.334,0,24.1964
0,0,526,526,490.908,0,21.604
0,0,527,527,171.141,0,29.3244
0,0,528,528,60.537,0,25.5294
0,0,529,529,159.212,0,27.6095
0,0,530,530,429.497,0,21.5674
0,0,531,531,68.9884,0,24.0962
0,0,532,532,48.3592,0,24.9107
0,0,533,533,72.3478,0,21.3497
0,0,534,534,176.904,0,19.895
0,0,535,535,147.516,0,20.7935
0,0,536,536,172.441,0,21.0499
0,0,537,537,168.611,0,20.801
0,0,538,538,109.429,0,25.6737
0,0,539,539,124.18,0,23.1969
0,0,540,540,106.067,0,20.4477
0,0,541,541,113.224,0,21.9637
0,0,542,542,128.365,0,20.7234
0,0,543,543,75.7659,0,25.6864
0,0,544,544,44.3388,0,20.5026
0,0,545,545,91.0273,0,22.3349
0,0,546,546,147.439,0,23.7092
0,0,547,547,98.8109,0,21.6089
0,0,548,548,55.3303,0,20.7441
0,0,base,base,71.3938,0,22.8435
1,48,0,0,92.5282,0,21.3212
1,48,1,1,103.118,0,20.0344
1,48,2,2,111.811,0,21.3841
1,48,3,3,73.7919,0,23.6851
1,48,4,4,147.384,0,19.6483
1,48,5,5,535.697,0,21.4383
1,48,6,6,85.2723,0,21.8146
1,48,7,7,147.934,0,28.1089
1,48,8,8,60.223,0,22.1372
1,48,9,9,167.231,0,25.6812
1,48,10,10,100.799,0,25.9372
1,48,11,11,105.252,0,27.3099
1,48,12,12,160.18,0,19.7188
1,48,13,13,148.406,0,21.0646
1,48,14,14,71.1032,0,24.1537
1,48,15,15,47.5064,0,23.6439
1,48,16,16,75.604,0,24.7888
1,48,17,17,146.993,0,20.7172
1,48,18,18,183.5,0,34.4265
1,48,19,19,134.218,0,24.3221
1,48,20,20,193.654,0,21.8716
1,48,21,21,62.4475,0,25.7802
1,48,22,22,63.667,0,20.7621
1,48,23,23,156.602,0,27.7233
1,48,24,24,73.9584,0,23.8267
1,48,25,25,255.325,0,22.1159
1,48,26,26,117.438,0,28.7998
1,48,27,27,75.3949,0,24.3058
1,48,28,28,84.2358,0,24.8496
1,48,29,29,89.9659,0,20.0682
1,48,30,30,96.5125,0,27.3078
1,48,31,31,42.5895,0,24.563
1,48,32,32,128.922,0,25.8077
1,48,33,33,86.0046,0,24.5195
1,48,34,34,96.685,0,22.3068
1,48,35,35,99.5641,0,24.7209
1,48,36,36,113.651,0,21.8428
1,48,37,37,136.688,0,21.0747
1,48,38,38,81.4327,0,23.9158
1,48,39,39,171.925,0,24.4601
1,48,40,40,113.638,0,20.2488
1,48,41,41,53.6981,0,21.5094
1,48,42,42,55.1296,0,23.5531
1,48,43,43,110.228,0,21.5029
1,48,44,44,104.604,0,19.8838
1,48,45,45,142.242,0,28.1017
1,48,46,46,117.06,0,25.7352
1,48,47,47,75.1302,0,25.2331
1,48,48,48,72.7535,0,25.3536
1,48,49,49,385.942,0,22.336
1,48,50,50,83.5399,0,21.429
1,48,51,51,84.196,0,24.8848
1,48,52,52,100.856,0,20.8144
1,48,53,53,57.3902,0,24.4514
1,48,54,54,929598,0,21.847
1,48,55,55,95.2982,0,20.178
1,48,56,56,177.661,0,22.3729
1,48,57,57,79.1921,0,24.02
1,48,58,58,163.421,0,25.0077
1,48,59,59,49.3814,0,22.5095
1,48,60,60,117.568,0,21.7248
1,48,61,61,106.183,0,23.4365
1,48,62,62,63.1747,0,23.497
1,48,63,63,89.0831,0,22.7392
1,48,64,64,124.377,0,29.5673
1,48,65,65,98.1255,0,23.4214
1,48,66,66,59.8384,0,23.6156
1,48,67,67,103.359,0,23.5316
1,48,68,68,100.852,0,25.9586
1,48,69,69,77.0334,0,23.3749
1,48,70,70,44.5933,0,24.6094
1,48,71,71,84.063,0,22.6631
1,48,72,72,111.606,0,27.5743
1,48,73,73,92.7875,0,23.6979
1,48,74,74,121.618,0,20.7398
1,48,75,75,165.157,0,20.3497
1,48,76,76,121.494,0,23.113
1,48,77,77,94.8953,0,23.6141
1,48,78,78,68.6111,0,24.9999
1,48,79,79,116.165,0,29.2623
1,48,80,80,91.7795,0,22.7846
1,48,81,81,191.77,0,29.3108
1,48,82,82,111.115,0,23.2932
1,48,83,83,544.003,0,21.627
1,48,84,84,101.644,0,24.1865
1,48,85,85,194.994,0,31.3621
1,48,86,86,203.1,0,23.5603
1,48,87,87,147.369,0,20.9848
1,48,88,88,138.925,0,20.5399
1,48,89,89,93.3169,0,21.9449
1,48,90,90,70.0576,0,26.8037
1,48,91,91,159.942,0,26.6896
1,48,92,92,77.1491,0,23.3262
1,48,93,93,178.664,0,21.7754
1,48,94,94,62.9765,0,27.5306
1,48,95,95,99.1963,0,22.7758
1,48,96,96,130.087,0,20.6742
1,48,97,97,56.1208,0,20.5247
1,48,98,98,94.7832,0,24.1759
1,48,99,99,73.5657,0,24.3356
1,48,100,100,97.7526,0,22.6522
1,48,101,101,140.466,0,28.3299
1,48,102,102,101.746,0,20.4907
1,48,103,103,72.9412,0,26.0839
1,48,104,104,144.702,0,30.2556
1,48,105,105,57.9051,0,21.4194
1,48,106,106,67.1781,0,24.8244
1,48,107,107,230.478,0,23.2944
1,48,108,108,84.5961,0,19.948
1,48,109,109,53.4864,0,24.3355
1,48,110,110,96.5239,0,21.9576
1,48,111,111,81.027,0,26.7503
1,48,112,112,118.281,0,23.8423
1,48,113,113,114.754,0,22.8356
1,48,114,114,71.7593,0,21.7486
1,48,115,115,984553,0,33.2347
1,48,116,116,119.468,0,20.8023
1,48,117,117,74.8194,0,22.7997
1,48,118,118,106.536,0,20.586
1,48,119,119,127.307,0,21.6161
1,48,120,120,116.364,0,25.5366
1,48,121,121,70.9256,0,25.1146
1,48,122,122,185.55,0,28.9344
1,48,123,123,89.1033,0,22.8981
1,48,124,124,104.379,0,22.7799
1,48,125,125,106.703,0,24.2916
1,48,126,126,127.001,0,27.7186
1,48,127,127,86.2867,0,21.0496
1,48,128,128,126.576,0,25.8565
1,48,129,129,365.972,0,21.8803
1,48,130,130,146.839,0,29.0439
1,48,131,131,87.7409,0,23.3939
1,48,132,132,44.8889,0,24.3868
1,48,133,133,158.006,0,27.5238
1,48,134,134,114.045,0,24.9107
1,48,135,135,119.333,0,22.3877
1,48,136,136,179.067,0,20.2678
1,48,137,137,45.7453,0,24.3821
1,48,138,138,76.4043,0,22.3501
1,48,139,139,51.2762,0,20.9
1,48,140,140,107.632,0,21.3459
1,48,141,141,52.9518,0,23.1421
1,48,142,142,96.1784,0,23.6108
1,48,143,143,88.6037,0,24.5164
1,48,144,144,46.8724,0,25.63
1,48,145,145,143.708,0,28.8081
1,48,146,146,319.334,0,20.839
1,48,147,147,236.477,0,21.8342
1,48,148,148,54.7398,0,27.2407
1,48,149,149,196.352,0,29.8401
1,48,150,150,62.8723,0,23.1375
1,48,151,151,41.6972,0,23.9578
1,48,152,152,113.568,0,26.531
1,48,153,153,82.0469,0,27.7077
1,48,154,154,74.5518,0,25.0134
1,48,155,155,87.2933,0,23.9048
1,48,156,156,49.8943,0,22.8405
1,48,157,157,59.6668,0,24.8389
1,48,158,158,86.4587,0,24.8372
1,48,159,159,140.943,0,21.7734
1,48,160,160,101.9,0,20.2345
1,48,161,161,87.9819,0,24.6379
1,48,162,162,116.779,0,23.3504
1,48,163,163,325.51,0,20.7132
1,48,164,164,103.478,0,25.5459
1,48,165,165,136.496,0,21.6805
1,48,166,166,72.1863,0,24.6323
1,48,167,167,89.2587,0,23.0791
1,48,168,168,131.506,0,22.7952
1,48,169,169,143.589,0,26.67
1,48,170,170,111.453,0,27.0193
1,48,171,171,89.0437,0,24.5545
1,48,172,172,164.37,0,26.9182
1,48,173,173,56.479,0,24.7236
1,48,174,174,74.0668,0,20.7193
1,48,175,175,61.241,0,24.2324
1,48,176,176,106.031,0,20.8162
1,48,177,177,52.7774,0,23.0448
1,48,178,178,156.82,0,29.7519
1,48,179,179,121.187,0,24.7669
1,48,180,180,227.555,0,20.3353
1,48,181,181,55.8788,0,26.0523
1,48,182,182,67.3835,0,25.1109
1,48,183,183,87.5835,0,22.8719
1,48,184,184,105.393,0,21.7579
1,48,185,185,124.762,0,21.3702
1,48,186,186,84.3012,0,24.2087
1,48,187,187,112.462,0,21.3388
1,48,188,188,519041,0,31.1357
1,48,189,189,133.823,0,20.7176
1,48,190,190,128.154,0,21.264
1,48,191,191,86.4103,0,25.264
1,48,192,192,495.572,0,20.2176
1,48,193,193,70.4013,0,21.2341
1,48,194,194,75.8978,0,23.9517
1,48,195,195,211.465,0,22.2529
1,48,196,196,64.0893,0,22.8724
1,48,197,197,119.992,0,20.6535
1,48,198,198,83.4947,0,20.0414
1,48,199,199,175.493,0,22.645
1,48,200,200,49.3156,0,27.262
1,48,201,201,100.395,0,24.8388
1,48,202,202,100.771,0,24.0706
1,48,203,203,81.0459,0,26.0429
1,48,204,204,99.7311,0,21.3551
1,48,205,205,217.085,0,21.224
1,48,206,206,88.6339,0,22.9587
1,48,207,207,290.749,0,21.6408
1,48,208,208,106.988,0,22.7714
1,48,209,209,107.042,0,22.3023
1,48,210,210,132.13,0,20.6431
1,48,211,211,300.766,0,21.0206
1,48,212,212,66.6131,0,22.0625
1,48,213,213,109.069,0,20.9644
1,48,214,214,50.5741,0,23.9607
1,48,215,215,61.9066,0,24.2473
1,48,216,216,137.315,0,30.0245
1,48,217,217,114.572,0,29.7371
1,48,218,218,101.669,0,21.3104
1,48,219,219,192.14,0,22.402
1,48,220,220,172.313,0,24.2021
1,48,221,221,95.0745,0,22.9385
1,48,222,222,78.5417,0,23.3203
1,48,223,223,72.5867,0,22.5075
1,48,224,224,166.791,0,22.3591
1,48,225,225,197.808,0,22.1879
1,48,226,226,112.961,0,25.422
1,48,227,227,168.731,0,19.8867
1,48,228,228,74.0875,0,25.2368
1,48,229,229,124.152,0,24.9832
1,48,230,230,194.83,0,23.3768
1,48,231,231,96.507,0,22.599
1,48,232,232,355.037,0,23.2967
1,48,233,233,129.796,0,25.3716
1,48,234,234,156.642,0,23.4703
1,48,235,235,473.747,0,21.3852
1,48,236,236,366.56,0,20.5063
1,48,237,237,98.3908,0,24.3995
1,48,238,238,83.2322,0,25.003
1,48,239,239,96.6847,0,22.7822
1,48,240,240,56.5557,0,24.4733
1,48,241,241,185.186,0,31.079
1,48,242,242,115.228,0,21.8755
1,48,243,243,50.2199,0,24.2792
1,48,244,244,191.571,0,29.0082
1,48,245,245,110.521,0,24.5935
1,48,246,246,62.0452,0,22.0499
1,48,247,247,116.733,0,29.0352
1,48,248,248,75.9649,0,23.5668
1,48,249,249,98.0203,0,21.8624
1,48,250,250,70.6189,0,23.7613
1,48,251,251,124.651,0,26.1703
1,48,252,252,53.8923,0,23.2995
1,48,253,253,104.807,0,21.9574
1,48,254,254,115.88,0,22.0585
1,48,255,255,109.557,0,26.626
1,48,256,256,128.533,0,20.9965
1,48,257,257,79.8881,0,25.3328
1,48,258,258,81.7968,0,19.977
1,48,259,259,107.763,0,24.0952
1,48,260,260,62.1494,0,23.8512
1,48,261,261,106.473,0,23.6042
1,48,262,262,79.3522,0,22.9721
1,48,263,263,227.083,0,22.194
1,48,264,264,98.8649,0,19.875
1,48,265,265,78.8844,0,24.0067
1,48,266,266,111.23,0,20.6331
1,48,267,267,90.3305,0,25.3589
1,48,268,268,125.882,0,21.9619
1,48,269,269,90.2121,0,24.0145
1,48,270,270,130.384,0,27.8595
1,48,271,271,68.9423,0,24.3023
1,48,272,272,72.8872,0,20.2653
1,48,273,273,106.197,0,21.5163
1,48,274,274,85.8406,0,25.6889
1,48,275,275,76.858,0,22.6215
1,48,276,276,111.392,0,21.0106
1,48,277,277,201.178,0,29.2115
1,48,278,278,66.4932,0,22.7462
1,48,279,279,101.189,0,21.5178
1,48,280,280,48.006,0,25.5511
1,48,281,281,172.727,0,26.0949
1,48,282,282,130.57,0,27.4273
1,48,283,283,227.177,0,21.9784
1,48,284,284,112.932,0,21.5578
1,48,285,285,136.109,0,25.7473
1,48,286,286,238.795,0,21.7343
1,48,287,287,45.6592,0,26.722
1,48,288,288,376.713,0,22.0342
1,48,289,289,206.728,0,20.5755
1,48,290,290,165.103,0,27.4452
1,48,291,291,481.768,0,21.4204
1,48,292,292,88.4621,0,23.3896
1,48,293,293,111.088,0,23.672
1,48,294,294,245.54,0,23.4312
1,48,295,295,148.512,0,30.496
1,48,296,296,153.808,0,21.0669
1,48,297,297,211.749,0,21.3198
1,48,298,298,122.138,0,25.6638
1,48,299,299,86.5155,0,22.8327
1,48,300,300,117.618,0,21.7218
1,48,301,301,225.101,0,23.7172
1,48,302,302,515.428,0,21.4431
1,48,303,303,108.87,0,24.1765
1,48,304,304,446.778,0,20.8696
1,48,305,305,233.231,0,21.6111
1,48,306,306,137.917,0,22.5464
1,48,307,307,124.43,0,24.596
1,48,308,308,76.9544,0,19.675
1,48,309,309,141.717,0,27.2313
1,48,310,310,110.473,0,22.5974
1,48,311,311,84.8589,0,21.6228
1,48,312,312,68.7863,0,26.5199
1,48,313,313,106.844,0,23.1176
1,48,314,314,85.5518,0,23.4933
1,48,315,315,350.804,0,23.0506
1,48,316,316,117.848,0,20.6603
1,48,317,317,95.0313,0,23.8408
1,48,318,318,111.512,0,20.7524
1,48,319,319,115.45,0,24.0027
1,48,320,320,100.819,0,23.2684
1,48,321,321,346.422,0,22.6201
1,48,322,322,279.524,0,21.6096
1,48,323,323,219.708,0,21.8289
1,48,324,324,83.0724,0,22.1255
1,48,325,325,137.395,0,20.7448
1,48,326,326,120.248,0,24.3726
1,48,327,327,90.073,0,21.7329
1,48,328,328,72.6679,0,22.4371
1,48,329,329,113.551,0,22.5386
1,48,330,330,236.735,0,22.2353
1,48,331,331,77.3736,0,25.1649
1,48,332,332,183.758,0,21.5292
1,48,333,333,302.444,0,21.0257
1,48,334,334,75.6865,0,24.4813
1,48,335,335,115.235,0,20.766
1,48,336,336,185.128,0,22.5249
1,48,337,337,163.415,0,23.9221
1,48,338,338,100.64,0,22.154
1,48,339,339,137.813,0,29.4187
1,48,340,340,100.075,0,23.3479
1,48,341,341,59.6064,0,24.1635
1,48,342,342,91.4358,0,23.3479
1,48,343,343,75.9458,0,26.2629
1,48,344,344,147.445,0,30.0527
1,48,345,345,114.157,0,26.4384
1,48,346,346,1.41958e+06,0,29.416
1,48,347,347,92.8093,0,26.3878
1,48,348,348,48.3319,0,24.3823
1,48,349,349,103.167,0,23.9323
1,48,350,350,79.6956,0,23.4802
1,48,351,351,242.358,0,23.655
1,48,352,352,50.9138,0,23.2401
1,48,353,353,82.6718,0,19.9366
1,48,354,354,97.9823,0,23.7826
1,48,355,355,102.754,0,23.2798
1,48,356,356,205.574,0,22.1005
1,48,357,357,138.228,0,21.6509
1,48,358,358,105.598,0,23.7472
1,48,359,359,122.523,0,23.5784
1,48,360,360,62.1706,0,21.1035
1,48,361,361,48.6173,0,23.4143
1,48,362,362,236.163,0,20.1504
1,48,363,363,97.6801,0,22.9606
1,48,364,364,148.815,0,29.5885
1,48,365,365,197.122,0,21.0101
1,48,366,366,130.018,0,29.1642
1,48,367,367,130.897,0,22.2157
1,48,368,368,100.634,0,23.4251
1,48,369,369,83.7678,0,27.1334
1,48,370,370,102.141,0,24.1849
1,48,371,371,318.409,0,21.6647
1,48,372,372,107.245,0,19.4644
1,48,373,373,64.0493,0,26.515
1,48,374,374,303.528,0,22.9945
1,48,375,375,145.515,0,21.4996
1,48,376,376,125.342,0,21.5444
1,48,377,377,120.936,0,23.9361
1,48,378,378,138.137,0,20.8005
1,48,379,379,219.142,0,29.0277
1,48,380,380,89.6271,0,23.9845
1,48,381,381,58.1275,0,21.6115
1,48,382,382,121.92,0,24.6666
1,48,383,383,125.886,0,23.9486
1,48,384,384,92.4226,0,25.5328
1,48,385,385,136.648,0,22.6886
1,48,386,386,116.142,0,21.4264
1,48,387,387,108.944,0,22.5964
1,48,388,388,56.8324,0,22.9631
1,48,389,389,269.098,0,20.7336
1,48,390,390,77.5142,0,25.0461
1,48,391,391,92.5976,0,23.5035
1,48,392,392,84.169,0,25.384
1,48,393,393,108.917,0,24.8056
1,48,394,394,71.7982,0,21.3867
1,48,395,395,68.3666,0,24.1667
1,48,396,396,169.432,0,20.1162
1,48,397,397,77.9053,0,25.3867
1,48,398,398,91.0414,0,23.858
1,48,399,399,125.787,0,21.2352
1,48,400,400,149.042,0,28.8154
1,48,401,401,98.602,0,22.5061
1,48,402,402,141.81,0,21.0407
1,48,403,403,112.057,0,23.3701
1,48,404,404,71.5936,0,26.7618
1,48,405,405,154.363,0,28.1704
1,48,406,406,453.204,0,21.1439
1,48,407,407,85.8121,0,27.8296
1,48,408,408,85.1653,0,24.0593
1,48,409,409,50.4102,0,24.9653
1,48,410,410,60.3014,0,19.7491
1,48,411,411,89.466,0,26.7336
1,48,412,412,87.202,0,27.3165
1,48,413,413,125.127,0,20.396
1,48,414,414,134.898,0,23.15
1,48,415,415,51.2799,0,24.7641
1,48,416,416,92.6029,0,21.2926
1,48,417,417,119.508,0,20.5116
1,48,418,418,48.8399,0,23.4954
1,48,419,419,136.932,0,27.107
1,48,420,420,127.097,0,21.3696
1,48,421,421,151.484,0,20.9873
1,48,422,422,50.7378,0,25.684
1,48,423,423,152.566,0,29.3259
1,48,424,424,76.735,0,26.2426
1,48,425,425,154.602,0,22.4511
1,48,426,426,107.029,0,23.8186
1,48,427,427,179.958,0,21.2893
1,48,428,428,86.5655,0,21.5698
1,48,429,429,91.3288,0,20.3046
1,48,430,430,55.1099,0,24.8597
1,48,431,431,96.5743,0,19.9456
1,48,432,432,116.613,0,27.662
1,48,433,433,113.16,0,21.3901
1,48,434,434,110.26,0,20.4637
1,48,435,435,331.488,0,21.0272
1,48,436,436,119.195,0,28.7151
1,48,437,437,77.6824,0,23.263
1,48,438,438,155.234,0,21.1033
1,48,439,439,114.306,0,20.6812
1,48,440,440,150.003,0,23.9102
1,48,441,441,92.9177,0,23.1697
1,48,442,442,68.9477,0,24.1831
1,48,443,443,79.6969,0,20.118
1,48,444,444,114.05,0,23.2057
1,48,445,445,98.4831,0,21.0718
1,48,446,446,199.319,0,25.2038
1,48,447,447,85.8873,0,25.44
1,48,448,448,95.1859,0,22.7814
1,48,449,449,163.94,0,20.77
1,48,450,450,67.6349,0,22.7328
1,48,451,451,195.155,0,23.9134
1,48,452,452,121.794,0,25.3562
1,48,453,453,108.644,0,20.0521
1,48,454,454,102.223,0,23.5685
1,48,455,455,119.059,0,22.196
1,48,456,456,142.531,0,22.8301
1,48,457,457,66.2293,0,26.6529
1,48,458,458,82.179,0,27.8063
1,48,459,459,152.894,0,24.3394
1,48,460,460,113.707,0,21.3983
1,48,461,461,59.8136,0,22.4087
1,48,462,462,132.607,0,23.594
1,48,463,463,103.578,0,20.4202
1,48,464,464,66.4337,0,24.1616
1,48,465,465,293.028,0,22.334
1,48,466,466,70.5844,0,23.5853
1,48,467,467,263.403,0,24.0763
1,48,468,468,103.468,0,24.2556
1,48,469,469,54.1736,0,24.4931
1,48,470,470,95.4992,0,25.1912
1,48,471,471,69.0587,0,20.0478
1,48,472,472,77.7635,0,22.7523
1,48,473,473,163.913,0,20.8972
1,48,474,474,183.415,0,22.8758
1,48,475,475,88.4283,0,23.3108
1,48,476,476,72.22,0,21.9366
1,48,477,477,91.4914,0,24.2453
1,48,478,478,83.4537,0,22.1578
1,48,479,479,51.9853,0,21.1369
1,48,480,480,103.097,0,23.2118
1,48,481,481,79.8476,0,23.8137
1,48,482,482,113.783,0,24.7938
1,48,483,483,222.745,0,22.2945
1,48,484,484,76.5498,0,21.4836
1,48,485,485,81.2998,0,21.4208
1,48,486,486,88.801,0,22.8334
1,48,487,487,126.421,0,29.1502
1,48,488,488,108.148,0,20.4939
1,48,489,489,381.154,0,20.5729
1,48,490,490,97.5674,0,23.4236
1,48,491,491,232.261,0,22.6848
1,48,492,492,121.087,0,23.1774
1,48,493,493,216.984,0,23.1771
1,48,494,494,77.4224,0,21.7024
1,48,495,495,115.299,0,20.4774
1,48,496,496,83.8122,0,24.1585
1,48,497,497,198.302,0,34.799
1,48,498,498,116.13,0,20.3911
1,48,499,499,97.2927,0,20.6438
1,48,500,500,101.626,0,21.0225
1,48,501,501,84.9328,0,21.6117
1,48,502,502,119.064,0,25.7629
1,48,503,503,109.592,0,29.3015
1,48,504,504,126.298,0,20.5916
1,48,505,505,156.493,0,20.1385
1,48,506,506,145.08,0,20.9688
1,48,507,507,158.143,0,23.2073
1,48,508,508,49.3719,0,25.899
1,48,509,509,190.274,0,20.9497
1,48,510,510,100.193,0,22.7439
1,48,511,511,81.1005,0,25.3427
1,48,512,512,263.064,0,20.6551
1,48,513,513,54.6237,0,22.5296
1,48,514,514,306.069,0,22.812
1,48,515,515,186.409,0,19.7224
1,48,516,516,47.8256,0,21.0017
1,48,517,517,51.1001,0,25.6273
1,48,518,518,100.022,0,21.847
1,48,519,519,153.73,0,27.0858
1,48,520,520,349.274,0,20.3285
1,48,521,521,98.0823,0,25.6929
1,48,522,522,97.0332,0,20.3342
1,48,523,523,138.896,0,20.7986
1,48,524,524,182.135,0,23.2146
1,48,525,525,47.334,0,24.1964
1,48,526,526,490.908,0,21.604
1,48,527,527,171.141,0,29.3244
1,48,528,528,60.537,0,25.5294
1,48,529,529,159.212,0,27.6095
1,48,530,530,429.497,0,21.5674
1,48,531,531,68.9884,0,24.0962
1,48,532,532,48.3592,0,24.9107
1,48,533,533,72.3478,0,21.3497
1,48,534,534,176.904,0,19.895
1,48,535,535,147.516,0,20.7935
1,48,536,536,172.441,0,21.0499
1,48,537,537,168.611,0,20.801
1,48,538,538,109.429,0,25.6737
1,48,539,539,124.18,0,23.1969
1,48,540,540,106.067,0,20.4477
1,48,541,541,113.224,0,21.9637
1,48,542,542,128.365,0,20.7234
1,48,543,543,75.7659,0,25.6864
1,48,544,544,44.3388,0,20.5026
1,48,545,545,91.0273,0,22.3349
1,48,546,546,147.439,0,23.7092
1,48,547,547,98.8109,0,21.6089
1,48,548,548,55.3303,0,20.7441
1,48,base,base,53.7105,0,21.8668
2,96,0,0,92.5282,0,21.3212
2,96,1,1,103.118,0,20.0344
2,96,2,2,65.1979,0,20.3226
2,96,3,3,73.7919,0,23.6851
2,96,4,4,147.384,0,19.6483
2,96,5,5,535.697,0,21.4383
2,96,6,6,85.2723,0,21.8146
2,96,7,7,62.3053,0,24.1078
2,96,8,8,60.223,0,22.1372
2,96,9,9,167.231,0,25.6812
2,96,10,10,100.799,0,25.9372
2,96,11,11,105.252,0,27.3099
2,96,12,12,160.18,0,19.7188
2,96,13,13,148.406,0,21.0646
2,96,14,14,71.1032,0,24.1537
2,96,15,15,47.5064,0,23.6439
2,96,16,16,75.604,0,24.7888
2,96,17,17,146.993,0,20.7172
2,96,18,18,183.5,0,34.4265
2,96,19,19,134.218,0,24.3221
2,96,20,20,193.654,0,21.8716
2,96,21,21,62.4475,0,25.7802
2,96,22,22,63.667,0,20.7621
2,96,23,23,156.602,0,27.7233
2,96,24,24,73.9584,0,23.8267
2,96,25,25,255.325,0,22.1159
2,96,26,26,117.438,0,28.7998
2,96,27,27,75.3949,0,24.3058
2,96,28,28,84.2358,0,24.8496
2,96,29,29,89.9659,0,20.0682
2,96,30,30,96.5125,0,27.3078
2,96,31,31,42.5895,0,24.563
2,96,32,32,128.922,0,25.8077
2,96,33,33,86.0046,0,24.5195
2,96,34,34,96.685,0,22.3068
2,96,35,35,99.5641,0,24.7209
2,96,36,36,113.651,0,21.8428
2,96,37,37,136.688,0,21.0747
2,96,38,38,81.4327,0,23.9158
2,96,39,39,171.925,0,24.4601
2,96,40,40,113.638,0,20.2488
2,96,41,41,53.6981,0,21.5094
2,96,42,42,55.1296,0,23.5531
2,96,43,43,110.228,0,21.5029
2,96,44,44,104.604,0,19.8838
2,96,45,45,142.242,0,28.1017
2,96,46,46,117.06,0,25.7352
2,96,47,47,75.1302,0,25.2331
2,96,48,48,72.7535,0,25.3536
2,96,49,49,385.942,0,22.336
2,96,50,50,83.5399,0,21.429
2,96,51,51,84.196,0,24.8848
2,96,52,52,100.856,0,20.8144
2,96,53,53,57.3902,0,24.4514
2,96,54,54,929598,0,21.847
2,96,55,55,95.2982,0,20.178
2,96,56,56,177.661,0,22.3729
2,96,57,57,79.1921,0,24.02
2,96,58,58,163.421,0,25.0077
2,96,59,59,49.3814,0,22.5095
2,96,60,60,117.568,0,21.7248
2,96,61,61,106.183,0,23.4365
2,96,62,62,63.1747,0,23.497
2,96,63,63,89.0831,0,22.7392
2,96,64,64,124.377,0,29.5673
2,96,65,65,98.1255,0,23.4214
2,96,66,66,59.8384,0,23.6156
2,96,67,67,103.359,0,23.5316
2,96,68,68,100.852,0,25.9586
2,96,69,69,77.0334,0,23.3749
2,96,70,70,44.5933,0,24.6094
2,96,71,71,84.063,0,22.6631
2,96,72,72,46.8205,0,23.7273
2,96,73,73,92.7875,0,23.6979
2,96,74,74,121.618,0,20.7398
2,96,75,75,165.157,0,20.3497
2,96,76,76,121.494,0,23.113
2,96,77,77,94.8953,0,23.6141
2,96,78,78,68.6111,0,24.9999
2,96,79,79,116.165,0,29.2623
2,96,80,80,91.7795,0,22.7846
2,96,81,81,191.77,0,29.3108
2,96,82,82,111.115,0,23.2932
2,96,83,83,544.003,0,21.627
2,96,84,84,101.644,0,24.1865
2,96,85,85,194.994,0,31.3621
2,96,86,86,203.1,0,23.5603
2,96,87,87,147.369,0,20.9848
2,96,88,88,138.925,0,20.5399
2,96,89,89,93.3169,0,21.9449
2,96,90,90,70.0576,0,26.8037
2,96,91,91,159.942,0,26.6896
2,96,92,92,77.1491,0,23.3262
2,96,93,93,178.664,0,21.7754
2,96,94,94,62.9765,0,27.5306
2,96,95,95,99.1963,0,22.7758
2,96,96,96,130.087,0,20.6742
2,96,97,97,56.1208,0,20.5247
2,96,98,98,94.7832,0,24.1759
2,96,99,99,73.5657,0,24.3356
2,96,100,100,97.7526,0,22.6522
2,96,101,101,140.466,0,28.3299
2,96,102,102,101.746,0,20.4907
2,96,103,103,72.9412,0,26.0839
2,96,104,104,144.702,0,30.2556
2,96,105,105,57.9051,0,21.4194
2,96,106,106,67.1781,0,24.8244
2,96,107,107,230.478,0,23.2944
2,96,108,108,84.5961,0,19.948
2,96,109,109,53.4864,0,24.3355
2,96,110,110,96.5239,0,21.9576
2,96,111,111,81.027,0,26.7503
2,96,112,112,118.281,0,23.8423
2,96,113,113,114.754,0,22.8356
2,96,114,114,71.7593,0,21.7486
2,96,115,115,984553,0,33.2347
2,96,116,116,119.468,0,20.8023
2,96,117,117,74.8194,0,22.7997
2,96,118,118,106.536,0,20.586
2,96,119,119,127.307,0,21.6161
2,96,120,120,116.364,0,25.5366
2,96,121,121,70.9256,0,25.1146
2,96,122,122,185.55,0,28.9344
2,96,123,123,89.1033,0,22.8981
2,96,124,124,104.379,0,22.7799
2,96,125,125,106.703,0,24.2916
2,96,126,126,127.001,0,27.7186
2,96,127,127,86.2867,0,21.0496
2,96,128,128,126.576,0,25.8565
2,96,129,129,365.972,0,21.8803
2,96,130,130,46.8404,0,25.2809
2,96,131,131,87.7409,0,23.3939
2,96,132,132,44.8889,0,24.3868
2,96,133,133,158.006,0,27.5238
2,96,134,134,114.045,0,24.9107
2,96,135,135,119.333,0,22.3877
2,96,136,136,179.067,0,20.2678
2,96,137,137,45.7453,0,24.3821
2,96,138,138,76.4043,0,22.3501
2,96,139,139,51.2762,0,20.9
2,96,140,140,107.632,0,21.3459
2,96,141,141,52.9518,0,23.1421
2,96,142,142,96.1784,0,23.6108
2,96,143,143,88.6037,0,24.5164
2,96,144,144,46.8724,0,25.63
2,96,145,145,143.708,0,28.8081
2,96,146,146,319.334,0,20.839
2,96,147,147,236.477,0,21.8342
2,96,148,148,54.7398,0,27.2407
2,96,149,149,196.352,0,29.8401
2,96,150,150,62.8723,0,23.1375
2,96,151,151,41.6972,0,23.9578
2,96,152,152,113.568,0,26.531
2,96,153,153,82.0469,0,27.7077
2,96,154,154,74.5518,0,25.0134
2,96,155,155,87.2933,0,23.9048
2,96,156,156,49.8943,0,22.8405
2,96,157,157,59.6668,0,24.8389
2,96,158,158,86.4587,0,24.8372
2,96,159,159,140.943,0,21.7734
2,96,160,160,101.9,0,20.2345
2,96,161,161,87.9819,0,24.6379
2,96,162,162,116.779,0,23.3504
2,96,163,163,325.51,0,20.7132
2,96,164,164,103.478,0,25.5459
2,96,165,165,136.496,0,21.6805
2,96,166,166,72.1863,0,24.6323
2,96,167,167,89.2587,0,23.0791
2,96,168,168,131.506,0,22.7952
2,96,169,169,143.589,0,26.67
2,96,170,170,111.453,0,27.0193
2,96,171,171,89.0437,0,24.5545
2,96,172,172,164.37,0,26.9182
2,96,173,173,56.479,0,24.7236
2,96,174,174,74.0668,0,20.7193
2,96,175,175,61.241,0,24.2324
2,96,176,176,106.031,0,20.8162
2,96,177,177,52.7774,0,23.0448
2,96,178,178,156.82,0,29.7519
2,96,179,179,121.187,0,24.7669
2,96,180,180,227.555,0,20.3353
2,96,181,181,55.8788,0,26.0523
2,96,182,182,67.3835,0,25.1109
2,96,183,183,87.5835,0,22.8719
2,96,184,184,105.393,0,21.7579
2,96,185,185,124.762,0,21.3702
2,96,186,186,84.3012,0,24.2087
2,96,187,187,112.462,0,21.3388
2,96,188,188,519041,0,31.1357
2,96,189,189,105.142,0,21.3699
2,96,190,190,128.154,0,21.264
2,96,191,191,86.4103,0,25.264
2,96,192,192,495.572,0,20.2176
2,96,193,193,70.4013,0,21.2341
2,96,194,194,75.8978,0,23.9517
2,96,195,195,211.465,0,22.2529
2,96,196,196,64.0893,0,22.8724
2,96,197,197,119.992,0,20.6535
2,96,198,198,83.4947,0,20.0414
2,96,199,199,175.493,0,22.645
2,96,200,200,49.3156,0,27.262
2,96,201,201,100.395,0,24.8388
2,96,202,202,100.771,0,24.0706
2,96,203,203,81.0459,0,26.0429
2,96,204,204,99.7311,0,21.3551
2,96,205,205,217.085,0,21.224
2,96,206,206,88.6339,0,22.9587
2,96,207,207,290.749,0,21.6408
2,96,208,208,106.988,0,22.7714
2,96,209,209,107.042,0,22.3023
2,96,210,210,132.13,0,20.6431
2,96,211,211,300.766,0,21.0206
2,96,212,212,66.6131,0,22.0625
2,96,213,213,109.069,0,20.9644
2,96,214,214,50.5741,0,23.9607
2,96,215,215,61.9066,0,24.2473
2,96,216,216,137.315,0,30.0245
2,96,217,217,114.572,0,29.7371
2,96,218,218,101.669,0,21.3104
2,96,219,219,192.14,0,22.402
2,96,220,220,172.313,0,24.2021
2,96,221,221,95.0745,0,22.9385
2,96,222,222,78.5417,0,23.3203
2,96,223,223,72.5867,0,22.5075
2,96,224,224,166.791,0,22.3591
2,96,225,225,197.808,0,22.1879
2,96,226,226,112.961,0,25.422
2,96,227,227,168.731,0,19.8867
2,96,228,228,74.0875,0,25.2368
2,96,229,229,124.152,0,24.9832
2,96,230,230,194.83,0,23.3768
2,96,231,231,96.507,0,22.599
2,96,232,232,355.037,0,23.2967
2,96,233,233,129.796,0,25.3716
2,96,234,234,156.642,0,23.4703
2,96,235,235,473.747,0,21.3852
2,96,236,236,366.56,0,20.5063
2,96,237,237,98.3908,0,24.3995
2,96,238,238,83.2322,0,25.003
2,96,239,239,96.6847,0,22.7822
2,96,240,240,46.7794,0,22.9615
2,96,241,241,185.186,0,31.079
2,96,242,242,115.228,0,21.8755
2,96,243,243,50.2199,0,24.2792
2,96,244,244,191.571,0,29.0082
2,96,245,245,110.521,0,24.5935
2,96,246,246,62.0452,0,22.0499
2,96,247,247,116.733,0,29.0352
2,96,248,248,78.542,0,23.7638
2,96,249,249,98.0203,0,21.8624
2,96,250,250,70.6189,0,23.7613
2,96,251,251,124.651,0,26.1703
2,96,252,252,53.8923,0,23.2995
2,96,253,253,104.807,0,21.9574
2,96,254,254,115.88,0,22.0585
2,96,255,255,109.557,0,26.626
2,96,256,256,128.533,0,20.9965
2,96,257,257,79.8881,0,25.3328
2,96,258,258,81.7968,0,19.977
2,96,259,259,107.763,0,24.0952
2,96,260,260,62.1494,0,23.8512
2,96,261,261,106.473,0,23.6042
2,96,262,262,79.3522,0,22.9721
2,96,263,263,227.083,0,22.194
2,96,264,264,98.8649,0,19.875
2,96,265,265,78.8844,0,24.0067
2,96,266,266,111.23,0,20.6331
2,96,267,267,90.3305,0,25.3589
2,96,268,268,125.882,0,21.9619
2,96,269,269,90.2121,0,24.0145
2,96,270,270,130.384,0,27.8595
2,96,271,271,68.9423,0,24.3023
2,96,272,272,72.8872,0,20.2653
2,96,273,273,106.197,0,21.5163
2,96,274,274,85.8406,0,25.6889
2,96,275,275,76.858,0,22.6215
2,96,276,276,111.392,0,21.0106
2,96,277,277,201.178,0,29.2115
2,96,278,278,66.4932,0,22.7462
2,96,279,279,101.189,0,21.5178
2,96,280,280,48.006,0,25.5511
2,96,281,281,172.727,0,26.0949
2,96,282,282,130.57,0,27.4273
2,96,283,283,227.177,0,21.9784
2,96,284,284,112.932,0,21.5578
2,96,285,285,136.109,0,25.7473
2,96,286,286,238.795,0,21.7343
2,96,287,287,45.6592,0,26.722
2,96,288,288,376.713,0,22.0342
2,96,289,289,206.728,0,20.5755
2,96,290,290,165.103,0,27.4452
2,96,291,291,481.768,0,21.4204
2,96,292,292,88.4621,0,23.3896
2,96,293,293,111.088,0,23.672
2,96,294,294,245.54,0,23.4312
2,96,295,295,148.512,0,30.496
2,96,296,296,153.808,0,21.0669
2,96,297,297,211.749,0,21.3198
2,96,298,298,122.138,0,25.6638
2,96,299,299,86.5155,0,22.8327
2,96,300,300,117.618,0,21.7218
2,96,301,301,225.101,0,23.7172
2,96,302,302,515.428,0,21.4431
2,96,303,303,108.87,0,24.1765
2,96,304,304,446.778,0,20.8696
2,96,305,305,233.231,0,21.6111
2,96,306,306,137.917,0,22.5464
2,96,307,307,124.43,0,24.596
2,96,308,308,76.9544,0,19.675
2,96,309,309,141.717,0,27.2313
2,96,310,310,110.473,0,22.5974
2,96,311,311,84.8589,0,21.6228
2,96,312,312,68.7863,0,26.5199
2,96,313,313,106.844,0,23.1176
2,96,314,314,85.5518,0,23.4933
2,96,315,315,350.804,0,23.0506
2,96,316,316,117.848,0,20.6603
2,96,317,317,95.0313,0,23.8408
2,96,318,318,111.512,0,20.7524
2,96,319,319,115.45,0,24.0027
2,96,320,320,100.819,0,23.2684
2,96,321,321,346.422,0,22.6201
2,96,322,322,279.524,0,21.6096
2,96,323,323,219.708,0,21.8289
2,96,324,324,83.0724,0,22.1255
2,96,325,325,137.395,0,20.7448
2,96,326,326,120.248,0,24.3726
2,96,327,327,90.073,0,21.7329
2,96,328,328,72.6679,0,22.4371
2,96,329,329,113.551,0,22.5386
2,96,330,330,236.735,0,22.2353
2,96,331,331,77.3736,0,25.1649
2,96,332,332,183.758,0,21.5292
2,96,333,333,302.444,0,21.0257
2,96,334,334,75.6865,0,24.4813
2,96,335,335,115.235,0,20.766
2,96,336,336,185.128,0,22.5249
2,96,337,337,163.415,0,23.9221
2,96,338,338,100.64,0,22.154
2,96,339,339,137.813,0,29.4187
2,96,340,340,100.075,0,23.3479
2,96,341,341,59.6064,0,24.1635
2,96,342,342,91.4358,0,23.3479
2,96,343,343,75.9458,0,26.2629
2,96,344,344,147.445,0,30.0527
2,96,345,345,114.157,0,26.4384
2,96,346,346,1.41958e+06,0,29.416
2,96,347,347,92.8093,0,26.3878
2,96,348,348,48.3319,0,24.3823
2,96,349,349,103.167,0,23.9323
2,96,350,350,79.6956,0,23.4802
2,96,351,351,242.358,0,23.655
2,96,352,352,50.9138,0,23.2401
2,96,353,353,82.6718,0,19.9366
2,96,354,354,97.9823,0,23.7826
2,96,355,355,102.754,0,23.2798
2,96,356,356,205.574,0,22.1005
2,96,357,357,138.228,0,21.6509
2,96,358,358,105.598,0,23.7472
2,96,359,359,122.523,0,23.5784
2,96,360,360,62.1706,0,21.1035
2,96,361,361,48.6173,0,23.4143
2,96,362,362,236.163,0,20.1504
2,96,363,363,97.6801,0,22.9606
2,96,364,364,148.815,0,29.5885
2,96,365,365,197.122,0,21.0101
2,96,366,366,130.018,0,29.1642
2,96,367,367,130.897,0,22.2157
2,96,368,368,100.634,0,23.4251
2,96,369,369,83.7678,0,27.1334
2,96,370,370,102.141,0,24.1849
2,96,371,371,318.409,0,21.6647
2,96,372,372,107.245,0,19.4644
2,96,373,373,61.0309,0,26.7899
2,96,374,374,303.528,0,22.9945
2,96,375,375,145.515,0,21.4996
2,96,376,376,125.342,0,21.5444
2,96,377,377,120.936,0,23.9361
2,96,378,378,138.137,0,20.8005
2,96,379,379,219.142,0,29.0277
2,96,380,380,89.6271,0,23.9845
2,96,381,381,58.1275,0,21.6115
2,96,382,382,121.92,0,24.6666
2,96,383,383,125.886,0,23.9486
2,96,384,384,92.4226,0,25.5328
2,96,385,385,136.648,0,22.6886
2,96,386,386,116.142,0,21.4264
2,96,387,387,108.944,0,22.5964
2,96,388,388,56.8324,0,22.9631
2,96,389,389,269.098,0,20.7336
2,96,390,390,77.5142,0,25.0461
2,96,391,391,92.5976,0,23.5035
2,96,392,392,84.169,0,25.384
2,96,393,393,108.917,0,24.8056
2,96,394,394,71.7982,0,21.3867
2,96,395,395,68.3666,0,24.1667
2,96,396,396,169.432,0,20.1162
2,96,397,397,77.9053,0,25.3867
2,96,398,398,91.0414,0,23.858
2,96,399,399,125.787,0,21.2352
2,96,400,400,149.042,0,28.8154
2,96,401,401,98.602,0,22.5061
2,96,402,402,141.81,0,21.0407
2,96,403,403,112.057,0,23.3701
2,96,404,404,71.5936,0,26.7618
2,96,405,405,154.363,0,28.1704
2,96,406,406,453.204,0,21.1439
2,96,407,407,85.8121,0,27.8296
2,96,408,408,85.1653,0,24.0593
2,96,409,409,50.4102,0,24.9653
2,96,410,410,60.3014,0,19.7491
2,96,411,411,89.466,0,26.7336
2,96,412,412,87.202,0,27.3165
2,96,413,413,125.127,0,20.396
2,96,414,414,134.898,0,23.15
2,96,415,415,51.2799,0,24.7641
2,96,416,416,92.6029,0,21.2926
2,96,417,417,119.508,0,20.5116
2,96,418,418,48.8399,0,23.4954
2,96,419,419,136.932,0,27.107
2,96,420,420,127.097,0,21.3696
2,96,421,421,151.484,0,20.9873
2,96,422,422,50.7378,0,25.684
2,96,423,423,152.566,0,29.3259
2,96,424,424,76.735,0,26.2426
2,96,425,425,154.602,0,22.4511
2,96,426,426,107.029,0,23.8186
2,96,427,427,179.958,0,21.2893
2,96,428,428,86.5655,0,21.5698
2,96,429,429,91.3288,0,20.3046
2,96,430,430,55.1099,0,24.8597
2,96,431,431,96.5743,0,19.9456
2,96,432,432,116.613,0,27.662
2,96,433,433,113.16,0,21.3901
2,96,434,434,110.26,0,20.4637
2,96,435,435,331.488,0,21.0272
2,96,436,436,119.195,0,28.7151
2,96,437,437,77.6824,0,23.263
2,96,438,438,155.234,0,21.1033
2,96,439,439,114.306,0,20.6812
2,96,440,440,150.003,0,23.9102
2,96,441,441,92.9177,0,23.1697
2,96,442,442,68.9477,0,24.1831
2,96,443,443,79.6969,0,20.118
2,96,444,444,114.05,0,23.2057
2,96,445,445,98.4831,0,21.0718
2,96,446,446,199.319,0,25.2038
2,96,447,447,85.8873,0,25.44
2,96,448,448,95.1859,0,22.7814
2,96,449,449,163.94,0,20.77
2,96,450,450,67.6349,0,22.7328
2,96,451,451,195.155,0,23.9134
2,96,452,452,121.794,0,25.3562
2,96,453,453,108.644,0,20.0521
2,96,454,454,102.223,0,23.5685
2,96,455,455,119.059,0,22.196
2,96,456,456,142.531,0,22.8301
2,96,457,457,66.2293,0,26.6529
2,96,458,458,82.179,0,27.8063
2,96,459,459,152.894,0,24.3394
2,96,460,460,113.707,0,21.3983
2,96,461,461,59.8136,0,22.4087
2,96,462,462,132.607,0,23.594
2,96,463,463,103.578,0,20.4202
2,96,464,464,66.4337,0,24.1616
2,96,465,465,293.028,0,22.334
2,96,466,466,70.5844,0,23.5853
2,96,467,467,263.403,0,24.0763
2,96,468,468,103.468,0,24.2556
2,96,469,469,54.1736,0,24.4931
2,96,470,470,95.4992,0,25.1912
2,96,471,471,69.0587,0,20.0478
2,96,472,472,77.7635,0,22.7523
2,96,473,473,163.913,0,20.8972
2,96,474,474,183.415,0,22.8758
2,96,475,475,88.4283,0,23.3108
2,96,476,476,72.22,0,21.9366
2,96,477,477,91.4914,0,24.2453
2,96,478,478,83.4537,0,22.1578
2,96,479,479,51.9853,0,21.1369
2,96,480,480,103.097,0,23.2118
2,96,481,481,79.8476,0,23.8137
2,96,482,482,113.783,0,24.7938
2,96,483,483,222.745,0,22.2945
2,96,484,484,76.5498,0,21.4836
2,96,485,485,81.2998,0,21.4208
2,96,486,486,88.801,0,22.8334
2,96,487,487,126.421,0,29.1502
2,96,488,488,108.148,0,20.4939
2,96,489,489,381.154,0,20.5729
2,96,490,490,97.5674,0,23.4236
2,96,491,491,232.261,0,22.6848
2,96,492,492,121.087,0,23.1774
2,96,493,493,216.984,0,23.1771
2,96,494,494,77.4224,0,21.7024
2,96,495,495,115.299,0,20.4774
2,96,496,496,99.0623,0,21.7091
2,96,497,497,198.302,0,34.799
2,96,498,498,116.13,0,20.3911
2,96,499,499,97.2927,0,20.6438
2,96,500,500,101.626,0,21.0225
2,96,501,501,84.9328,0,21.6117
2,96,502,502,119.064,0,25.7629
2,96,503,503,109.592,0,29.3015
2,96,504,504,126.298,0,20.5916
2,96,505,505,156.493,0,20.1385
2,96,506,506,145.08,0,20.9688
2,96,507,507,158.143,0,23.2073
2,96,508,508,49.3719,0,25.899
2,96,509,509,190.274,0,20.9497
2,96,510,510,100.193,0,22.7439
2,96,511,511,81.1005,0,25.3427
2,96,512,512,263.064,0,20.6551
2,96,513,513,54.6237,0,22.5296
2,96,514,514,306.069,0,22.812
2,96,515,515,186.409,0,19.7224
2,96,516,516,47.8256,0,21.0017
2,96,517,517,51.1001,0,25.6273
2,96,518,518,100.022,0,21.847
2,96,519,519,153.73,0,27.0858
2,96,520,520,349.274,0,20.3285
2,96,521,521,98.0823,0,25.6929
2,96,522,522,97.0332,0,20.3342
2,96,523,523,138.896,0,20.7986
2,96,524,524,182.135,0,23.2146
2,96,525,525,47.334,0,24.1964
2,96,526,526,490.908,0,21.604
2,96,527,527,171.141,0,29.3244
2,96,528,528,60.537,0,25.5294
2,96,529,529,159.212,0,27.6095
2,96,530,530,429.497,0,21.5674
2,96,531,531,68.9884,0,24.0962
2,96,532,532,48.3592,0,24.9107
2,96,533,533,72.3478,0,21.3497
2,96,534,534,176.904,0,19.895
2,96,535,535,147.516,0,20.7935
2,96,536,536,172.441,0,21.0499
2,96,537,537,168.611,0,20.801
2,96,538,538,109.429,0,25.6737
2,96,539,539,124.18,0,23.1969
2,96,540,540,106.067,0,20.4477
2,96,541,541,113.224,0,21.9637
2,96,542,542,128.365,0,20.7234
2,96,543,543,75.7659,0,25.6864
2,96,544,544,44.3388,0,20.5026
2,96,545,545,91.0273,0,22.3349
2,96,546,546,147.439,0,23.7092
2,96,547,547,98.8109,0,21.6089
2,96,548,548,55.3303,0,20.7441
2,96,base,base,57.8227,0,20.9036
3,144,0,0,92.5282,0,21.3212
3,144,1,1,103.118,0,20.0344
3,144,2,2,65.1979,0,20.3226
3,144,3,3,73.7919,0,23.6851
3,144,4,4,147.384,0,19.6483
3,144,5,5,535.697,0,21.4383
3,144,6,6,85.2723,0,21.8146
3,144,7,7,62.3053,0,24.1078
3,144,8,8,60.223,0,22.1372
3,144,9,9,167.231,0,25.6812
3,144,10,10,100.799,0,25.9372
3,144,11,11,105.252,0,27.3099
3,144,12,12,160.18,0,19.7188
3,144,13,13,148.406,0,21.0646
3,144,14,14,71.1032,0,24.1537
3,144,15,15,47.5064,0,23.6439
3,144,16,16,75.604,0,24.7888
3,144,17,17,146.993,0,20.7172
3,144,18,18,183.5,0,34.4265
3,144,19,19,134.218,0,24.3221
3,144,20,20,193.654,0,21.8716
3,144,21,21,62.4475,0,25.7802
3,144,22,22,63.667,0,20.7621
3,144,23,23,156.602,0,27.7233
3,144,24,24,73.9584,0,23.8267
3,144,25,25,255.325,0,22.1159
3,144,26,26,117.438,0,28.7998
3,144,27,27,75.3949,0,24.3058
3,144,28,28,84.2358,0,24.8496
3,144,29,29,89.9659,0,20.0682
3,144,30,30,96.5125,0,27.3078
3,144,31,31,42.5895,0,24.563
3,144,32,32,128.922,0,25.8077
3,144,33,33,86.0046,0,24.5195
3,144,34,34,96.685,0,22.3068
3,144,35,35,60.2675,0,23.8661
3,144,36,36,113.651,0,21.8428
3,144,37,37,136.688,0,21.0747
3,144,38,38,81.4327,0,23.9158
3,144,39,39,171.925,0,24.4601
3,144,40,40,113.638,0,20.2488
3,144,41,41,53.6981,0,21.5094
3,144,42,42,55.1296,0,23.5531
3,144,43,43,110.228,0,21.5029
3,144,44,44,104.604,0,19.8838
3,144,45,45,142.242,0,28.1017
3,144,46,46,117.06,0,25.7352
3,144,47,47,75.1302,0,25.2331
3,144,48,48,72.7535,0,25.3536
3,144,49,49,385.942,0,22.336
3,144,50,50,83.5399,0,21.429
3,144,51,51,84.196,0,24.8848
3,144,52,52,100.856,0,20.8144
3,144,53,53,57.3902,0,24.4514
3,144,54,54,929598,0,21.847
3,144,55,55,95.2982,0,20.178
3,144,56,56,177.661,0,22.3729
3,144,57,57,79.1921,0,24.02
3,144,58,58,163.421,0,25.0077
3,144,59,59,49.3814,0,22.5095
3,144,60,60,89.751,0,22.0205
3,144,61,61,106.183,0,23.4365
3,144,62,62,63.1747,0,23.497
3,144,63,63,89.0831,0,22.7392
3,144,64,64,124.377,0,29.5673
3,144,65,65,98.1255,0,23.4214
3,144,66,66,59.8384,0,23.6156
3,144,67,67,103.359,0,23.5316
3,144,68,68,47.0138,0,23.6982
3,144,69,69,77.0334,0,23.3749
3,144,70,70,44.5933,0,24.6094
3,144,71,71,84.063,0,22.6631
3,144,72,72,46.8205,0,23.7273
3,144,73,73,92.7875,0,23.6979
3,144,74,74,121.618,0,20.7398
3,144,75,75,165.157,0,20.3497
3,144,76,76,121.494,0,23.113
3,144,77,77,94.8953,0,23.6141
3,144,78,78,68.6111,0,24.9999
3,144,79,79,116.165,0,29.2623
3,144,80,80,91.7795,0,22.7846
3,144,81,81,191.77,0,29.3108
3,144,82,82,111.115,0,23.2932
3,144,83,83,544.003,0,21.627
3,144,84,84,101.644,0,24.1865
3,144,85,85,194.994,0,31.3621
3,144,86,86,203.1,0,23.5603
3,144,87,87,147.369,0,20.9848
3,144,88,88,138.925,0,20.5399
3,144,89,89,93.3169,0,21.9449
3,144,90,90,70.0576,0,26.8037
3,144,91,91,159.942,0,26.6896
3,144,92,92,77.1491,0,23.3262
3,144,93,93,178.664,0,21.7754
3,144,94,94,62.9765,0,27.5306
3,144,95,95,99.1963,0,22.7758
3,144,96,96,130.087,0,20.6742
3,144,97,97,56.6495,0,19.9438
3,144,98,98,94.7832,0,24.1759
3,144,99,99,73.5657,0,24.3356
3,144,100,100,97.7526,0,22.6522
3,144,101,101,140.466,0,28.3299
3,144,102,102,101.746,0,20.4907
3,144,103,103,72.9412,0,26.0839
3,144,104,104,144.702,0,30.2556
3,144,105,105,57.9051,0,21.4194
3,144,106,106,67.1781,0,24.8244
3,144,107,107,230.478,0,23.2944
3,144,108,108,84.5961,0,19.948
3,144,109,109,53.4864,0,24.3355
3,144,110,110,96.5239,0,21.9576
3,144,111,111,81.027,0,26.7503
3,144,112,112,118.281,0,23.8423
3,144,113,113,114.754,0,22.8356
3,144,114,114,71.7593,0,21.7486
3,144,115,115,984553,0,33.2347
3,144,116,116,119.468,0,20.8023
3,144,117,117,74.8194,0,22.7997
3,144,118,118,106.536,0,20.586
3,144,119,119,127.307,0,21.6161
3,144,120,120,116.364,0,25.5366
3,144,121,121,70.9256,0,25.1146
3,144,122,122,185.55,0,28.9344
3,144,123,123,89.1033,0,22.8981
3,144,124,124,104.379,0,22.7799
3,144,125,125,106.703,0,24.2916
3,144,126,126,127.001,0,27.7186
3,144,127,127,86.2867,0,21.0496
3,144,128,128,126.576,0,25.8565
3,144,129,129,365.972,0,21.8803
3,144,130,130,46.8404,0,25.2809
3,144,131,131,87.7409,0,23.3939
3,144,132,132,44.8889,0,24.3868
3,144,133,133,158.006,0,27.5238
3,144,134,134,114.045,0,24.9107
3,144,135,135,105.894,0,21.5501
3,144,136,136,179.067,0,20.2678
3,144,137,137,45.7453,0,24.3821
3,144,138,138,76.4043,0,22.3501
3,144,139,139,51.2762,0,20.9
3,144,140,140,107.632,0,21.3459
3,144,141,141,52.9518,0,23.1421
3,144,142,142,96.1784,0,23.6108
3,144,143,143,88.6037,0,24.5164
3,144,144,144,46.8724,0,25.63
3,144,145,145,143.708,0,28.8081
3,144,146,146,319.334,0,20.839
3,144,147,147,236.477,0,21.8342
3,144,148,148,54.7398,0,27.2407
3,144,149,149,196.352,0,29.8401
3,144,150,150,62.8723,0,23.1375
3,144,151,151,41.6972,0,23.9578
3,144,152,152,113.568,0,26.531
3,144,153,153,82.0469,0,27.7077
3,144,154,154,74.5518,0,25.0134
3,144,155,155,87.2933,0,23.9048
3,144,156,156,49.8943,0,22.8405
3,144,157,157,59.6668,0,24.8389
3,144,158,158,86.4587,0,24.8372
3,144,159,159,140.943,0,21.7734
3,144,160,160,101.9,0,20.2345
3,144,161,161,87.9819,0,24.6379
3,144,162,162,116.779,0,23.3504
3,144,163,163,325.51,0,20.7132
3,144,164,164,103.478,0,25.5459
3,144,165,165,136.496,0,21.6805
3,144,166,166,72.1863,0,24.6323
3,144,167,167,89.2587,0,23.0791
3,144,168,168,131.506,0,22.7952
3,144,169,169,143.589,0,26.67
3,144,170,170,75.9584,0,26.2637
3,144,171,171,89.0437,0,24.5545
3,144,172,172,164.37,0,26.9182
3,144,173,173,56.479,0,24.7236
3,144,174,174,74.0668,0,20.7193
3,144,175,175,61.241,0,24.2324
3,144,176,176,106.031,0,20.8162
3,144,177,177,52.7774,0,23.0448
3,144,178,178,156.82,0,29.7519
3,144,179,179,121.187,0,24.7669
3,144,180,180,227.555,0,20.3353
3,144,181,181,55.8788,0,26.0523
3,144,182,182,67.3835,0,25.1109
3,144,183,183,87.5835,0,22.8719
3,144,184,184,105.393,0,21.7579
3,144,185,185,124.762,0,21.3702
3,144,186,186,84.3012,0,24.2087
3,144,187,187,112.462,0,21.3388
3,144,188,188,519041,0,31.1357
3,144,189,189,105.142,0,21.3699
3,144,190,190,128.154,0,21.264
3,144,191,191,86.4103,0,25.264
3,144,192,192,495.572,0,20.2176
3,144,193,193,70.4013,0,21.2341
3,144,194,194,75.8978,0,23.9517
3,144,195,195,211.465,0,22.2529
3,144,196,196,64.0893,0,22.8724
3,144,197,197,119.992,0,20.6535
3,144,198,198,83.4947,0,20.0414
3,144,199,199,175.493,0,22.645
3,144,200,200,49.3156,0,27.262
3,144,201,201,100.395,0,24.8388
3,144,202,202,100.771,0,24.0706
3,144,203,203,81.0459,0,26.0429
3,144,204,204,99.7311,0,21.3551
3,144,205,205,217.085,0,21.224
3,144,206,206,88.6339,0,22.9587
3,144,207,207,290.749,0,21.6408
3,144,208,208,106.988,0,22.7714
3,144,209,209,107.042,0,22.3023
3,144,210,210,132.13,0,20.6431
3,144,211,211,300.766,0,21.0206
3,144,212,212,66.6131,0,22.0625
3,144,213,213,109.069,0,20.9644
3,144,214,214,47.834,0,22.9548
3,144,215,215,61.9066,0,24.2473
3,144,216,216,137.315,0,30.0245
3,144,217,217,114.572,0,29.7371
3,144,218,218,101.669,0,21.3104
3,144,219,219,192.14,0,22.402
3,144,220,220,172.313,0,24.2021
3,144,221,221,95.0745,0,22.9385
3,144,222,222,78.5417,0,23.3203
3,144,223,223,72.5867,0,22.5075
3,144,224,224,166.791,0,22.3591
3,144,225,225,197.808,0,22.1879
3,144,226,226,112.961,0,25.422
3,144,227,227,168.731,0,19.8867
3,144,228,228,74.0875,0,25.2368
3,144,229,229,124.152,0,24.9832
3,144,230,230,194.83,0,23.3768
3,144,231,231,96.507,0,22.599
3,144,232,232,355.037,0,23.2967
3,144,233,233,129.796,0,25.3716
3,144,234,234,156.642,0,23.4703
3,144,235,235,321.826,0,20.9593
3,144,236,236,366.56,0,20.5063
3,144,237,237,53.4544,0,22.4873
3,144,238,238,83.2322,0,25.003
3,144,239,239,96.6847,0,22.7822
3,144,240,240,46.7794,0,22.9615
3,144,241,241,185.186,0,31.079
3,144,242,242,115.228,0,21.8755
3,144,243,243,50.2199,0,24.2792
3,144,244,244,191.571,0,29.0082
3,144,245,245,110.521,0,24.5935
3,144,246,246,62.0452,0,22.0499
3,144,247,247,116.733,0,29.0352
3,144,248,248,78.542,0,23.7638
3,144,249,249,98.0203,0,21.8624
3,144,250,250,70.6189,0,23.7613
3,144,251,251,124.651,0,26.1703
3,144,252,252,53.8923,0,23.2995
3,144,253,253,104.807,0,21.9574
3,144,254,254,115.88,0,22.0585
3,144,255,255,109.557,0,26.626
3,144,256,256,128.533,0,20.9965
3,144,257,257,79.8881,0,25.3328
3,144,258,258,81.7968,0,19.977
3,144,259,259,107.763,0,24.0952
3,144,260,260,62.1494,0,23.8512
3,144,261,261,106.473,0,23.6042
3,144,262,262,79.3522,0,22.9721
3,144,263,263,227.083,0,22.194
3,144,264,264,98.8649,0,19.875
3,144,265,265,78.8844,0,24.0067
3,144,266,266,111.23,0,20.6331
3,144,267,267,90.3305,0,25.3589
3,144,268,268,125.882,0,21.9619
3,144,269,269,90.2121,0,24.0145
3,144,270,270,130.384,0,27.8595
3,144,271,271,68.9423,0,24.3023
3,144,272,272,72.8872,0,20.2653
3,144,273,273,60.533,0,21.8046
3,144,274,274,85.8406,0,25.6889
3,144,275,275,76.858,0,22.6215
3,144,276,276,111.392,0,21.0106
3,144,277,277,201.178,0,29.2115
3,144,278,278,66.4932,0,22.7462
3,144,279,279,101.189,0,21.5178
3,144,280,280,48.006,0,25.5511
3,144,281,281,172.727,0,26.0949
3,144,282,282,130.57,0,27.4273
3,144,283,283,227.177,0,21.9784
3,144,284,284,112.932,0,21.5578
3,144,285,285,136.109,0,25.7473
3,144,286,286,238.795,0,21.7343
3,144,287,287,45.6592,0,26.722
3,144,288,288,376.713,0,22.0342
3,144,289,289,206.728,0,20.5755
3,144,290,290,165.103,0,27.4452
3,144,291,291,481.768,0,21.4204
3,144,292,292,88.4621,0,23.3896
3,144,293,293,78.6915,0,24.1306
3,144,294,294,245.54,0,23.4312
3,144,295,295,148.512,0,30.496
3,144,296,296,153.808,0,21.0669
3,144,297,297,211.749,0,21.3198
3,144,298,298,122.138,0,25.6638
3,144,299,299,86.5155,0,22.8327
3,144,300,300,117.618,0,21.7218
3,144,301,301,225.101,0,23.7172
3,144,302,302,515.428,0,21.4431
3,144,303,303,108.87,0,24.1765
3,144,304,304,446.778,0,20.8696
3,144,305,305,233.231,0,21.6111
3,144,306,306,137.917,0,22.5464
3,144,307,307,124.43,0,24.596
3,144,308,308,76.9544,0,19.675
3,144,309,309,141.717,0,27.2313
3,144,310,310,110.473,0,22.5974
3,144,311,311,84.8589,0,21.6228
3,144,312,312,68.7863,0,26.5199
3,144,313,313,106.844,0,23.1176
3,144,314,314,85.5518,0,23.4933
3,144,315,315,350.804,0,23.0506
3,144,316,316,117.848,0,20.6603
3,144,317,317,95.0313,0,23.8408
3,144,318,318,111.512,0,20.7524
3,144,319,319,115.45,0,24.0027
3,144,320,320,100.819,0,23.2684
3,144,321,321,346.422,0,22.6201
3,144,322,322,279.524,0,21.6096
3,144,323,323,76.0817,0,21.6262
3,144,324,324,83.0724,0,22.1255
3,144,325,325,137.395,0,20.7448
3,144,326,326,120.248,0,24.3726
3,144,327,327,90.073,0,21.7329
3,144,328,328,72.6679,0,22.4371
3,144,329,329,113.551,0,22.5386
3,144,330,330,236.735,0,22.2353
3,144,331,331,77.3736,0,25.1649
3,144,332,332,183.758,0,21.5292
3,144,333,333,302.444,0,21.0257
3,144,334,334,75.6865,0,24.4813
3,144,335,335,115.235,0,20.766
3,144,336,336,185.128,0,22.5249
3,144,337,337,163.415,0,23.9221
3,144,338,338,100.64,0,22.154
3,144,339,339,137.813,0,29.4187
3,144,340,340,100.075,0,23.3479
3,144,341,341,59.6064,0,24.1635
3,144,342,342,91.4358,0,23.3479
3,144,343,343,75.9458,0,26.2629
3,144,344,344,147.445,0,30.0527
3,144,345,345,114.157,0,26.4384
3,144,346,346,1.41958e+06,0,29.416
3,144,347,347,92.8093,0,26.3878
3,144,348,348,48.3319,0,24.3823
3,144,349,349,103.167,0,23.9323
3,144,350,350,79.6956,0,23.4802
3,144,351,351,242.358,0,23.655
3,144,352,352,50.9138,0,23.2401
3,144,353,353,82.6718,0,19.9366
3,144,354,354,97.9823,0,23.7826
3,144,355,355,102.754,0,23.2798
3,144,356,356,205.574,0,22.1005
3,144,357,357,138.228,0,21.6509
3,144,358,358,105.598,0,23.7472
3,144,359,359,122.523,0,23.5784
3,144,360,360,62.1706,0,21.1035
3,144,361,361,48.6173,0,23.4143
3,144,362,362,236.163,0,20.1504
3,144,363,363,97.6801,0,22.9606
3,144,364,364,148.815,0,29.5885
3,144,365,365,197.122,0,21.0101
3,144,366,366,130.018,0,29.1642
3,144,367,367,130.897,0,22.2157
3,144,368,368,100.634,0,23.4251
3,144,369,369,83.7678,0,27.1334
3,144,370,370,102.141,0,24.1849
3,144,371,371,318.409,0,21.6647
3,144,372,372,107.245,0,19.4644
3,144,373,373,61.0309,0,26.7899
3,144,374,374,303.528,0,22.9945
3,144,375,375,145.515,0,21.4996
3,144,376,376,125.342,0,21.5444
3,144,377,377,120.936,0,23.9361
3,144,378,378,138.137,0,20.8005
3,144,379,379,219.142,0,29.0277
3,144,380,380,89.6271,0,23.9845
3,144,381,381,58.1275,0,21.6115
3,144,382,382,121.92,0,24.6666
3,144,383,383,125.886,0,23.9486
3,144,384,384,92.4226,0,25.5328
3,144,385,385,136.648,0,22.6886
3,144,386,386,116.142,0,21.4264
3,144,387,387,108.944,0,22.5964
3,144,388,388,56.8324,0,22.9631
3,144,389,389,269.098,0,20.7336
3,144,390,390,77.5142,0,25.0461
3,144,391,391,92.5976,0,23.5035
3,144,392,392,84.169,0,25.384
3,144,393,393,108.917,0,24.8056
3,144,394,394,71.7982,0,21.3867
3,144,395,395,68.3666,0,24.1667
3,144,396,396,169.432,0,20.1162
3,144,397,397,77.9053,0,25.3867
3,144,398,398,91.0414,0,23.858
3,144,399,399,125.787,0,21.2352
3,144,400,400,149.042,0,28.8154
3,144,401,401,98.602,0,22.5061
3,144,402,402,141.81,0,21.0407
3,144,403,403,112.057,0,23.3701
3,144,404,404,71.5936,0,26.7618
3,144,405,405,154.363,0,28.1704
3,144,406,406,453.204,0,21.1439
3,144,407,407,85.8121,0,27.8296
3,144,408,408,85.1653,0,24.0593
3,144,409,409,50.4102,0,24.9653
3,144,410,410,60.3014,0,19.7491
3,144,411,411,89.466,0,26.7336
3,144,412,412,87.202,0,27.3165
3,144,413,413,125.127,0,20.396
3,144,414,414,134.898,0,23.15
3,144,415,415,51.2799,0,24.7641
3,144,416,416,92.6029,0,21.2926
3,144,417,417,119.508,0,20.5116
3,144,418,418,48.8399,0,23.4954
3,144,419,419,136.932,0,27.107
3,144,420,420,127.097,0,21.3696
3,144,421,421,151.484,0,20.9873
3,144,422,422,50.7378,0,25.684
3,144,423,423,152.566,0,29.3259
3,144,424,424,76.735,0,26.2426
3,144,425,425,154.602,0,22.4511
3,144,426,426,107.029,0,23.8186
3,144,427,427,179.958,0,21.2893
3,144,428,428,86.5655,0,21.5698
3,144,429,429,91.3288,0,20.3046
3,144,430,430,55.1099,0,24.8597
3,144,431,431,96.5743,0,19.9456
3,144,432,432,116.613,0,27.662
3,144,433,433,113.16,0,21.3901
3,144,434,434,110.26,0,20.4637
3,144,435,435,331.488,0,21.0272
3,144,436,436,119.195,0,28.7151
3,144,437,437,77.6824,0,23.263
3,144,438,438,155.234,0,21.1033
3,144,439,439,114.306,0,20.6812
3,144,440,440,150.003,0,23.9102
3,144,441,441,92.9177,0,23.1697
3,144,442,442,68.9477,0,24.1831
3,144,443,443,79.6969,0,20.118
3,144,444,444,114.05,0,23.2057
3,144,445,445,98.4831,0,21.0718
3,144,446,446,199.319,0,25.2038
3,144,447,447,85.8873,0,25.44
3,144,448,448,95.1859,0,22.7814
3,144,449,449,163.94,0,20.77
3,144,450,450,67.6349,0,22.7328
3,144,451,451,46.5564,0,23.8748
3,144,452,452,121.794,0,25.3562
3,144,453,453,108.644,0,20.0521
3,144,454,454,102.223,0,23.5685
3,144,455,455,119.059,0,22.196
3,144,456,456,142.531,0,22.8301
3,144,457,457,66.2293,0,26.6529
3,144,458,458,82.179,0,27.8063
3,144,459,459,152.894,0,24.3394
3,144,460,460,113.707,0,21.3983
3,144,461,461,59.8136,0,22.4087
3,144,462,462,132.607,0,23.594
3,144,463,463,103.578,0,20.4202
3,144,464,464,66.4337,0,24.1616
3,144,465,465,293.028,0,22.334
3,144,466,466,70.5844,0,23.5853
3,144,467,467,263.403,0,24.0763
3,144,468,468,103.468,0,24.2556
3,144,469,469,54.1736,0,24.4931
3,144,470,470,95.4992,0,25.1912
3,144,471,471,69.0587,0,20.0478
3,144,472,472,77.7635,0,22.7523
3,144,473,473,163.913,0,20.8972
3,144,474,474,183.415,0,22.8758
3,144,475,475,88.4283,0,23.3108
3,144,476,476,72.22,0,21.9366
3,144,477,477,91.4914,0,24.2453
3,144,478,478,83.4537,0,22.1578
3,144,479,479,51.9853,0,21.1369
3,144,480,480,103.097,0,23.2118
3,144,481,481,79.8476,0,23.8137
3,144,482,482,113.783,0,24.7938
3,144,483,483,222.745,0,22.2945
3,144,484,484,76.5498,0,21.4836
3,144,485,485,81.2998,0,21.4208
3,144,486,486,88.801,0,22.8334
3,144,487,487,126.421,0,29.1502
3,144,488,488,108.148,0,20.4939
3,144,489,489,381.154,0,20.5729
3,144,490,490,97.5674,0,23.4236
3,144,491,491,232.261,0,22.6848
3,144,492,492,121.087,0,23.1774
3,144,493,493,216.984,0,23.1771
3,144,494,494,77.4224,0,21.7024
3,144,495,495,115.299,0,20.4774
3,144,496,496,99.0623,0,21.7091
3,144,497,497,198.302,0,34.799
3,144,498,498,116.13,0,20.3911
3,144,499,499,97.2927,0,20.6438
3,144,500,500,101.626,0,21.0225
3,144,501,501,84.9328,0,21.6117
3,144,502,502,119.064,0,25.7629
3,144,503,503,109.592,0,29.3015
3,144,504,504,126.298,0,20.5916
3,144,505,505,156.493,0,20.1385
3,144,506,506,145.08,0,20.9688
3,144,507,507,158.143,0,23.2073
3,144,508,508,49.3719,0,25.899
3,144,509,509,190.274,0,20.9497
3,144,510,510,100.193,0,22.7439
3,144,511,511,81.1005,0,25.3427
3,144,512,512,263.064,0,20.6551
3,144,513,513,54.6237,0,22.5296
3,144,514,514,306.069,0,22.812
3,144,515,515,186.409,0,19.7224
3,144,516,516,47.8256,0,21.0017
3,144,517,517,51.1001,0,25.6273
3,144,518,518,100.022,0,21.847
3,144,519,519,153.73,0,27.0858
3,144,520,520,349.274,0,20.3285
3,144,521,521,98.0823,0,25.6929
3,144,522,522,97.0332,0,20.3342
3,144,523,523,138.896,0,20.7986
3,144,524,524,182.135,0,23.2146
3,144,525,525,47.334,0,24.1964
3,144,526,526,490.908,0,21.604
3,144,527,527,171.141,0,29.3244
3,144,528,528,60.537,0,25.5294
3,144,529,529,159.212,0,27.6095
3,144,530,530,429.497,0,21.5674
3,144,531,531,68.9884,0,24.0962
3,144,532,532,48.3592,0,24.9107
3,144,533,533,72.3478,0,21.3497
3,144,534,534,176.904,0,19.895
3,144,535,535,147.516,0,20.7935
3,144,536,536,172.441,0,21.0499
3,144,537,537,168.611,0,20.801
3,144,538,538,109.429,0,25.6737
3,144,539,539,124.18,0,23.1969
3,144,540,540,106.067,0,20.4477
3,144,541,541,113.224,0,21.9637
3,144,542,542,128.365,0,20.7234
3,144,543,543,75.7659,0,25.6864
3,144,544,544,44.3388,0,20.5026
3,144,545,545,91.0273,0,22.3349
3,144,546,546,147.439,0,23.7092
3,144,547,547,98.8109,0,21.6089
3,144,548,548,55.3303,0,20.7441
3,144,base,base,47.8321,0,20.4384
