real_name,alpha_bf,ch_k2_m,cn2_m,esco,gw_delay,gw_revap,gwqmn,hk_mult,rchrg_dp,revapmn,ss,surlag,sy
0,0.0685187,0.968942,0.788399,0.593871,34.7069,0.0216354,522.135,2.65718,0.0402099,1094.03,6.43183e-05,3.52785,0.172581
1,0.00369979,0.73473,0.652007,1,59.3157,0.0170762,4000,6.03536,0.0999707,536.082,2.95888e-05,6.99392,0.131672
2,0.0189194,2.36234,1.108,0.503282,180,0.0115192,4000,3.67104,0.0229809,622.603,0.000118873,39.3936,0.164984
3,0.346879,1.89535,0.983574,0.678948,86.1411,0.0187632,4000,1.03685,0.143154,1218.47,0.000368763,44.1516,0.189719
4,0.179636,0.268005,0.82292,0.384193,4.46452,0.0261275,0.530429,6.78206,0.000268968,633.653,0.000789176,12.4687,0.146366
5,0.00517805,0.25975,1.28804,0.967753,4.80827,0.0127752,271.194,6.23671,0.011618,524.551,0.000840719,20.9018,0.313652
6,0.0913014,0.131552,0.820941,0.856151,13.6632,0.0151975,3881.28,2.72216,0.0456237,524.588,6.15706e-05,31.9489,0.191451
7,0.012987,0.240526,1.02753,1,46.4332,0.0192274,577.8,0.592389,0.00600377,652.011,1.49346e-06,4.57982,0.0752812
8,0.0507148,1.07173,1.03644,0.601037,4.38493,0.0169139,0.330812,1.91965,0.0637625,914.721,3.93931e-05,13.4008,0.173444
9,0.0471822,0.706254,0.619949,0.391604,25.1885,0.0151687,568.287,0.466099,0.0977029,757.273,2.42775e-05,3.14598,0.0938839
10,0.99076,9.99614,0.920378,0.577241,123.288,0.05,3684.9,0.569602,0.00117449,663.132,2.56749e-07,27.391,0.136117
11,0.022053,2.24642,0.846456,0.650031,19.1976,0.0186036,34.5192,0.789132,0.0100959,744.72,1.54994e-06,3.27286,0.257096
12,0.509112,0.027336,0.920666,0.743376,8.19571,0.0150482,279.83,6.72675,0.0279748,236.161,0.000827818,17.4142,0.131687
13,0.348747,1.0981,0.746105,0.821718,0.875093,0.0257387,3638.63,8.9035,0.169799,874.699,8.84861e-05,30.4001,0.298277
14,0.00321709,1.7108,0.978098,1,16.4165,0.0146872,4000,2.03986,0.00137728,555.566,2.35704e-05,4.08656,0.269532
15,0.0760881,0.679573,1.15454,1,1.64665,0.0101784,3309.46,0.590766,0.0610246,868.678,3.5808e-05,5.4045,0.122794
16,0.185363,0.326311,0.959513,0.761208,65.0034,0.0133866,3887.47,2.25766,0.066244,525.889,1.04581e-05,6.27461,0.349086
17,0.043754,0.574641,0.773412,1,2.25382,0.0162005,3207.89,9.50972,0.0302139,725.184,0.000103343,6.68987,0.228318
18,0.0131139,0.188558,0.706719,0.965976,5.0051,0.0178145,1098.95,0.129957,0.0316304,606.514,1.00191e-06,1.03278,0.35
19,0.185252,5.85709,0.690194,0.528392,1.85155,0.0188999,181.252,0.870039,0.0669787,483.56,3.49338e-05,18.3737,0.132195
20,0.00851719,0.781311,0.880466,0.943356,34.732,0.0160485,3536.87,4.17921,0.0497846,428.806,0.000904618,48,0.286634
21,0.0999569,9.23515,1.02297,1,3.90008,0.01,0.981344,0.782619,0,293.339,9.99035e-05,20.9841,0.228252
22,0.218375,9.78155,1.12932,0.659623,4.04039,0.0238804,2399.8,3.09306,3.70807e-05,523.106,0.00011371,2.9426,0.173696
23,0.110078,7.44994,0.770912,0.435847,17.092,0.0188007,294.359,0.319348,0.0784341,1379.77,4.5687e-05,34.3393,0.164293
24,0.0733664,0.931096,0.926722,0.903995,3.4108,0.0249456,4000,1.89306,0.0427256,439.655,0.000124812,1.77082,0.258731
25,0.131579,5.91202,1.59906,0.587439,15.3049,0.0112418,4000,2.5248,0.0260006,657.718,1.55129e-05,23.9732,0.233652
26,0.024078,1.78176,0.807305,0.989512,3.03606,0.0101014,0.365864,0.491722,0.000943375,1324.3,1.50802e-06,11.3036,0.220623
27,0.270944,1.08003,0.953596,0.223612,100.037,0.017142,69.373,1.65775,0.115157,1358.51,3.89057e-06,25.3376,0.246238
28,0.0323355,0.00813794,0.872152,0.752924,69.5772,0.0355845,3863.8,2.25512,0,1171.4,1.21773e-05,1.4183,0.3485
29,0.218578,0.72339,0.801489,0.663894,6.05245,0.0182582,81.018,2.24342,0.0442276,829.21,5.07888e-05,13.1562,0.0838679
30,0.00833616,0.0400704,0.962983,0.594778,3.63098,0.0110659,28.0242,0.41511,0.0473618,497.75,1.44471e-05,15.1028,0.202921
31,0.065368,0.0443377,1.20998,0.693953,24.9666,0.0244443,4000,0.354415,0.00777129,736.917,3.54062e-06,8.68975,0.163906
32,0.00591944,0.27753,0.550684,0.571418,1.62652,0.025281,0.0188751,1.58939,0.00102384,904.142,4.22042e-06,9.7922,0.315096
33,0.12836,0.149896,0.886101,0.39532,103.838,0.0197784,472.987,1.59956,0.0438385,1050.17,5.51099e-06,48,0.248607
34,0.297294,0.539436,1.04038,1,53.5372,0.0132117,145.861,0.975624,0.000495133,443.712,0.000907219,0.668865,0.0917387
35,0.078401,1.14763,1.03851,0.695188,12.0826,0.0204924,39.4061,1.23368,0.0437397,748.772,4.02599e-05,10.0986,0.197626
36,0.458893,3.98274,1.19913,1,31.6309,0.0274201,131.002,3.18252,0.00209457,572.831,1.15621e-05,31.0668,0.220204
37,1,1.46295,0.813141,0.462921,90.593,0.029292,3548.64,9.09458,0.126744,771.52,1.1296e-05,15.1348,0.289067
38,0.170176,0.0141133,0.892788,0.671493,6.12686,0.0170522,3295,1.7771,0.0570043,1499.83,1.59506e-05,1.22863,0.237557
39,0.00279786,0.141304,1.27314,0.821126,12.6923,0.0310975,25.9098,1.96141,0.0346039,611.702,1.23041e-05,10.805,0.34198
40,0.113804,0.211838,0.886426,0.355594,95.1072,0.0387205,3989.6,2.77892,0.0508459,909.769,0.000835991,28.8385,0.12252
41,0.0779062,0.213244,1.14477,0.821107,80.453,0.0263247,294.284,2.09302,0.0298646,523.463,5.98218e-06,3.84812,0.147157
42,0.21244,3.27013,1.1224,0.74192,9.48034,0.024103,14.4012,0.224946,0.119179,1160.19,5.88921e-05,36.5071,0.0840313
43,0.0397863,0.318956,0.649543,0.708852,53.8882,0.0101184,3165.56,2.16155,0.00197282,1500,1.05577e-05,4.48331,0.134121
44,0.430912,1.97748,0.794673,0.673159,120.302,0.0117716,3824.2,6.96004,0.00685042,538.231,0.000403904,0.943119,0.17756
45,0.0015169,10,0.657965,0.698544,3.38267,0.0474187,3832.21,0.689923,0.000406641,630.187,5.3365e-05,9.29139,0.304563
46,0.0263586,1.10215,0.764424,0.654675,19.2271,0.02385,33.4271,0.923205,0.0292988,710.064,8.98367e-06,5.89888,0.196756
47,1,2.31812,1.18143,1,65.8527,0.0299843,4000,1.24127,0.0863674,706.997,9.88058e-05,7.96454,0.336986
48,0.0659524,0.0986575,1.02096,0.644669,2.38727,0.0241292,33.3483,0.367378,0.0991545,728.249,0.000357541,5.07008,0.208651
49,0.0659297,0.550945,1.52145,0.959356,160.449,0.0110976,387.867,10,0.030483,427.003,4.37217e-05,39.144,0.0830746
50,0.026288,0.569692,1.0279,0.818134,1.84115,0.0208434,4000,4.20257,0.0444348,650.759,1.43451e-05,42.6643,0.232246
51,0.167017,0.0826093,0.856123,0.997802,44.8366,0.0274113,0.476425,1.542,0.0185633,392.533,0.000276772,46.7179,0.287838
52,0.17779,10,0.880814,0.961463,19.2213,0.0236994,0.202282,5.22506,0.00588155,1432.25,0.000187138,10.1787,0.223497
53,0.0402148,10,1.08364,0.986092,4.64815,0.0159593,3586.32,0.334779,0.0610259,575.208,1.31143e-05,25.1167,0.0787978
54,0.0858508,0.755425,1.35029,0.348899,31.7183,0.0146019,0.303342,5.40562,0.114828,663.196,5.80395e-06,5.32019,0.177829
55,0.00160251,0.0419854,0.744829,0.668165,9.58111,0.0208932,0.00165085,2.47762,0.0386388,353.814,1.20373e-05,8.09498,0.0915783
56,0.001,9.96274,1.01822,0.805728,17.1925,0.035032,3848.11,2.78155,0.0216497,1500,0.001,48,0.266792
57,0.0201907,0.440088,0.879421,0.919778,7.7747,0.0139038,3903.83,1.85858,0.000124985,1372.01,2.62116e-05,13.8138,0.241276
58,0.0738119,6.72599,1.37545,0.671016,30.449,0.0153187,0.340293,0.338178,0.0531209,973.892,1.57627e-05,7.04375,0.313414
59,0.0414904,3.15455,1.1243,0.898662,0.283349,0.0103196,3472.89,0.878814,0.00836826,421.163,0.000186742,24.5457,0.117198
60,0.0690647,2.30525,1.05628,0.753748,19.3583,0.01,0.00142074,4.17518,0.00117434,524.745,2.05937e-05,2.01647,0.281832
61,0.00104466,10,1.21005,0.528456,27.6713,0.0200581,4000,3.10409,0.0112778,585.572,2.29991e-05,45.006,0.35
62,0.0575916,2.04105,1.03222,0.46179,1.42046,0.0194792,4000,1.25691,0.0666557,843.686,1.98618e-06,17.6954,0.162703
63,0.00147164,1.72555,0.967651,0.730426,29.8333,0.0219322,838.043,3.88024,0.0163011,1080.43,1.27711e-05,2.95553,0.316599
64,0.012534,0.500974,0.863093,0.887822,115.265,0.0180118,1.56776,0.299316,0.0131511,714.25,7.94225e-05,10.0857,0.336518
65,0.00238411,2.16149,0.746536,0.792103,26.1447,0.0263762,22.9085,2.03861,0.00231221,843.582,0.000189629,17.8589,0.250685
66,0.052403,1.28738,1.03533,0.935968,0.525418,0.0160079,3059.86,1.52841,0.0808386,1205.08,1.00968e-05,3.13131,0.191849
67,0.391791,0.449696,0.936739,1,48.1915,0.0172292,3598.54,3.9249,0.00868351,490.442,3.10068e-06,11.694,0.349829
68,1,7.88859,1.14907,0.293855,7.4744,0.0302669,0.100763,1.31395,0.0395706,812.255,6.97743e-05,6.92492,0.225463
69,1,6.03203,1.2656,0.495663,29.9703,0.0161421,19.229,0.656283,0.0353187,721.986,4.37779e-05,1.93161,0.158592
70,0.0833055,0.558769,1.1789,0.582512,8.84846,0.0170838,1593.56,0.930284,0.0662406,501.064,1.59623e-05,30.4769,0.226695
71,0.716305,10,0.81081,0.980913,180,0.0209699,1.11216,2.24188,0.0162281,663.152,1.16075e-05,5.11959,0.178333
72,0.0285059,0.297658,1.16652,0.543839,27.4637,0.0171717,0.430635,1.22044,0.0989943,452.71,8.1505e-05,5.84749,0.22434
73,0.0748413,10,1.1718,0.764854,14.2773,0.0160113,4000,1.45413,0.00830734,1343.73,0.000479244,7.24553,0.286586
74,0.0348146,8.25967,0.780067,0.552149,15.4316,0.0213909,3744.81,7.84164,0.00637367,1456.35,4.20845e-05,37.4846,0.258223
75,0.0362479,0.147742,0.721125,1,132.983,0.0181001,3773.64,9.64196,0.2,378.854,0.000856119,7.53592,0.20391
76,0.0312937,0.247932,1.28633,0.363332,180,0.0406675,605.676,1.0424,0,610.915,5.59531e-05,0.776315,0.179971
77,0.204081,0.573738,0.773327,0.712227,4.52419,0.0201602,252.454,2.28402,0.00419012,901.375,1.21684e-05,22.4553,0.260037
78,0.00538744,0.173564,0.973694,0.892238,41.3784,0.0119889,1886.34,1.46545,0.00611746,1032.29,0.000121215,2.15712,0.297824
79,0.0202255,2.96898,0.903432,0.572881,19.8132,0.0114091,157.229,0.357476,0.0497363,1266.31,1.30991e-05,5.03082,0.289752
80,0.267975,10,0.793081,0.729212,0.832342,0.0147157,4000,0.826124,0.0990571,1400.28,0.000706761,4.15068,0.0899355
81,0.239704,2.68742,0.547923,0.795976,34.4823,0.0101077,412.739,0.270604,0.0399632,1486.87,1.48251e-05,3.21165,0.119883
82,1,0.0568076,1.07769,0.416192,0.473452,0.0275168,4000,1.33035,0.0709079,990.931,0.000946725,27.758,0.235328
83,0.0210965,6.82847,1.61727,0.582899,6.94933,0.0210513,3986.57,5.54882,0.0253136,719.09,0.000585757,10.131,0.330751
84,0.106524,3.08981,0.877922,0.952066,2.31472,0.0212032,820.978,2.28546,0.0657607,306.913,0.000461679,4.03168,0.35
85,0.00229083,0.014481,0.515622,0.899012,3.96622,0.0200686,3521.41,0.24117,0.0177744,994.799,2.55833e-06,2.72505,0.156618
86,0.996409,7.4736,1.41964,0.97777,32.5619,0.0272397,4000,0.965872,0.0626696,301.624,4.86133e-07,4.02832,0.222201
87,0.123087,0.86573,0.883617,1,12.4734,0.0168778,0.0988009,9.31985,0.018886,1388.5,3.52057e-06,0.898304,0.234243
88,0.0123628,0.0131713,0.589525,0.993484,168.645,0.0285513,0.0227498,8.76906,0.0213464,413.86,5.00955e-05,6.60144,0.206216
89,0.128042,10,0.801016,0.125802,8.28783,0.0160978,0.00311536,2.84355,0.0459237,893.218,0.000119728,10.251,0.231933
90,0.0197934,0.312487,0.985242,1,5.13393,0.0135337,3731.31,0.702015,0.0055427,548.119,0.000164103,10.8759,0.294481
91,0.00704774,0.60061,0.510349,0.666333,7.27992,0.0486948,1722.52,0.809826,0.0389693,1474.58,6.08618e-05,4.004,0.237613
92,0.00837606,0.874008,1.06353,0.737153,19.4988,0.0171375,1602.19,1.74846,0.0753428,403.15,0.000398563,2.47213,0.261818
93,0.0117191,7.72414,1.67906,0.789358,68.0931,0.0315728,4000,0.379068,0.0410668,1256.54,3.62204e-05,10.4076,0.139386
94,0.0134976,0.164379,1.05052,0.72395,2.42452,0.0205557,3838.45,0.60749,0.000519421,549.599,2.60964e-06,3.81603,0.293911
95,0.0700124,0.0223952,0.740463,0.712003,36.5219,0.0206509,3785.37,2.19557,0.0730142,300,0.000148469,11.2205,0.224999
96,0.0590906,1.12902,0.960083,0.872311,130.93,0.0203585,3609.87,8.7647,0.105419,1166.14,5.49148e-05,29.9984,0.221739
97,0.618882,0.0692841,1.08284,0.435464,1.8956,0.0285383,0.0706744,0.826318,0.0996332,799.375,0.000126509,1.52926,0.03
98,0.0120999,0.990032,0.750313,0.914402,2.53774,0.028436,4000,2.21705,0.000352037,396.825,6.39079e-05,11.79,0.293976
99,0.617078,5.90714,0.989257,0.725228,30.6885,0.0139862,69.6693,1.029,0.0164433,773.837,0.000555414,2.2391,0.243241
100,0.0100161,0.254296,0.687156,1,11.8763,0.0123468,31.4884,2.01279,0.104333,200,1.42727e-05,1.15806,0.152401
101,0.0567692,0.124855,0.577462,0.966283,0.223976,0.0220896,941.667,0.789709,0.00011378,725.85,3.09028e-05,6.00658,0.297868
102,0.072317,1.4642,0.694832,0.728098,0.713814,0.0286851,22.0915,3.88486,0.0201784,712.326,0.000285947,16.2596,0.181681
103,0.0424451,0.0486791,0.952527,0.787633,2.91981,0.0321951,5.0482,1.33062,0.050201,224.928,6.22218e-06,13.9809,0.315887
104,0.0119268,4.31481,0.848976,0.895683,162.647,0.0232487,0.268268,0.160279,0.000922994,570.544,1.00826e-05,11.4434,0.180779
105,0.21842,1.01716,1.05838,0.419168,3.69154,0.0284918,4000,1.44423,0.00454676,901.967,7.99775e-05,4.89318,0.115186
106,0.0512211,1.77715,1.00084,0.860411,1.35706,0.0223855,225.298,1.80208,0.0469547,264.318,5.24307e-06,2.47384,0.294516
107,0.0456551,0.148468,1.61368,0.998646,4.53494,0.0198109,0.0094268,0.967128,0,1489.97,0.000168251,30.023,0.269774
108,0.0022122,0.475796,0.836363,0.484923,0.625538,0.0349242,4000,2.88567,0.0851565,412.283,1.96002e-05,3.37842,0.100828
109,0.119403,0.020838,1.13706,0.985945,14.0202,0.0197507,4000,0.192359,0.012496,646.317,0.000555537,13.878,0.211998
110,0.00777441,10,0.973085,1,0.622228,0.0258776,0.614959,2.73131,0.0211299,587.595,0.000418017,6.5645,0.211087
111,0.218719,4.46196,0.973633,1,7.87635,0.0151603,0.00162006,0.423902,0.00249067,612.42,2.65111e-06,21.585,0.132987
112,0.108501,4.88428,0.932877,0.836404,15.0165,0.0279766,3431.94,1.46287,0.0354477,667.55,0.00094177,39.183,0.256906
113,0.220937,0.668659,0.630855,0.470285,31.6165,0.0288231,3517.27,3.93264,0.0758606,448.844,4.68358e-05,2.33209,0.345649
114,0.0312757,0.0137105,0.970719,1,1.17374,0.0242693,12.368,2.87999,0.133772,280.647,1.51209e-05,2.58808,0.178064
115,0.0389762,2.4148,0.939644,0.960988,5.82117,0.017305,1362.81,0.188812,0,831.184,8.12672e-07,3.20587,0.349116
116,0.00711222,0.124649,1.05137,1,34.7124,0.0174742,22.138,4.35329,0.00179282,1372.01,0.000409926,18.567,0.206162
117,0.0171295,0.738576,1.00217,0.604194,8.30375,0.0142197,25.2616,3.12973,0.125562,1495.35,5.2257e-06,24.5399,0.276755
118,0.0110314,0.297179,0.712269,0.509222,12.3773,0.0181044,1118.07,5.32087,0,962.289,0.000151601,2.65168,0.231623
119,0.353737,0.0801336,0.958393,0.776341,127.043,0.0143853,3802.54,2.45319,0.0283032,1486.04,0.000873504,3.58536,0.185473
120,0.194682,0.626523,0.73204,0.609367,170.242,0.0179958,13.2543,1.12585,0.0327214,656.509,2.30932e-05,11.7017,0.236064
121,0.0502571,0.16985,1.0311,0.853667,18.0079,0.0130529,3678.63,0.365607,0.129608,1396.55,0.000236455,30.4207,0.160647
122,0.279011,0.127471,0.549511,0.340254,90.1937,0.0363345,56.7142,0.427066,0.00222353,598.086,2.73855e-05,47.4639,0.244484
123,0.303164,0.918071,0.839806,0.724341,25.2723,0.0257317,0.839912,2.23173,0.0160527,593.89,0.000273138,13.6516,0.248184
124,0.136167,10,0.802691,0.852691,17.9714,0.0231898,3252.84,4.22583,0.00170446,1483.08,2.85995e-05,5.58537,0.335078
125,0.184141,4.00767,0.715477,0.847924,57.8669,0.0437914,19.6853,0.972462,0.00132934,1063.31,0.000920713,44.4549,0.192014
126,0.225354,0.92533,0.729373,0.718848,17.6398,0.0186587,6.22416,0.746739,0.0497816,1489.39,1.9026e-05,2.09526,0.278841
127,0.0262168,1.12845,0.803215,0.936947,5.99497,0.0154298,2592.1,3.00765,0.0450977,1039.47,0.000223332,4.23639,0.163472
128,0.0133891,0.215462,0.830789,0.221072,3.01612,0.0340009,38.4253,0.549841,0.000988504,641.475,9.95866e-05,3.40013,0.174282
129,0.101482,10,1.6719,0.690304,15.127,0.0314631,2093.66,1.92621,0.164201,825.25,0.000609776,24.7738,0.226372
130,0.370145,0.40946,1.13628,0.565762,12.9194,0.0104809,4000,0.587933,0.005472,449.623,2.999e-05,3.8384,0.20931
131,0.0326207,0.53472,0.970536,0.978187,164.523,0.0163309,3907.75,1.64251,0.0170596,894.814,0.000522552,21.0353,0.224778
132,0.244722,0.0635504,1.17032,0.652304,7.82784,0.0325911,4000,0.588517,0.063852,799.793,0.00023401,3.36989,0.21312
133,0.115627,4.84014,0.709282,0.606731,18.3584,0.0333147,8.80097,0.413003,0.0542877,1049.78,0.000159424,10.8031,0.239582
134,0.00542878,2.59849,0.671828,0.553463,29.241,0.0175071,0.0387534,0.32103,0.00861789,1476.66,0.000842163,10.1566,0.11369
135,0.362518,0.177204,1.17247,0.437764,12.8175,0.0340374,68.5632,1.9357,0.080513,435.203,0.000655116,5.00646,0.174696
136,0.00787498,5.89207,0.711299,0.552403,18.4134,0.0165443,2879.21,8.6772,0.0916796,584.069,0.000879726,47.4011,0.237107
137,0.0201438,7.056,1.14623,0.825497,8.25029,0.0356802,11.9452,0.38791,0.113432,862.52,3.27367e-05,11.4449,0.140515
138,0.142305,3.3169,1.08904,0.533946,24.2132,0.0210233,4000,3.39365,0.0502202,1493.32,5.63722e-05,2.94442,0.287647
139,0.0313628,1.5223,1.19444,0.130617,49.7323,0.020611,0.000113893,2.38762,0.00171795,523.6,2.18505e-05,19.4932,0.143941
140,0.0254678,4.81651,1.16981,0.96225,37.7588,0.0101315,3.70433,4.01289,0.000712556,1161.69,4.54829e-06,5.20062,0.212277
141,0.00476918,2.01266,1.17537,0.809875,142.028,0.034862,3194.94,1.38805,0.0139972,750.075,4.13851e-05,2.45345,0.200221
142,0.0627972,1.21701,1.26312,0.879078,63.7445,0.0185445,0.904306,0.85666,0.00125452,1481.91,2.53109e-06,45.5129,0.175952
143,0.0247184,0.0683453,0.839259,0.801195,22.5773,0.014602,4000,1.56878,0.0454134,487.567,1.92266e-05,7.65523,0.241894
144,0.186987,0.122662,1.15711,0.468811,2.94992,0.0148258,4000,0.302217,0.0844288,993.56,3.17509e-05,3.74157,0.196267
145,0.016186,0.00509943,0.677616,0.467924,5.99687,0.0141121,3950.9,0.64576,0.0598904,418.197,6.7346e-06,22.7526,0.312646
146,0.0353364,1.80617,1.43306,0.918175,3.39589,0.0162274,0.153166,5.17065,0.101699,591.994,1.791e-05,1.64276,0.196235
147,0.190251,0.570626,1.34877,0.845805,18.1906,0.0368608,13.8403,2.79237,0.0330234,677.574,1.16089e-05,4.8686,0.211476
148,0.00101593,0.0982121,1.11506,0.866713,9.31561,0.0100386,1119.01,0.216137,0,535.314,6.9928e-05,24.9623,0.322023
149,0.0229502,0.267526,0.666671,0.721023,22.1346,0.0163385,98.4534,0.17946,0.00199321,1500,0.000106425,0.50852,0.32014
150,0.247391,10,1.02653,0.806067,12.0478,0.0478389,3937.64,1.96037,0.0748229,1129.05,3.8263e-05,3.88353,0.224747
151,0.0365886,0.501977,1.18965,0.706958,176.221,0.0168587,94.7034,0.272676,0,462.119,1.74548e-05,0.949102,0.129806
152,1,0.164897,0.808212,0.600009,50.2828,0.014094,3521.58,0.723544,0.00228313,832.08,0.000313808,5.48675,0.312082
153,0.0177782,0.264839,0.93323,0.977911,4.86883,0.0147185,3739.83,0.67192,0.105947,1187.46,5.38904e-07,2.31515,0.247824
154,0.00178961,1.75874,1.18728,0.945047,22.5104,0.0162584,4000,1.46899,0.0525277,1340.57,1.69955e-06,7.98883,0.303477
155,0.0121038,0.185061,0.882714,0.764683,10.8031,0.0264705,4000,1.20421,0.0313208,803.924,5.00604e-05,3.95507,0.172894
156,0.00398289,0.0956807,1.12068,0.503797,7.11173,0.0387738,0.027952,1.59659,0.108006,773.504,2.90252e-05,25.7056,0.192489
157,0.294035,10,1.20524,0.910777,53.2176,0.0171007,3.57815,0.247023,0,813.569,0.000464305,19.5861,0.311852
158,0.829369,0.327217,0.977629,0.484786,6.05565,0.0242966,0.164222,0.578445,0.0286407,691.55,0.000163071,3.45146,0.165121
159,0.0168798,0.407279,0.861224,0.918622,1.54738,0.02554,1.25422,6.70366,0.00222605,429.896,0.000162096,21.5361,0.347973
160,0.062091,0.7333,0.749913,0.392066,13.5175,0.0334221,0.370816,2.01524,0.0779088,464.085,3.1223e-06,2.08037,0.0755488
161,0.0368775,1.14041,0.801019,0.970058,21.7985,0.0159217,4000,1.94817,0.006196,1242.32,3.48405e-06,0.545697,0.261649
162,0.0281258,0.189464,0.660528,0.696881,6.33269,0.0213536,3312.54,1.35177,0.0456146,585.536,0.000869069,48,0.189403
163,0.0237243,10,1.7,0.737817,46.1975,0.0145885,906.962,6.27695,0.0579125,1039.14,5.75332e-06,9.32692,0.137827
164,0.00684043,3.88488,0.757124,1,0.872682,0.0310895,883.691,1.53381,0.0011203,802.218,0.000417441,3.8539,0.35
165,0.107167,0.443055,0.995908,0.761476,23.3659,0.0289236,1422.87,6.34987,0.03703,583.549,0.00024179,25.3565,0.348223
166,0.0058963,0.934538,0.978816,0.561294,10.4257,0.0193521,3661.14,1.20002,0.0270446,1371.55,3.83762e-05,11.5638,0.228774
167,0.287657,1.04949,0.781618,0.965733,12.2054,0.0339732,3799.57,2.1637,0.0713688,997.682,0.000167637,4.67973,0.220586
168,0.248827,2.30253,1.29249,0.686289,3.61838,0.0163633,25.5557,0.919445,0.0453915,1138.44,0.000140744,48,0.169616
169,0.0176214,1.5762,0.63084,0.710156,166.687,0.0218144,3449.62,0.765889,0.0279499,822.613,5.10941e-06,16.8561,0.19349
170,0.0662355,0.0667007,0.921484,0.968193,106.537,0.0227782,51.1171,1.14776,0.057339,1023.33,4.07516e-06,11.931,0.267403
171,0.0320139,0.192082,0.837661,0.790296,42.2059,0.0141007,3919.68,1.57869,0.0538557,511.838,4.74976e-06,20.8402,0.23349
172,0.151196,10,0.720785,0.568671,13.7368,0.016331,0.00365187,0.336683,0.084261,551.099,0.000165796,10.325,0.177749
173,0.133198,0.245432,1.08589,0.58746,2.02396,0.0279367,2574.05,0.385806,0.0676228,1407.44,0.000612132,5.32509,0.222475
174,0.00897045,1.13323,1.12816,0.509457,67.2443,0.0267385,797.407,3.46604,0.0017019,1108.65,0.000231934,15.0483,0.193443
175,0.0523937,0.293849,1.05717,0.843871,130.418,0.0221336,4000,1.74542,0.0100597,1368.38,1.26868e-05,3.40345,0.264624
176,0.0123737,0.0508741,0.64393,0.606839,5.1943,0.0160311,4000,3.48679,0.042481,632.529,4.01696e-05,15.3255,0.179626
177,0.104133,0.360088,1.08899,0.632556,50.3377,0.0279083,4000,1.42573,0.000139457,558.557,4.06224e-05,32.1851,0.185332
178,0.0271396,2.49357,0.682752,0.958042,15.0565,0.0165329,3291.19,0.326854,0.0961778,674.904,4.8235e-06,21.6159,0.16438
179,0.0328274,0.36533,0.665895,0.278708,4.6552,0.0179175,125.561,1.47449,0.0530558,431.982,2.05215e-06,7.65605,0.231399
180,0.843398,1.5752,1.65462,0.964914,171.438,0.0162777,4000,3.13205,0,890.224,2.1388e-06,2.90814,0.0659342
181,0.986898,0.730713,1.10475,0.717702,99.2972,0.0304648,4000,0.53959,0.0595799,1482.34,0.000422703,13.3353,0.35
182,0.10662,1.28089,0.998874,1,13.4888,0.0248591,849.074,0.698218,0.058026,633.92,8.27286e-05,7.15643,0.156168
183,0.192855,1.91657,0.853754,0.688407,90.8432,0.0313804,0.0364516,3.09844,0.00680849,278.783,1.85679e-05,6.2814,0.28186
184,0.272597,4.57129,0.761122,0.633635,58.479,0.0243086,3852.84,0.89367,0.0487102,1013.87,0.000461458,26.2204,0.0595266
185,0.0049712,5.77213,0.764147,0.719654,74.0351,0.0496042,269.343,7.05224,0.0596044,335.873,3.98667e-07,6.69375,0.292059
186,0.138135,0.998253,0.83563,0.97794,23.4905,0.0245692,216.403,1.63339,0,989.718,5.14605e-05,15.2392,0.22123
187,0.0837193,0.410025,0.845064,0.942049,2.51286,0.0271563,0.167811,2.22712,0.00175808,756.811,0.000773661,0.5,0.13117
188,0.0512331,0.672883,0.513752,0.54257,9.06596,0.0224414,4.30669,0.325956,0.0321412,393.208,7.49502e-07,14.9934,0.273259
189,0.603894,0.0543729,1.25033,0.624451,1.88423,0.0211067,197.843,2.76307,0.0995518,1500,3.26167e-05,4.05041,0.188837
190,0.0801683,0.0483164,0.93052,0.343698,46.7279,0.0301407,1095.17,2.43629,0.010362,719.968,0.001,15.3077,0.167035
191,0.00624871,8.83669,1.24013,0.665974,31.9748,0.0262277,261.432,1.29707,0.102906,554.105,3.41946e-05,7.23556,0.349572
192,0.562398,10,1.68581,0.950883,4.7827,0.0113162,316.384,2.9398,0.0400289,1066.26,0.001,5.1027,0.124987
193,0.190944,0.19238,0.947094,0.895796,7.11267,0.0112383,1005.45,2.83414,0.0643659,517.226,2.8003e-05,13.1597,0.159869
194,0.00713773,0.102268,0.938591,0.678321,7.79707,0.0177003,67.6303,2.28585,0.0662927,543.994,1.5566e-05,47.4238,0.294287
195,0.0441029,1.74888,1.01499,0.429381,38.9355,0.0188676,0.00922926,4.08477,0.043885,1016.62,0.00096654,24.4464,0.345012
196,0.0986633,0.109471,1.01502,0.585933,27.8462,0.0116752,183.831,1.93329,0.0900899,493.887,5.89986e-05,4.17421,0.216385
197,0.486657,2.51045,0.714386,0.947953,63.4721,0.0179861,3449.27,6.04418,0.0492823,274.57,0.000456494,2.20921,0.235745
198,0.140707,9.00798,0.834203,1,3.64613,0.0106055,4000,4.21306,0.0176531,522.285,0.000174663,47.6149,0.128146
199,1,4.11283,1.14084,0.951744,1.94946,0.0200539,0.819606,1.68957,0.0311519,887.183,0.000956459,0.888818,0.214266
200,0.115132,5.82986,1.13629,0.696964,98.7822,0.017428,3820.52,0.30325,0,1485.98,2.91373e-05,6.08408,0.310716
201,0.163768,0.181839,0.78369,0.740787,48.799,0.0180532,3524.48,1.41884,0.0264489,311.644,1.25123e-06,48,0.219748
202,0.0509158,0.274344,0.720932,1,13.9157,0.025803,3289.24,1.34588,0.048013,683.551,1.05892e-06,18.7413,0.137364
203,0.0337904,0.429676,0.997634,0.277458,168.45,0.02025,3767.16,0.632042,0.000777297,713.416,2.36096e-05,18.5523,0.206912
204,0.0888035,4.88416,1.10972,0.378614,69.3372,0.0259796,1958.15,5.04704,0.050207,334.335,0.000114407,4.96691,0.284459
205,0.181269,8.31019,1.67881,0.997661,9.583,0.0161248,1.64121,1.69025,0.000196145,982.529,7.58242e-06,3.72975,0.142826
206,1,0.137602,0.837586,0.776843,19.5945,0.0208482,3812.73,2.97786,0.00237204,445.862,6.92058e-05,1.45957,0.28956
207,0.0427548,4.13079,1.38596,0.535045,32.1655,0.0171443,188.89,4.08887,0.00572987,1108.64,4.26382e-05,2.75125,0.254768
208,0.0132431,1.04447,1.27906,0.999436,3.16176,0.0290167,4000,0.101835,0.0237817,1036.76,1.60952e-05,4.97365,0.184828
209,0.34843,0.905744,0.588786,1,4.06836,0.0120538,1.37138,2.4345,0.0262988,715.862,8.32864e-05,12.1016,0.179614
210,0.552518,10,0.646266,0.801743,9.11064,0.0178517,0.010878,9.19782,0.0576014,1046.37,1.17752e-06,5.46794,0.218134
211,0.501353,10,1.37087,0.967039,3.58225,0.0139128,2093.65,3.37838,0.0232267,1106.26,0.000256973,20.9288,0.205865
212,0.118171,9.79519,0.988549,0.654156,5.69526,0.01,0.00835903,1.69069,0.0157634,926.815,1.36511e-05,3.2862,0.140251
213,0.00376403,10,0.803163,0.687066,17.8964,0.0129936,31.909,6.09759,0.0597519,794.786,4.66264e-05,33.6163,0.259325
214,0.402406,10,1.12786,0.563301,0.349229,0.0204635,2680.25,0.673958,0.0229417,1245.47,3.2857e-05,12.3028,0.109873
215,0.16556,2.81393,1.14376,0.966342,143.904,0.0173849,2.64374,0.749823,0,1393.35,0.000374416,17.0638,0.217164
216,0.925266,2.40576,0.794398,1,5.73714,0.028795,288.581,0.302147,0.00233975,1267.25,1.95417e-05,48,0.22683
217,0.061988,0.102615,0.932315,0.460501,7.26867,0.0281235,180.317,0.285101,0.0634819,1472.11,3.41147e-05,4.05742,0.35
218,0.0896215,1.39697,1.21871,0.858201,175.317,0.0163664,0.00025488,3.2975,0.0627947,594.244,2.65708e-06,17.2188,0.19175
219,0.00442487,7.11401,1.00112,0.207091,4.31423,0.0239179,4000,3.77883,0.115381,606.806,0.000936566,12.3723,0.344475
220,0.983704,0.510658,1.28624,0.979718,28.5846,0.0267178,3154.35,1.28117,0.020589,648.446,1.23263e-05,2.5624,0.26479
221,0.360831,0.405752,0.72576,1,42.4467,0.0232894,43.7278,0.836566,0.0247003,300.785,1.70258e-07,20.5396,0.0311734
222,0.0439103,0.0252093,0.903312,0.691298,7.76287,0.0456822,10.3908,2.07078,0.0109214,330.102,6.57199e-07,48,0.215333
223,1,0.0104126,1.13909,0.641777,3.96147,0.0258566,3767.03,2.93344,0.000927463,280.241,4.34731e-05,27.941,0.272588
224,0.0148148,1.37298,1.23627,0.99634,48.7413,0.0267295,3702.79,1.5532,0.0606333,672.226,0.000545535,14.4144,0.201286
225,0.00213999,10,1.26769,0.997019,67.5312,0.0222649,277.251,0.232983,0.0996928,842.019,0.000990899,18.6804,0.140531
226,0.0786029,0.0658258,0.687948,0.761712,0.420182,0.0128095,40.5499,1.41113,0,1010.11,1.44939e-05,8.38546,0.265577
227,0.0563034,9.98178,0.872454,0.802695,2.67188,0.0163151,0.0853146,7.92305,0.0335545,279.105,0.000877753,6.2024,0.14701
228,0.0391506,0.0156152,0.98146,0.832448,27.0105,0.0188207,195.869,0.756084,0.0867345,552.568,0.000327283,3.01514,0.236524
229,0.00416004,1.43,0.626233,0.545999,16.3976,0.0342431,0.0175061,1.48014,0.00165338,1491.35,7.31933e-07,16.1017,0.236548
230,0.107002,3.48154,1.27613,0.448385,5.99921,0.0235,17.8188,0.931556,0.0653633,808.247,0.000691346,1.30523,0.232745
231,0.0229971,0.500419,0.757095,0.592259,170.639,0.05,4000,2.83516,0.000227943,564.437,1e-07,4.85168,0.230771
232,0.0209042,6.86369,1.46335,0.836514,21.3929,0.0194793,4000,1.98254,0,560.458,0.000480468,5.94663,0.347644
233,1,0.271371,0.752291,0.507076,2.67722,0.0190482,0.0350584,0.735256,0.000590833,1119.2,4.65171e-05,4.79641,0.160547
234,0.105823,6.23368,1.29993,0.845467,1.86999,0.0147241,4000,1.25706,0.0103012,757.248,6.17013e-06,47.8025,0.21252
235,0.291872,9.10919,1.6851,0.621013,4.44928,0.0215566,4000,5.05543,0.0623399,1048.42,8.06943e-06,33.483,0.202897
236,0.0668827,0.0151272,1.43669,1,146.613,0.0119458,4000,2.80142,0.0569911,276.255,0.000572219,12.4652,0.153667
237,0.0204262,5.51728,1.08511,0.965979,68.6638,0.0249291,4000,1.29997,0.00447129,1477.87,0.000105845,10.2948,0.137251
238,0.0111193,0.106676,0.861584,0.8963,180,0.0250569,14.1268,1.58314,0.0795977,1216.26,9.75917e-05,2.52193,0.292344
239,0.110628,0.0810686,0.962525,0.609144,3.62159,0.0190852,2.54522,4.35173,0.0120867,1490.73,9.9627e-06,16.6182,0.344284
240,0.817656,0.679303,1.12734,0.73776,72.6612,0.0103059,3337.01,1.07269,0.0348362,1394.82,5.15796e-05,10.6338,0.153834
241,0.189604,3.3468,0.578948,1,1.91643,0.0145446,319.074,0.263454,0.0404432,1312.17,2.15104e-05,32.0795,0.18887
242,0.18141,10,0.546921,0.747244,13.0338,0.0140294,0.337132,3.56933,0.00877961,1477.18,2.42928e-06,27.1449,0.228116
243,0.201384,1.59517,1.20525,0.810837,26.2582,0.0152197,7.06858,0.535774,0.0366738,934.657,0.000220591,42.928,0.214323
244,0.167083,0.254909,0.608963,0.66855,1.88974,0.029486,0.00729213,0.28813,0.00112831,862.855,9.22641e-05,11.9928,0.24052
245,0.0153665,0.105037,0.682783,1,18.5261,0.0193487,4000,1.17746,0.0522615,650.137,0.000529589,5.77083,0.206028
246,0.110197,0.22297,1.05101,0.879147,0.928734,0.0183166,280.148,0.445311,0.0276547,976.511,3.19592e-05,4.39603,0.0312721
247,0.0299391,0.59955,0.922053,0.886737,62.8908,0.0151608,2.1804e-05,0.210858,0.0880653,537.49,8.05992e-05,8.83168,0.305695
248,0.815103,10,1.22451,0.436173,17.5003,0.0108609,6.53509,1.83538,0.0156997,1500,0.000136967,2.10815,0.306301
249,0.00281094,1.13343,0.774005,0.394442,60.7897,0.02614,3721.13,3.79527,0.00736356,835.637,6.78311e-05,1.92722,0.270131
250,0.053664,0.793296,0.964026,0.762101,15.2364,0.0201356,92.3681,1.42372,0.0331233,711.53,5.4205e-05,9.33769,0.20416
251,0.00974992,0.955961,0.63964,1,5.81329,0.0160848,2275.1,0.904551,0.0610171,600.467,1.84505e-05,11.4482,0.174119
252,0.627879,9.95597,1.09267,0.603053,167.517,0.0347913,597.523,1.56362,0.114534,480.626,8.35156e-05,2.66394,0.222034
253,0.00311009,0.364899,1.16609,0.948164,28.0631,0.0113504,691.988,2.43363,0.0440296,274.626,0.000335117,1.55573,0.221106
254,0.0186282,1.28843,0.77334,0.459173,1.91901,0.0229619,0.258995,1.0374,0.0485565,499.952,5.23552e-05,3.93554,0.0812478
255,0.00629159,0.0393734,0.77322,1,25.7269,0.0498954,462.387,0.73146,0,830.949,1.3697e-06,3.86701,0.150932
256,0.0264175,0.244259,0.866774,0.948175,2.788,0.0181786,3794.66,6.99786,0.084492,345.016,0.000151124,29.936,0.271461
257,0.479181,10,0.959639,0.645362,12.215,0.0198211,0.818304,0.884613,0.0828833,1481.74,1.45453e-05,15.8844,0.200111
258,0.969338,4.05074,0.905175,0.427978,1.41626,0.0172116,3493.55,5.78604,0.000538187,1022.53,1.3721e-06,21.2194,0.136735
259,0.0333685,2.46667,0.601634,1,75.8146,0.0158395,212.094,2.33053,0.00316212,1077.09,1.45881e-05,13.539,0.265958
260,0.0205727,2.33961,1.0205,0.725969,9.84164,0.0190939,3748.16,0.231927,0.0510733,949.843,0.000880708,0.5,0.118254
261,0.023179,9.82779,1.01807,0.727494,4.23148,0.0125735,12.4916,1.18173,0.0613138,1147.55,0.000972319,13.449,0.225242
262,0.37722,4.39788,0.858817,0.98108,36.206,0.0315654,1553.04,1.90994,0.0798286,1160.27,5.82577e-05,13.703,0.182092
263,0.0537692,6.35375,1.39846,0.987954,19.8118,0.0261294,5.64588,1.97705,0.0810219,1134.33,9.49932e-06,43.8239,0.205535
264,0.0552465,0.021001,0.583595,0.996177,173.314,0.0196396,0.0122538,4.11748,0.0018135,977.244,6.00873e-05,12.0644,0.105782
265,0.0540706,0.032892,0.923508,0.380968,98.7408,0.0347895,3705.26,1.78319,0.000171673,709.404,3.6395e-05,47.216,0.260533
266,0.00812556,3.08112,0.514021,1,84.0963,0.0102228,3549.22,4.50279,0.00184721,1190.69,4.79793e-06,5.38423,0.160183
267,0.00842577,6.47559,0.896157,0.75417,17.7248,0.0292594,191.302,0.911722,0.0500332,592.876,3.24221e-05,17.9266,0.199905
268,0.315579,0.174535,0.725129,0.424936,6.86897,0.0112387,14.1696,4.89946,0.135222,776.624,0.000510721,48,0.35
269,0.0362944,1.7484,0.8291,0.6792,173.602,0.0167738,0.122857,2.544,0.0439557,765.989,0.000145021,10.3871,0.35
270,0.137327,0.172888,0.849297,0.82198,3.73761,0.0241231,4000,0.298212,0.036315,472.199,1.77586e-05,2.78534,0.135266
271,0.0346101,0.0666806,0.96232,0.917747,12.6477,0.05,3070.86,1.36649,0.00339111,481.099,5.32177e-05,12.6941,0.216795
272,0.998401,2.82551,0.934745,0.459471,18.8344,0.0112749,3724,3.22856,0.105986,1475.6,1.37784e-05,10.9446,0.130133
273,0.0497595,1.71102,1.13457,0.723596,38.8354,0.023479,3631.69,1.81301,0.0589775,443.968,0.000251659,0.501619,0.173478
274,0.002327,2.37759,1.2153,1,31.1645,0.0269637,4000,1.0772,0.0261593,368.534,8.61393e-06,3.56522,0.329647
275,0.00519763,1.11413,1.20241,0.657456,14.9248,0.0127003,408.07,2.39985,0.0117634,326.148,6.83749e-05,27.0748,0.256854
276,0.0198204,0.436508,0.512975,0.948405,6.73604,0.0227558,0.0672662,2.80044,0.0511518,411.563,4.90974e-06,1.51158,0.124923
277,0.00421691,0.906811,0.738955,0.277569,25.3779,0.0361368,1.22033,0.1,0.0239454,548.947,5.61731e-05,15.0721,0.223338
278,0.0219846,0.146227,1.00684,1,5.44874,0.0370554,3919.74,2.16062,0.00140553,401.291,3.32578e-05,7.19238,0.197905
279,0.0601724,8.7328,0.938689,0.639649,45.8476,0.0283658,3868.74,5.01847,0.0602686,907.143,0.000220934,19.5648,0.300994
280,0.0423265,4.32196,1.23656,0.609366,12.8827,0.019894,6.34859,0.181253,0.0233147,296.718,0.000156734,11.6266,0.349529
281,0.00759724,0.379561,0.627039,0.516469,98.8025,0.0238154,15.0337,0.442276,0.00280843,284.527,0.0001182,9.96366,0.136532
282,0.144833,2.27217,0.752952,0.855222,56.6861,0.0167672,0.450616,0.565892,0.0217509,657.305,0.000161363,4.54346,0.26114
283,0.039598,0.655695,1.20053,0.969717,35.702,0.0296259,3654.27,2.24021,0.0567362,981.958,0.000898464,13.7107,0.215036
284,0.145542,2.50381,0.619539,0.302901,9.1943,0.0150384,1.05932,2.89434,0.00620896,1159.04,7.15577e-05,5.83505,0.205301
285,0.186371,9.95164,0.625709,0.525374,13.2558,0.0187844,3263.34,0.874066,0.00204799,804.768,0.000375963,48,0.276238
286,0.427493,1.1205,1.14566,0.877544,16.6147,0.0251208,1.60648,9.61556,0.0549434,516.74,2.69885e-05,4.7226,0.349157
287,0.0296921,0.0117687,1.15979,0.867457,8.36492,0.0156794,3697.04,0.423142,0.0576709,1500,7.48906e-06,2.71302,0.287774
288,0.115387,2.03431,1.68691,0.812423,39.0539,0.027505,0.495481,1.1769,0.000256627,619.519,0.000801285,2.72197,0.201643
289,0.43156,1.39527,1.58822,0.342381,20.4387,0.0200831,0.0568705,1.62197,0.0236058,1075.59,0.000154376,3.75473,0.116745
290,0.61331,10,0.519287,0.898082,0.908677,0.0102478,219.167,0.46918,0.076991,430.075,2.54221e-06,30.3577,0.0993866
291,0.0183889,0.394578,1.40483,0.476319,34.5252,0.0303919,0.0105197,9.95079,0.0570861,778.454,8.03121e-05,44.4369,0.280479
292,0.123968,0.0102373,0.821732,0.742551,18.9112,0.0251805,13.565,2.21874,0.0694222,1224.03,2.31795e-06,4.85013,0.229984
293,0.423486,1.61346,0.966432,0.398093,4.02707,0.0287789,615.732,1.32842,0.0354915,725.57,0.000337796,8.04643,0.261586
294,0.0115969,0.438645,1.31447,0.984196,96.4564,0.0120051,0.0520706,2.68511,0.110945,499.073,1.03323e-07,6.6585,0.301805
295,0.0674786,5.08156,0.795184,0.544649,12.2847,0.0275524,3.79971,0.30895,0.0500055,1225.58,7.36231e-06,2.83918,0.302718
296,0.00995669,1.26231,0.567246,0.609752,3.39635,0.0227981,4000,9.40816,0.00249718,1453.51,2.95487e-05,8.31357,0.30222
297,0.177109,0.254628,1.32883,0.824512,7.95094,0.0470265,142.316,2.77658,0.1207,852.446,3.47676e-05,2.12276,0.183268
298,0.128681,0.824539,0.854824,0.436926,27.8587,0.0173577,4000,0.511016,0.0548916,1201.49,6.94718e-05,6.09599,0.14523
299,0.0145599,5.10641,0.852571,0.692208,7.81131,0.0272767,36.0922,1.882,0.0937693,767.61,7.26787e-05,11.925,0.19719
300,0.0189925,10,0.604054,0.823902,1.33007,0.0117057,3926.23,3.20691,0.00131563,486.68,0.00040355,3.60743,0.230866
301,0.172204,0.224551,1.61006,0.993201,7.71211,0.0238602,3998.92,0.806977,0.000800812,246.699,0.000158024,20.8192,0.297673
302,0.237337,3.97818,1.69415,1,53.0859,0.0167702,0.180012,10,0.00632485,1061.18,3.70349e-05,14.9066,0.269472
303,0.0631063,0.0727576,0.745891,1,44.3996,0.0158756,3923.05,0.9833,0.027064,227.538,0.000239255,2.29139,0.131675
304,0.00374097,0.947754,1.42643,0.510073,32.4761,0.0209847,2540.33,6.83842,0.0427447,1467.63,0.000348424,4.42441,0.250486
305,0.98661,0.256277,1.26113,1,79.9555,0.0182597,1.01404,3.53635,0.0680256,428.551,0.000324313,47.7284,0.254699
306,0.0560242,0.271648,0.571601,0.668103,29.0987,0.0208384,25.1335,1.05212,0.0163995,810.053,5.11732e-06,5.65335,0.0762745
307,1,0.33964,0.742085,0.752803,159.71,0.0419073,3274.46,0.740631,0.00141023,986.391,9.35757e-06,48,0.102492
308,0.159493,3.78927,0.897746,0.835862,3.66356,0.0343358,3888.04,1.70357,0.00823458,400.531,0.000511094,3.54797,0.03
309,0.00619791,0.0322431,0.513679,0.494501,46.0685,0.0285664,1.47704,1.19726,0.0696811,966.821,6.1647e-06,4.75239,0.35
310,0.00570173,4.1647,0.702719,0.542661,0.63615,0.0146505,0.00159977,1.81893,0.0899335,690.774,1.10295e-05,25.6263,0.1644
311,0.262528,9.80004,0.861909,0.412609,60.8794,0.0182314,174.996,2.59615,0.0845847,595.039,5.77582e-05,48,0.189257
312,0.174334,1.19556,1.01824,0.746427,171.922,0.0212136,578.665,0.585106,0.0709239,201.491,0.000349252,13.3133,0.342799
313,0.00712257,4.27973,0.799602,0.728214,27.1582,0.0374255,98.955,1.01538,0.0261885,544.198,1.91257e-05,9.86031,0.101735
314,0.0828989,7.54092,1.01652,1,21.7937,0.0147201,29.4869,1.3274,0.0200996,1209.78,0.000550625,2.06013,0.200435
315,0.224267,3.80792,1.64704,1,38.8577,0.0257438,37.3757,8.96148,0.0361532,709.976,4.61458e-06,7.26561,0.0491973
316,0.0445972,0.0157081,0.633322,0.797562,55.4496,0.0167423,0.865351,5.87736,0.00243155,466.132,0.000230996,1.82226,0.243546
317,0.0215674,0.191235,0.831879,0.695051,76.4169,0.0218714,5.15246,1.53357,0.0974,795.882,0.000281064,3.30455,0.241597
318,0.297791,0.416666,0.680451,0.181266,19.6047,0.023207,3690.07,2.23323,0.115788,864.568,5.48058e-05,5.47641,0.124594
319,0.0408563,2.25506,0.564423,1,66.342,0.0162211,0.0523522,1.79693,0.0454307,491.771,8.01126e-05,29.4896,0.216223
320,0.118216,3.75493,0.738178,0.497983,6.59634,0.0185133,1080.74,2.37282,0.0312355,540.911,9.28081e-07,16.8951,0.238481
321,1,0.136291,1.63628,0.999711,97.8602,0.01,4000,3.52097,0.0694736,427.173,5.76997e-05,22.719,0.335476
322,0.108667,1.03654,1.46189,0.506058,0.710252,0.0253127,91.6263,3.47979,0.0363567,830.621,5.01299e-05,21.6832,0.239231
323,1,0.358572,1.20909,0.917873,7.09835,0.0348886,2.20217,2.05296,0.0777033,1096.89,2.7407e-05,42.6962,0.164614
324,0.0125676,1.8674,0.855755,0.799241,38.4168,0.019529,13.2568,2.63791,0.0681012,512.848,0.000170492,35.4996,0.219516
325,0.176098,0.24989,0.711379,0.366028,0.312869,0.0178568,2436.88,9.59849,0.0467303,1245.29,6.03567e-05,48,0.264904
326,0.0721777,0.848693,0.752849,0.468852,2.25781,0.0458152,28.694,0.995919,0.0526333,1260.12,8.454e-06,1.13714,0.148074
327,0.0010342,0.291924,0.822467,0.316319,2.24661,0.0233344,3.11179,2.92492,0.0279292,1472.31,0.000144674,2.63011,0.224295
328,0.0407314,0.364676,0.900737,1,1.3956,0.0426269,4000,1.93697,0.100447,484.898,1.40924e-05,3.38608,0.146419
329,0.0328337,1.89743,0.582532,0.711302,3.55933,0.0127408,9.48526,3.29282,0.077502,877.842,1.51354e-05,7.10111,0.26754
330,0.00174339,1.26276,1.40254,0.622549,73.5841,0.0266179,0.153226,2.241,0.0546364,639.464,9.22933e-05,33.5589,0.238113
331,0.0464804,5.5679,0.962279,0.817136,40.2557,0.0224356,3.56119,0.589072,0.00809015,719.892,0.000401881,3.47968,0.205799
332,1,10,0.586732,1,48.6213,0.020243,3840,9.22071,0.00169109,1473.51,0.000140203,2.15607,0.348414
333,0.0209185,2.32803,1.63768,0.553892,47.5104,0.0179253,1008.35,4.0591,0.0457866,1489.64,6.67959e-05,3.12253,0.213383
334,0.0523028,1.72166,1.02257,0.45058,21.5154,0.0140263,275.876,0.587555,0.0278236,1461.93,4.20105e-05,37.3963,0.135221
335,0.616568,0.30497,0.600373,0.809314,104.586,0.0343338,3395.39,1.92338,0.0293248,1497.66,0.000117433,8.70132,0.0923779
336,0.0467961,0.568198,1.69574,0.809877,160.13,0.0134875,3991.8,0.424727,0.000715165,480.357,6.63692e-05,4.09989,0.186142
337,0.7935,1.218,1.31693,0.609188,5.53801,0.0240443,155.464,1.26983,0.000850799,1500,4.13469e-06,18.7215,0.237837
338,0.335375,1.95651,1.23236,0.552872,17.7738,0.0304089,582.169,2.5953,0.000267329,961.01,0.000183141,31.0957,0.250101
339,0.0607094,0.618307,0.836267,0.914436,82.8868,0.0447438,265.302,0.2441,0.056368,948.259,9.96352e-05,13.2498,0.310559
340,0.0776884,0.592109,0.815899,0.374992,3.41989,0.0307882,4000,1.6845,0.0355879,1287.03,0.000347836,21.1101,0.23859
341,0.00514126,0.0676373,1.04772,0.541581,1.55469,0.0180609,647.488,1.41937,0.0731246,200.937,1.56203e-07,7.49383,0.211282
342,0.212659,10,1.07097,0.29415,4.60378,0.0291988,446.249,1.08535,0.0639465,597.311,0.000900794,5.53401,0.209363
343,0.200744,0.776977,0.99407,1,14.6437,0.0348788,203.079,0.428301,0.0148979,542.562,1.4768e-05,34.7071,0.13186
344,0.0205889,1.83648,0.803283,0.794803,1.2757,0.0189927,342.66,0.268736,0.129221,1474.91,4.45507e-05,12.1101,0.296166
345,0.0539208,1.66128,0.800155,0.641234,74.8377,0.0177737,3831.45,0.821967,0.00183697,945.552,5.43467e-06,8.29113,0.213328
346,0.0537699,0.182436,0.888988,0.93796,5.51728,0.0201872,86.8472,0.306929,0.062972,1500,1.38756e-07,8.45466,0.0611007
347,0.0348097,0.680583,0.866042,0.865784,0.269219,0.0187839,3.82233,0.905543,0.0351312,1222.68,6.39006e-06,18.2126,0.228804
348,0.00502268,0.191553,1.11989,0.741275,39.6278,0.0297979,0.0169769,0.89082,0.0173124,1220.82,8.62851e-05,19.6317,0.211319
349,0.0960991,10,0.777475,0.660635,12.4582,0.0362614,0.168932,1.42417,0.00910737,381.64,0.000112381,0.5,0.212304
350,0.0177699,8.85263,0.865171,1,104.751,0.0109238,3765.15,2.2416,0.00192026,898.062,1.246e-05,44.0504,0.226869
351,0.0085438,10,1.5998,0.716297,10.6329,0.018486,6.2791,1.61576,0.0464471,551.626,6.51982e-06,2.25997,0.291265
352,0.00873076,8.46985,1.12247,0.523921,0.405205,0.029822,279.843,1.68815,0.000363746,801.121,4.22669e-06,5.09295,0.207936
353,0.0991853,0.0462091,0.843842,0.880054,3.96873,0.0211578,3470,4.78235,0.0722362,985.712,4.18168e-05,3.94459,0.125957
354,0.0979449,0.59917,1.11082,0.883161,1.99935,0.0481454,702.959,0.668275,0.0015731,1493.53,0.00096099,10.4329,0.191452
355,0.180647,2.51136,0.733118,0.51603,13.2928,0.0116385,88.0891,2.09966,0.0925169,485.242,0.00019395,5.14986,0.260022
356,0.998722,0.662379,1.3012,0.51381,175.584,0.0186338,18.5916,1.88007,0.0366602,366.616,0.000390205,47.8287,0.209439
357,0.0323171,0.529389,0.672671,1,26.7566,0.0379058,0.0927311,4.75439,0.0282475,793.871,0.000593422,1.45451,0.281673
358,0.0731765,1.06866,0.874703,0.997921,1.08358,0.0190856,4000,1.7162,0.0088748,756.686,0.000660845,48,0.246523
359,0.0722071,4.98375,0.74192,0.784379,18.2106,0.0164155,2.27345,0.695654,0.0360031,774.123,2.47905e-05,13.0632,0.0641346
360,0.0806338,0.420382,1.06083,0.485794,7.02193,0.0139121,4000,0.786358,0.119469,1484.75,1.32781e-05,2.8405,0.0497582
361,0.225531,0.230851,1.14552,0.407729,9.27047,0.0217721,0.422164,0.364183,0.0119773,689.869,0.000129438,9.02423,0.110871
362,0.0174265,0.193535,1.69219,0.78851,84.8783,0.0170106,4.68111,3.19945,0.0191439,1497.38,2.93588e-05,3.99533,0.0998485
363,0.168472,9.84542,0.70081,1,33.9044,0.0294994,3662.69,2.79051,0.0204186,505.718,7.47908e-05,1.11983,0.249357
364,0.00980259,0.191127,0.723418,0.858893,176.007,0.0196994,2.34977,0.399504,0.0127744,690.636,2.26685e-05,19.8631,0.258187
365,0.413992,10,1.30356,0.823466,21.4568,0.0199101,428.451,2.36526,0.0113473,677.005,0.000249451,1.88832,0.162236
366,0.124827,1.19033,0.760287,0.833326,13.1699,0.0156584,99.8636,0.535282,0.0634871,488.21,1.42094e-05,6.4143,0.298936
367,0.0201141,3.7891,1.08248,0.632145,136.595,0.018763,4000,1.67764,0.0917539,939.341,0.001,10.2308,0.185971
368,0.00101172,1.47694,0.841704,0.687623,15.3217,0.0156412,3378.93,1.09245,0.0220133,817.392,0.00023593,4.70141,0.154995
369,0.808711,0.671719,0.925356,0.598929,28.3019,0.0169027,0.464555,0.971677,0.0907238,1193.69,1.29076e-05,31.856,0.330521
370,0.0299988,0.158493,0.916387,0.700877,0.750413,0.0179506,96.0395,1.28476,0.00291139,592.91,0.000848205,25.4972,0.269977
371,0.001,9.87875,1.7,0.731159,1.36179,0.0282868,2032.87,7.25927,0.0471079,846.532,3.39134e-06,48,0.0777348
372,0.0234703,10,0.922127,0.427784,140.239,0.0273191,3600.57,5.08797,0.00730094,927.739,0.000535433,6.91437,0.115794
373,0.00188049,9.86549,1.04028,0.874591,13.1831,0.0282722,3439.77,0.777619,0.041508,965.316,3.31193e-05,12.1885,0.301804
374,0.0175974,1.54375,1.44902,0.401661,87.6186,0.0148582,11.1249,3.33481,0.153832,696.853,1.69497e-05,17.5192,0.331921
375,0.00479557,5.10057,0.956281,0.738085,25.7075,0.0289616,4000,7.75162,0.141249,941.911,8.41022e-05,1.57933,0.338082
376,0.0150508,1.14828,0.7285,0.997636,19.7971,0.0289556,4000,4.70312,0.00569931,428.873,0.000526432,7.33007,0.27113
377,0.00879653,1.90532,0.572455,0.656509,92.0757,0.0226046,4000,2.01609,0.0701453,1500,2.79199e-05,6.87371,0.262021
378,0.00786758,0.435243,0.720885,0.62404,11.3418,0.0181345,0.57304,9.53811,0.100123,698.549,3.98052e-05,5.25239,0.26136
379,0.150808,0.889145,0.636117,0.725456,167.259,0.0109133,3531.07,0.107974,0.0266136,445.055,8.25118e-05,24.3795,0.166482
380,0.18363,0.257631,1.09676,0.7468,10.855,0.05,203.421,0.751749,0.0689717,396.452,0.000929346,35.1268,0.220024
381,0.0703232,1.69668,1.02805,0.900792,54.4697,0.0100709,3482.41,1.79501,0.00424042,584.13,1.45947e-05,3.88015,0.120856
382,1,10,0.780039,0.419559,16.786,0.0290585,71.0943,0.823328,0.0658367,585.318,7.41746e-06,8.92959,0.133433
383,0.436762,5.2442,0.706306,0.238121,27.1766,0.0389335,0.117817,1.61477,0.0257751,1491.65,0.000893991,8.8699,0.290621
384,0.104111,0.950206,0.800156,0.767328,10.2048,0.0243006,3648.19,0.613861,0.00910716,618.504,0.000825866,46.7918,0.246641
385,0.00118725,5.54303,1.0831,0.500801,104.89,0.0305349,31.6003,3.42149,0.0523742,833.191,0.000574848,34.8122,0.35
386,0.453356,0.333313,0.866378,0.70782,100.908,0.0192198,372.433,5.92963,0.070233,741.361,0.000221021,26.5408,0.315557
387,0.0321144,1.77181,0.664806,0.482783,173.114,0.0310849,0.126722,2.49777,0.00107753,1063.12,2.13195e-07,3.4308,0.208557
388,0.0109301,0.23639,1.05655,0.695092,33.4704,0.0248763,3847.58,1.33953,0.0293137,807.702,4.69651e-05,5.53733,0.166866
389,0.00394148,6.44992,1.42639,0.678974,134.603,0.0187783,490.02,3.13667,0.0169928,954.301,0.000188557,12.3863,0.17543
390,0.155767,10,0.90122,0.96684,2.92143,0.0222648,4000,1.78015,0.00588394,721.313,6.29103e-05,11.1485,0.311896
391,0.0600291,0.905817,0.811797,0.702394,13.4451,0.0171937,65.5449,1.81958,0.0775656,513.43,3.28327e-05,10.7442,0.219082
392,0.035148,0.326392,0.841701,0.974794,112.19,0.0104247,3480.73,1.67087,0.00191642,1083.92,1.44304e-05,47.1802,0.293196
393,0.288639,3.97871,0.668914,0.675972,2.10218,0.0271583,3023.06,2.00959,0.122749,1377.74,7.88436e-06,8.04727,0.307374
394,0.0854577,0.83414,0.938622,1,3.88004,0.0317041,170.544,2.83267,0.0629294,971.345,3.65711e-05,16.6512,0.158817
395,0.0418351,0.822317,0.961412,1,5.26686,0.0119833,670.575,1.11529,0.0313242,381.367,1.52844e-05,10.3977,0.151432
396,0.0021294,0.346298,0.892901,0.616312,0.987705,0.0245591,3817.24,5.43495,0.0199644,1004.53,0.000900468,12.6654,0.185881
397,0.0149557,0.0750578,0.989309,0.418508,51.0974,0.0223901,138.858,0.290228,0.000745196,845.173,0.000505643,17.4369,0.214053
398,0.00521647,3.11484,0.883909,0.553176,12.0978,0.0283202,3688.97,1.2757,0.0483259,1500,0.000341951,28.6113,0.223169
399,0.0478784,0.0496951,0.530429,0.70306,174.219,0.0136553,3610.94,2.02083,0.0466008,1254.94,4.8794e-05,4.34095,0.12166
400,0.0349069,2.09797,0.692474,0.836804,79.7274,0.0180485,1702.99,0.463511,0.000829101,539.923,6.6292e-06,7.44186,0.215934
401,0.0303259,0.03104,0.758042,0.479631,101.437,0.0338499,2.16217,3.45571,0.00099761,1078.81,9.34837e-06,1.75421,0.277206
402,0.217183,2.43028,0.7522,0.895348,2.71235,0.0215591,0.0926368,4.01552,0.00131229,1341.82,0.000673168,26.2665,0.214884
403,0.0798699,0.510721,0.750934,0.711982,68.9813,0.030311,3755.98,1.22004,0.00128666,1485.17,0.000195706,5.85248,0.158178
404,0.125858,0.0503492,1.02946,0.821497,31.8034,0.0388689,0.0340961,0.432727,0.0341844,1456.57,3.77342e-05,3.26286,0.216966
405,0.0271041,10,0.641544,0.959576,9.72005,0.0155181,1290.13,0.469876,0.0683781,479.99,5.58345e-05,1.50517,0.181711
406,0.085341,0.254478,1.67423,0.734644,180,0.0184501,0.000912836,2.05086,0,706.633,0.00093876,15.9092,0.171759
407,0.044527,1.02941,0.966446,0.76147,14.7622,0.0211744,10.3677,0.521335,0.0111814,521.937,2.62529e-06,6.10333,0.251283
408,0.0267262,1.19511,0.849735,0.788924,2.71934,0.0207251,2739.88,2.04165,0.0471403,615.258,0.00013565,3.49984,0.295921
409,0.234897,2.58933,1.16401,0.516392,1.55969,0.0104246,13.6279,1.31752,0.0557924,528.535,1.25428e-05,16.7849,0.293377
410,0.993408,4.2027,1.00414,0.58903,145.38,0.0319419,209.26,3.14711,0.0828731,1260.21,6.33495e-06,1.78718,0.0742688
411,0.019075,0.291434,0.968962,0.565952,91.8281,0.0198656,4000,0.532593,0.0222643,836.996,8.75921e-06,46.746,0.198609
412,0.041838,1.00301,1.0293,0.733118,40.2763,0.0245992,2215.11,0.18764,0.0292466,741.222,7.75261e-05,3.2335,0.246429
413,0.032844,0.351175,0.612401,0.949938,30.0632,0.0189187,0.643877,7.03783,0.0240775,1137.31,0.00014955,1.5609,0.213527
414,0.332401,1.30584,1.2661,0.998357,14.9236,0.0154961,0.443836,1.44193,0.0469592,600.042,2.82422e-05,27.6591,0.214376
415,0.136455,2.61894,1.15103,1,23.9564,0.0177306,2.89248,0.497897,0.0573428,1491.58,0.000249231,7.80962,0.207596
416,0.0290469,1.32448,0.791669,0.729284,0.481944,0.0310449,48.0378,3.79553,0.00297499,628.103,5.51906e-05,12.3399,0.220187
417,0.00203466,3.46882,0.871363,1,10.0468,0.0176965,123.511,8.33857,0.0374715,804.449,2.57434e-05,16.0258,0.171061
418,0.0199343,4.0326,1.16106,0.901606,12.5545,0.0172099,0.546592,0.792255,0.0428135,819.128,0.00017344,5.85944,0.16735
419,0.00873003,10,0.516024,0.966519,4.70986,0.010219,3458.4,1.06392,0.0660348,594.663,7.05499e-06,12.789,0.267548
420,0.0158613,0.866428,0.585957,0.250634,21.0893,0.0226776,0.348773,1.86362,0.0856664,1060.56,6.01314e-06,2.88251,0.115725
421,0.223471,0.938727,0.96394,0.9967,56.1354,0.0265436,2724.32,2.90732,0.00107481,864.358,0.000922781,1.94017,0.146951
422,0.0536434,8.66632,1.21137,0.610079,15.7282,0.01692,922.778,0.811772,0.000844411,685.984,1.09659e-05,3.36353,0.28977
423,0.00666447,1.02611,0.620753,0.741308,0.215922,0.0175707,9.4161,0.594607,0.0204364,1176.97,9.40506e-06,12.581,0.317283
424,0.283882,1.02632,0.921286,0.810824,0.95787,0.023956,4000,0.22355,0.0299082,614.001,0.000861248,14.1834,0.285882
425,0.00254292,0.539944,1.38567,0.736654,11.9528,0.01404,3968.24,0.235281,0.000328674,847.257,0.000107519,2.28434,0.177804
426,0.0706117,0.624576,0.775177,0.830464,43.512,0.0117375,34.1682,1.025,0.0197298,788.512,7.21219e-06,1.06171,0.114602
427,0.102329,8.40168,1.61222,0.720084,6.25756,0.0250344,0.107162,0.683744,0.0314238,380.205,4.73874e-06,4.94701,0.10195
428,0.182495,0.374056,0.827392,0.718477,5.40573,0.05,1.50816,2.40005,0.00734104,689.54,1.1101e-05,5.80591,0.154599
429,0.0637171,0.407473,0.901583,0.697518,5.55223,0.0120033,4.97742,6.16481,0.0154117,581.224,8.70152e-06,3.54977,0.178255
430,0.00858063,0.0503387,1.07993,0.989969,1.73518,0.0120475,0.960251,1.025,0.0910418,986.202,1.29183e-05,11.268,0.206859
431,0.00931281,0.171377,0.693604,0.637307,67.8454,0.0159919,3541.32,3.74754,0.064377,515.291,1.82779e-06,5.54402,0.114973
432,1,4.86811,0.80672,0.998785,59.0622,0.0121276,3506.04,0.478253,0.00070947,1424.18,0.00030463,6.37292,0.29719
433,0.143689,0.950102,0.621098,0.999646,12.0797,0.0162837,2423.14,4.78516,0.0881261,1039.28,5.25274e-05,16.0154,0.23976
434,0.0756982,0.648951,0.984041,0.757053,172.035,0.0112859,0.00161063,2.89007,0.0240912,389,0.000704756,28.1168,0.137279
435,0.533007,0.492686,1.68773,0.621325,46.8243,0.0186153,477.512,3.27076,0.000181381,401.557,0.000315972,3.9879,0.210747
436,0.83729,9.97637,0.797667,0.341954,3.00128,0.0148753,1440.49,0.716221,0.0499794,1414.06,3.99935e-07,15.6946,0.323893
437,0.154766,6.44425,0.901625,0.800014,30.9939,0.01385,1.86362,2.12442,0.109124,560.093,4.38106e-05,2.33269,0.237107
438,0.00516487,0.0260577,0.787895,0.98727,28.3326,0.0347438,8.841,9.69847,0.00491134,795.819,6.69104e-06,47.7975,0.258125
439,0.0606757,0.0802111,1.09993,0.55328,132.328,0.0214548,3387.44,3.63318,0.033423,504.275,0.000523595,20.582,0.196967
440,0.125509,6.33321,0.511031,0.487706,16.283,0.0102408,4.17644,1.16049,0.0164955,1311.56,6.88718e-05,4.15291,0.165132
441,1,2.44956,1.00234,0.792455,92.2125,0.0266225,4000,1.76343,0.0376735,1339.29,0.000620302,7.18557,0.245715
442,0.0857046,0.113201,0.982349,0.742584,103.312,0.0178111,8.25616,1.2486,0.0450424,672.667,6.39183e-05,3.81325,0.211683
443,0.249924,9.9177,0.875851,0.742188,51.1754,0.0176197,3636.3,1.36986,0.0530371,1080.38,5.12995e-06,11.0557,0.0301506
444,0.208897,1.82629,1.11403,0.875229,7.84491,0.0174226,3959.68,2.15309,0.0076504,345.425,0.000521836,8.56206,0.296322
445,0.0139219,0.878682,1.02974,0.512293,170.366,0.0320473,421.401,5.82226,0.1045,313.892,1.96739e-05,5.04577,0.256545
446,0.0150558,0.0448975,1.33482,0.69527,180,0.0231007,33.9135,1.18208,0.0472583,362.436,1.62402e-05,21.7535,0.348694
447,0.00867011,2.36186,0.847829,0.818583,135.471,0.0408182,0.725031,1.81519,0.0417947,372.546,3.60423e-05,12.0105,0.35
448,0.018204,4.79706,0.872178,0.571537,129.713,0.020457,0.0282136,0.557956,0.0418023,518.201,0.000456022,1.17351,0.0683605
449,0.0296538,10,0.981431,0.446186,18.279,0.0229734,4000,5.2173,0.160842,387.388,0.00078095,2.90762,0.250141
450,0.038517,4.89241,0.996226,0.532769,2.48425,0.0128102,4000,1.48848,0.0127183,1247.87,3.92552e-05,13.2774,0.164504
451,0.280622,0.0203916,1.16205,0.601461,161.463,0.0181725,4000,1.18476,0.102723,794.046,4.4621e-05,7.78961,0.220954
452,0.00776072,10,0.769485,0.74614,23.7212,0.0203446,791.377,0.478388,0.00741211,859.465,0.000408447,1.52746,0.159927
453,0.0293995,0.351062,0.712328,0.798379,0.709764,0.0192844,4000,6.52206,0.0766613,584.596,0.000240494,2.29562,0.188969
454,0.0891088,2.25595,0.756968,0.753745,20.3888,0.0228212,1.59367,1.57173,0.0610615,1500,4.69672e-05,5.72999,0.193421
455,0.0852206,0.460773,1.02183,0.803363,12.5138,0.0397763,0.0122955,1.62673,0.0421255,521.704,0.000969929,10.0078,0.165118
456,0.191583,0.114019,0.851298,0.473153,1.24409,0.0230227,3959.41,2.62462,0.00168882,383.233,0.000861189,11.0244,0.2999
457,0.0192579,9.9675,1.02838,0.938298,25.73,0.0258558,3642.38,0.565214,0.00155367,797.178,0.000380964,3.58961,0.35
458,0.176818,2.97841,0.980227,0.792565,1.91879,0.0200279,4000,0.483128,0.000346006,276.757,7.00992e-05,17.8745,0.303641
459,0.0277928,4.74992,1.29197,0.837009,2.40231,0.0268789,249.669,1.01769,0.000435228,513.467,5.07277e-05,3.02134,0.266066
460,0.108862,0.822424,0.858695,0.0158507,23.4962,0.0200848,4000,6.30256,0.00184109,855.954,5.17539e-05,5.6992,0.311978
461,0.00232376,1.14026,1.01395,1,18.8488,0.0192728,4000,0.864519,0.00017903,541.494,9.8396e-06,47.3574,0.0598804
462,0.00302335,0.952085,0.510341,0.792918,13.2918,0.0291709,6.90924,1.68221,0.0313855,705.997,0.000251646,8.75032,0.221929
463,0.137887,0.165101,0.835758,0.299217,34.1695,0.022882,4000,7.05944,0.0449218,907.065,1.84466e-05,5.8276,0.212983
464,0.00295853,0.063046,1.0797,0.633565,177.937,0.0391094,219.13,1.59587,0.0199468,686.589,0.000292981,9.72286,0.308858
465,0.0100305,3.49031,1.68456,0.445195,21.9605,0.0235895,75.94,3.25447,0.000809098,1500,1.65646e-05,10.7811,0.279972
466,0.0356625,0.857349,1.25276,0.892765,1.10231,0.0233442,596.06,0.320328,0.050035,640.355,0.000124231,13.0347,0.170752
467,1,0.0272196,1.60428,0.958238,0.919261,0.026592,661.179,1.63475,0.000266614,200,1.58267e-05,10.9031,0.343041
468,0.0401129,0.742822,0.752073,0.716916,16.8621,0.0190034,47.2226,1.55628,0.0398641,816.681,3.28268e-05,7.11555,0.229269
469,0.150849,0.55953,1.18402,0.998527,43.3773,0.0120137,3955.97,0.683991,0.0732725,852.496,5.84533e-05,2.43153,0.198508
470,0.0122335,10,0.788665,0.457096,37.0252,0.0463467,14.1471,0.831885,0.0763982,1193.48,0.000747781,8.56603,0.272595
471,0.0421205,0.626084,0.926444,0.886954,49.3174,0.0197738,4000,3.4755,0.00162187,535.455,1.02499e-05,1.99781,0.100443
472,0.08225,10,1.02763,0.783241,1.1163,0.0202624,4000,3.05401,0.0077497,1226.85,0.00011383,15.2916,0.29549
473,0.0830361,0.0840612,1.27702,0.847509,20.2645,0.0194229,4000,2.53372,0.0608648,1085.14,0.000157658,2.03429,0.157173
474,0.015036,0.0130596,1.30583,0.789973,1.95845,0.0248224,4000,2.06621,0.0263015,1500,3.04606e-06,5.88402,0.229449
475,0.00753792,0.642115,0.83717,0.756301,2.97245,0.0175518,104.652,1.76856,0.0518268,382.187,0.000132809,2.39129,0.216943
476,0.554003,0.469398,1.25097,0.801989,0.675513,0.0291366,2307.5,0.953718,0.0526609,1250.95,1.26516e-05,46.6858,0.114475
477,0.226358,5.75588,0.841736,0.753012,5.50217,0.0190271,825.176,1.40019,0.0993327,1075.82,1.64102e-05,46.8821,0.2044
478,0.00237577,0.648483,0.873641,0.683225,4.79081,0.0213234,3443.98,1.89194,0.0281974,1022.34,2.49308e-05,5.9595,0.155985
479,0.191831,0.227261,1.08807,0.778127,7.88213,0.0228942,0.151571,1.91406,0.0492148,1009.27,1.79939e-05,1.65505,0.120499
480,0.207249,0.280058,1.27175,0.998119,12.8236,0.0339837,4000,0.341444,0,469.293,3.7588e-05,5.07326,0.143118
481,0.0174953,1.13852,0.942548,0.559646,14.2959,0.05,470.455,1.20879,0.00137045,463.919,1.0439e-05,2.70876,0.168748
482,0.159613,0.0809618,0.718614,0.689236,0.892033,0.0250159,18.6449,1.28713,0.0510773,872.107,9.97862e-06,26.2171,0.209184
483,0.0810356,0.21064,1.34039,0.658487,9.3787,0.0171585,407.679,2.61702,0.120886,1403.9,1.07998e-06,19.4287,0.221476
484,0.119386,0.296188,1.07528,0.771994,5.52566,0.0280202,3405.2,3.32107,0.0407247,1198.93,0.00018743,10.3629,0.230236
485,0.0816176,0.148834,0.924102,0.662487,17.653,0.0227464,23.1232,2.09688,0.00991683,1276.96,0.000313715,10.9376,0.156178
486,0.024889,0.301455,1.06794,1,1.77005,0.0178618,154.483,2.60755,0.0079895,608.959,0.000301503,1.47772,0.272735
487,0.0079186,1.10884,0.746566,1,3.53139,0.0101386,3778.21,0.533357,0.191239,788.565,6.31955e-06,7.33506,0.256133
488,0.124479,2.57427,0.718431,0.877121,1.77878,0.0227343,3759.61,6.4055,0.00123043,1494.28,4.51918e-06,32.4465,0.193167
489,0.332951,0.101233,1.58676,0.539958,9.7123,0.0126771,435.076,1.49131,0.156013,968.968,0.000879338,20.7385,0.107976
490,0.0301407,0.0356291,0.795213,1,24.6716,0.0149051,0.0039576,0.879309,0.0660684,668.529,0.00043067,47.9241,0.0930285
491,0.100958,0.138308,1.65013,0.713977,13.0308,0.0348801,3.15303,1.61393,0.0473322,798.725,5.35039e-05,8.96608,0.24108
492,0.00980312,3.51755,1.25954,0.565752,74.6478,0.0250979,66.5441,2.32996,0.118448,1500,1.50831e-06,4.39024,0.260039
493,0.0972003,3.79049,1.7,0.836438,8.58085,0.0176092,67.2041,1.0583,0.0499169,715.575,6.12933e-05,7.65166,0.246429
494,0.706227,0.531322,0.913774,0.765346,9.3556,0.0213974,22.7789,1.5804,0.103041,532.665,3.95739e-05,0.764645,0.113458
495,0.0182232,1.16403,0.860494,0.613353,18.632,0.0168795,18.9731,8.07742,0.0531155,271.846,8.74585e-05,23.9705,0.229819
496,0.0860231,0.0241746,1.22272,0.678519,54.8278,0.0131822,0.241891,3.32963,0.00681444,754.907,4.62568e-06,17.0254,0.223797
497,0.00687336,9.2365,0.532892,1,5.77139,0.0130285,0.286238,0.162128,0.00187907,358.518,1.78821e-06,5.84617,0.171029
498,0.0338413,2.21108,0.779118,0.783524,162.694,0.0154366,219.168,8.44113,0.00120538,998.101,4.56514e-05,9.01172,0.195591
499,0.0738991,0.0233206,0.821296,0.532319,34.1342,0.0499422,3354.67,5.61296,0.0291926,771.47,7.49819e-06,5.1836,0.212955
500,0.00289772,4.38563,0.666162,0.755292,77.281,0.021404,3779.15,3.23038,0.00841944,620.88,2.52598e-06,2.02633,0.160438
501,0.0528764,0.940543,0.84042,1,10.2023,0.0372685,4000,3.56366,0.0603932,741.316,8.00271e-07,15.428,0.187606
502,0.908861,1.38327,0.630739,0.889017,177.035,0.0148622,390.169,1.31013,0.016445,1352.41,1.77323e-05,5.2418,0.256036
503,0.0272148,6.05012,0.907583,0.839568,5.8536,0.0174105,3673.19,0.181501,0.0689232,861.615,4.56319e-06,9.25823,0.0313899
504,0.0627182,0.170316,0.770978,0.634069,3.55593,0.0133094,3438.53,9.65939,0.00158314,395.837,4.62022e-05,1.29475,0.218283
505,0.456796,0.223721,1.52816,0.404926,33.8604,0.0225442,4000,0.1,1.52782e-05,413.222,6.24958e-05,7.10621,0.126931
506,0.02598,2.3398,0.989351,0.493586,21.0214,0.0248143,0.0681968,9.55897,0.0942342,740.342,9.25601e-05,0.5,0.286203
507,0.0308431,0.0578192,1.35053,0.367573,21.8219,0.0163157,0.603687,0.696027,0.0403756,1023.51,8.01493e-05,1.79974,0.180499
508,0.0018772,0.425315,1.1928,1,176.828,0.0222143,45.0057,0.253803,0.0185683,1361.26,3.06676e-05,23.9098,0.257401
509,0.0369534,0.192947,0.779487,0.339001,3.70432,0.0446539,3840.48,7.05631,0.0273795,638.911,0.000879936,21.4967,0.308436
510,0.218536,6.14016,0.934491,0.730476,3.69118,0.01,4000,1.96084,0.0304585,559.648,0.000672853,4.06479,0.229625
511,0.00201578,0.543223,0.878775,0.874002,42.073,0.0223963,35.2509,1.70342,0,955.37,1.21106e-05,10.186,0.310118
512,0.303417,1.68152,1.18832,0.97049,6.9061,0.017975,955.635,3.39403,0.0630944,662.092,0.001,41.6947,0.166251
513,0.266585,0.374236,1.09923,0.851793,2.939,0.0187754,5.11483,1.50001,0.00617779,355.53,0.000170729,12.1785,0.173935
514,0.200089,6.36412,1.57267,0.679029,2.06428,0.0132017,1570.75,3.24367,0.100444,1067.12,4.43542e-07,2.31396,0.303255
515,0.0680347,10,0.98515,0.917396,0.958277,0.0171455,4000,5.86439,0.0191191,1484.36,0.000937061,13.8252,0.110065
516,0.348519,10,1.20965,0.73899,113.738,0.0323811,4000,0.669574,0.0331785,1494.88,0.000237325,1.97775,0.0685501
517,1,0.340962,1.10293,0.82916,1.84951,0.0193851,4.07431,0.752079,0.0215011,491.85,8.68965e-05,17.5708,0.262743
518,0.00661057,0.14064,1.04758,1,3.27887,0.0268858,4000,4.18093,0.00107352,769.975,3.48073e-05,6.5023,0.255925
519,0.00546229,0.699038,0.509276,0.677521,48.5276,0.0100943,3577.42,0.907696,0.126963,946.569,2.78126e-06,14.7158,0.249479
520,0.153407,4.43197,1.42319,0.925106,112.667,0.0239944,300.897,5.4942,0.0254071,1149.63,0.000213298,34.6634,0.165355
521,0.051569,10,0.748924,0.792875,10.2226,0.0129354,93.8755,0.583954,0.00225004,622.708,0.000906672,13.4997,0.242963
522,0.140297,0.600728,0.868449,0.678731,170.88,0.0175631,7.19741,6.79888,0.00120059,524.122,1.44375e-06,12.6407,0.182117
523,0.0252985,0.398918,0.851704,0.998294,7.44581,0.0392139,580.855,9.73342,0,548.701,1.5883e-05,11.4793,0.197741
524,0.135387,8.35211,1.39418,0.680277,9.40378,0.0246513,4000,0.940659,0.00100067,1023.51,7.31248e-06,16.957,0.197375
525,0.0284428,5.84944,1.14278,0.62999,3.57566,0.0285614,4000,1.15035,0.0686342,673.013,2.70012e-05,16.804,0.226573
526,0.00269365,3.61642,1.66999,0.69585,5.5211,0.0344275,3954.81,2.34715,0.00177126,421.005,0.000955799,8.36706,0.221707
527,0.225447,0.885456,0.666441,0.679873,177.582,0.0168309,0.0133687,0.342347,0.0637047,1109.16,2.30151e-05,30.1648,0.214916
528,0.0229743,10,1.0708,0.597997,4.85098,0.0100592,46.3601,1.59568,0.0212145,697.34,1.05288e-05,6.1241,0.35
529,0.045258,0.997543,0.510248,0.946294,2.23226,0.0172851,3650.6,0.621231,0.0358221,991.176,4.18427e-06,13.2553,0.162182
530,0.00353372,0.121798,1.46298,0.636354,3.19342,0.0246377,0.539397,7.39193,0,499.642,1.49486e-05,25.0935,0.293353
531,0.0214995,9.78705,0.981639,0.74853,4.67035,0.0161871,3443.99,1.94413,0.00130229,808.076,2.04338e-05,4.08558,0.275052
532,0.118543,0.622071,1.13759,0.992621,100.146,0.016345,32.2107,0.346194,0,1364.06,1.86139e-05,3.80699,0.138175
533,0.126528,0.0194994,0.959019,0.733723,172.03,0.0460324,3628.57,1.31585,0.0705521,738.876,1.90717e-05,6.13999,0.0812876
534,0.0611444,2.04594,0.595835,0.400385,12.831,0.022547,540.927,5.15214,0.0158687,743.297,0.000883572,12.9041,0.176886
535,0.00763684,0.0322939,1.04357,1,11.2475,0.0177175,130.091,9.56261,0.036813,362.993,5.21898e-05,2.21434,0.167636
536,0.297551,2.6346,0.743872,1,16.6033,0.0154739,3863.51,9.36173,0.0534967,486.302,0.000363692,4.93844,0.302933
537,0.00966605,0.331664,1.18245,0.995739,30.6504,0.0234751,1272.12,6.28187,0.0377551,604.783,5.43519e-05,2.1306,0.222508
538,0.0450394,0.280862,0.784273,0.861934,6.83823,0.0256985,276.791,0.869381,0.0515524,525.981,5.9552e-06,10.3256,0.166522
539,0.00420937,0.0225358,1.15614,0.545548,173.523,0.0186347,0.21449,1.2209,0,551.198,0.000926419,3.11843,0.229816
540,0.0406078,2.75155,0.724609,0.966859,39.3327,0.040805,75.2196,5.25792,0.0575784,524.612,0.000368197,15.5229,0.197311
541,0.348255,0.636042,0.667505,0.470004,2.69266,0.0153515,0.222604,2.03377,0.0304484,528.266,1.61747e-05,25.3138,0.155621
542,0.176546,3.12267,1.05318,0.529981,10.0139,0.0101322,285.912,2.76864,0.0176644,734.881,0.000876841,36.8781,0.154595
543,0.321395,0.0619066,0.943,0.563904,5.09692,0.0252289,3836.23,1.80772,0.0262152,359.131,8.91995e-07,2.21488,0.35
544,0.151686,7.66688,1.15802,0.397056,6.90417,0.018053,183.588,1.15579,0.0500376,648.745,0.000177255,22.644,0.0744331
545,0.0438771,0.924118,0.778425,0.970168,105.336,0.0165556,182.687,1.58159,0.075502,1080.14,7.67348e-05,7.16192,0.117411
546,0.294504,0.662413,0.539289,0.727288,3.8043,0.0189393,150.691,0.963071,0.0677526,1033.93,3.81753e-05,16.4254,0.109809
547,0.00334583,10,0.79096,0.681418,1.3867,0.0201935,138.537,1.60802,0.0326756,860.832,4.98615e-05,19.0542,0.110879
548,0.0990428,0.609806,1.02573,0.936579,4.15806,0.0107547,4000,1.51069,0.0507995,899.17,3.09312e-06,21.1821,0.0592753
base,0.0702281,1.32601,1.19165,0.653533,17.4786,0.0200277,440.347,1.89432,0.0334895,792.914,2.58879e-05,7.88427,0.100566
