iteration,total_runs,obs_realization,par_realization,flow_cal,flow_val,head,head_cal
0,500,real_0000,real_0000,165.869,0,0,27.5455
0,500,real_0001,real_0001,91.397,0,0,21.4154
0,500,real_0002,real_0002,77.6602,0,0,24.1733
0,500,real_0003,real_0003,15879.6,0,0,20.6976
0,500,real_0004,real_0004,1.41958e+06,0,0,22.6448
0,500,real_0005,real_0005,143.786,0,0,24.4997
0,500,real_0006,real_0006,177.522,0,0,22.8914
0,500,real_0007,real_0007,76.6841,0,0,19.7102
0,500,real_0008,real_0008,111.215,0,0,21.342
0,500,real_0009,real_0009,1.41958e+06,0,0,22.4767
0,500,real_0010,real_0010,241.749,0,0,22.0436
0,500,real_0011,real_0011,1.41958e+06,0,0,23.3396
0,500,real_0012,real_0012,79067.5,0,0,20.8354
0,500,real_0013,real_0013,134.719,0,0,21.0328
0,500,real_0014,real_0014,1.41958e+06,0,0,22.7014
0,500,real_0015,real_0015,34.934,0,0,20.118
0,500,real_0016,real_0016,1.41958e+06,0,0,23.5192
0,500,real_0017,real_0017,1.35612e+06,0,0,22.0771
0,500,real_0018,real_0018,1.41958e+06,0,0,23.0049
0,500,real_0019,real_0019,126.6,0,0,22.6292
0,500,real_0020,real_0020,91.2175,0,0,18.6522
0,500,real_0021,real_0021,1.23005e+06,0,0,19.2002
0,500,real_0022,real_0022,93.1265,0,0,22.4329
0,500,real_0023,real_0023,135.031,0,0,24.1786
0,500,real_0024,real_0024,526755,0,0,21.5104
0,500,real_0025,real_0025,54.4737,0,0,21.2504
0,500,real_0026,real_0026,58.8222,0,0,23.3703
0,500,real_0027,real_0027,118.08,0,0,23.8403
0,500,real_0028,real_0028,133.416,0,0,26.5719
0,500,real_0029,real_0029,88.9933,0,0,24.3879
0,500,real_0030,real_0030,929538,0,0,19.3755
0,500,real_0031,real_0031,145.452,0,0,20.9156
0,500,real_0032,real_0032,1.41958e+06,0,0,21.171
0,500,real_0033,real_0033,1.41958e+06,0,0,19.5645
0,500,real_0034,real_0034,59.954,0,0,20.0329
0,500,real_0035,real_0035,267928,0,0,20.1835
0,500,real_0036,real_0036,103.009,0,0,21.2017
0,500,real_0037,real_0037,104.445,0,0,23.8645
0,500,real_0038,real_0038,193.849,0,0,22.386
0,500,real_0039,real_0039,146.715,0,0,27.723
0,500,real_0040,real_0040,151.848,0,0,24.4194
0,500,real_0041,real_0041,308.16,0,0,20.5237
0,500,real_0042,real_0042,163.993,0,0,22.3155
0,500,real_0043,real_0043,103.554,0,0,20.9528
0,500,real_0044,real_0044,266.914,0,0,21.0954
0,500,real_0045,real_0045,188.688,0,0,24.1884
0,500,real_0046,real_0046,518977,0,0,25.6678
0,500,real_0047,real_0047,1.41958e+06,0,0,18.2448
0,500,real_0048,real_0048,756590,0,0,19.9536
0,500,real_0049,real_0049,1.41958e+06,0,0,22.579
0,500,real_0050,real_0050,52.0299,0,0,21.3679
0,500,real_0051,real_0051,67.7535,0,0,19.3142
0,500,real_0052,real_0052,169.014,0,0,23.8626
0,500,real_0053,real_0053,1.41958e+06,0,0,20.0678
0,500,real_0054,real_0054,89.7711,0,0,20.1724
0,500,real_0055,real_0055,1.41958e+06,0,0,20.1504
0,500,real_0056,real_0056,119.376,0,0,22.2543
0,500,real_0057,real_0057,178.742,0,0,19.1074
0,500,real_0058,real_0058,180967,0,0,19.6026
0,500,real_0059,real_0059,171.537,0,0,22.3284
0,500,real_0060,real_0060,81.1526,0,0,25.168
0,500,real_0061,real_0061,53.8283,0,0,25.2488
0,500,real_0062,real_0062,69.5177,0,0,22.1638
0,500,real_0063,real_0063,67.5898,0,0,20.5919
0,500,real_0064,real_0064,248.8,0,0,21.6485
0,500,real_0065,real_0065,197.818,0,0,21.7311
0,500,real_0066,real_0066,99.8335,0,0,19.7347
0,500,real_0067,real_0067,1.33237e+06,0,0,24.1848
0,500,real_0068,real_0068,1.41958e+06,0,0,19.6974
0,500,real_0069,real_0069,49.1925,0,0,21.7683
0,500,real_0070,real_0070,1.41958e+06,0,0,19.632
0,500,real_0071,real_0071,518997,0,0,27.8528
0,500,real_0072,real_0072,112.379,0,0,22.3147
0,500,real_0073,real_0073,1.41958e+06,0,0,21.0165
0,500,real_0074,real_0074,1.2301e+06,0,0,22.4312
0,500,real_0075,real_0075,1.18962e+06,0,0,33.6412
0,500,real_0076,real_0076,96.6307,0,0,19.2592
0,500,real_0077,real_0077,646817,0,0,21.6688
0,500,real_0078,real_0078,98.121,0,0,22.5042
0,500,real_0079,real_0079,1.33237e+06,0,0,20.9106
0,500,real_0080,real_0080,1.41958e+06,0,0,19.1699
0,500,real_0081,real_0081,654849,0,0,20.0062
0,500,real_0082,real_0082,99.8862,0,0,21.8773
0,500,real_0083,real_0083,1.41958e+06,0,0,22.0333
0,500,real_0084,real_0084,1.41958e+06,0,0,19.1259
0,500,real_0085,real_0085,126.165,0,0,22.1343
0,500,real_0086,real_0086,347.473,0,0,24.1873
0,500,real_0087,real_0087,69.0029,0,0,22.5065
0,500,real_0088,real_0088,184.84,0,0,26.6444
0,500,real_0089,real_0089,110.945,0,0,19.0037
0,500,real_0090,real_0090,148.527,0,0,21.4246
0,500,real_0091,real_0091,1.41958e+06,0,0,24.1487
0,500,real_0092,real_0092,1.41958e+06,0,0,19.487
0,500,real_0093,real_0093,1.22132e+06,0,0,20.8015
0,500,real_0094,real_0094,262.971,0,0,20.9346
0,500,real_0095,real_0095,117.306,0,0,23.8477
0,500,real_0096,real_0096,70.8676,0,0,19.4775
0,500,real_0097,real_0097,107.818,0,0,21.1381
0,500,real_0098,real_0098,134.115,0,0,21.7625
0,500,real_0099,real_0099,1.4039e+06,0,0,21.4152
0,500,real_0100,real_0100,94.663,0,0,18.9124
0,500,real_0101,real_0101,55.938,0,0,19.3013
0,500,real_0102,real_0102,1.41958e+06,0,0,23.504
0,500,real_0103,real_0103,99.1651,0,0,27.5862
0,500,real_0104,real_0104,155.389,0,0,18.6972
0,500,real_0105,real_0105,186.725,0,0,23.3535
0,500,real_0106,real_0106,91.7177,0,0,25.1984
0,500,real_0107,real_0107,1016.94,0,0,23.344
0,500,real_0108,real_0108,756754,0,0,21.4516
0,500,real_0109,real_0109,1.34031e+06,0,0,19.2243
0,500,real_0110,real_0110,418.016,0,0,23.8719
0,500,real_0111,real_0111,1.41958e+06,0,0,29.6228
0,500,real_0112,real_0112,929692,0,0,22.7172
0,500,real_0113,real_0113,189.008,0,0,18.9318
0,500,real_0114,real_0114,269.711,0,0,21.138
0,500,real_0115,real_0115,199.557,0,0,24.9468
0,500,real_0116,real_0116,929616,0,0,24.1758
0,500,real_0117,real_0117,78.4317,0,0,19.5664
0,500,real_0118,real_0118,1.41958e+06,0,0,21.3584
0,500,real_0119,real_0119,1.41958e+06,0,0,19.9026
0,500,real_0120,real_0120,126.375,0,0,28.1741
0,500,real_0121,real_0121,216.874,0,0,23.1631
0,500,real_0122,real_0122,1.41958e+06,0,0,22.3428
0,500,real_0123,real_0123,167.375,0,0,21.1738
0,500,real_0124,real_0124,181.038,0,0,22.5771
0,500,real_0125,real_0125,122.633,0,0,20.464
0,500,real_0126,real_0126,1.23008e+06,0,0,22.4968
0,500,real_0127,real_0127,1.22134e+06,0,0,22.2717
0,500,real_0128,real_0128,1.23006e+06,0,0,19.119
0,500,real_0129,real_0129,518975,0,0,28.1471
0,500,real_0130,real_0130,96.6798,0,0,22.3576
0,500,real_0131,real_0131,90.8623,0,0,22.9343
0,500,real_0132,real_0132,49.6891,0,0,25.5372
0,500,real_0133,real_0133,1.29258e+06,0,0,19.3795
0,500,real_0134,real_0134,259.614,0,0,22.8043
0,500,real_0135,real_0135,161.034,0,0,25.6378
0,500,real_0136,real_0136,67.2381,0,0,21.8858
0,500,real_0137,real_0137,1.24562e+06,0,0,21.64
0,500,real_0138,real_0138,209.361,0,0,21.3203
0,500,real_0139,real_0139,40.5648,0,0,22.6675
0,500,real_0140,real_0140,248.758,0,0,20.0569
0,500,real_0141,real_0141,1.41958e+06,0,0,20.1257
0,500,real_0142,real_0142,100.882,0,0,23.3406
0,500,real_0143,real_0143,102.737,0,0,27.6252
0,500,real_0144,real_0144,1.41958e+06,0,0,21.5958
0,500,real_0145,real_0145,1.41958e+06,0,0,21.575
0,500,real_0146,real_0146,351.378,0,0,25.5672
0,500,real_0147,real_0147,154.466,0,0,25.5496
0,500,real_0148,real_0148,92.4064,0,0,22.6598
0,500,real_0149,real_0149,151.267,0,0,22.4109
0,500,real_0150,real_0150,1.41958e+06,0,0,22.6122
0,500,real_0151,real_0151,146.907,0,0,24.9133
0,500,real_0152,real_0152,1.41958e+06,0,0,25.8941
0,500,real_0153,real_0153,756607,0,0,21.1264
0,500,real_0154,real_0154,72.7424,0,0,24.3403
0,500,real_0155,real_0155,26.8628,0,0,27.0481
0,500,real_0156,real_0156,1.41958e+06,0,0,20.6556
0,500,real_0157,real_0157,84.3667,0,0,19.6402
0,500,real_0158,real_0158,308.016,0,0,20.7888
0,500,real_0159,real_0159,50.6747,0,0,21.5799
0,500,real_0160,real_0160,96.367,0,0,22.3623
0,500,real_0161,real_0161,150.328,0,0,30.7101
0,500,real_0162,real_0162,160.212,0,0,18.9394
0,500,real_0163,real_0163,125.996,0,0,23.7929
0,500,real_0164,real_0164,1.41958e+06,0,0,20.6293
0,500,real_0165,real_0165,93.2481,0,0,23.2209
0,500,real_0166,real_0166,171.574,0,0,20.5093
0,500,real_0167,real_0167,1.23006e+06,0,0,20.5844
0,500,real_0168,real_0168,306.396,0,0,23.6006
0,500,real_0169,real_0169,1.16657e+06,0,0,21.7502
0,500,real_0170,real_0170,1.2301e+06,0,0,21.3232
0,500,real_0171,real_0171,70.1302,0,0,24.2088
0,500,real_0172,real_0172,52.1842,0,0,24.5305
0,500,real_0173,real_0173,129.321,0,0,50.7427
0,500,real_0174,real_0174,73.8008,0,0,23.1462
0,500,real_0175,real_0175,197368,0,0,24.2964
0,500,real_0176,real_0176,185.052,0,0,20.2993
0,500,real_0177,real_0177,313.902,0,0,22.5553
0,500,real_0178,real_0178,182.548,0,0,22.0403
0,500,real_0179,real_0179,169.724,0,0,20.5085
0,500,real_0180,real_0180,51.5285,0,0,21.8621
0,500,real_0181,real_0181,88.5692,0,0,26.6037
0,500,real_0182,real_0182,48.7917,0,0,24.2127
0,500,real_0183,real_0183,143.197,0,0,29.1146
0,500,real_0184,real_0184,97.821,0,0,21.7558
0,500,real_0185,real_0185,1.41958e+06,0,0,29.1918
0,500,real_0186,real_0186,1.41958e+06,0,0,20.028
0,500,real_0187,real_0187,1.41958e+06,0,0,22.2873
0,500,real_0188,real_0188,195.18,0,0,25.3936
0,500,real_0189,real_0189,139.967,0,0,22.3187
0,500,real_0190,real_0190,1.41958e+06,0,0,19.4224
0,500,real_0191,real_0191,1.41958e+06,0,0,31.3058
0,500,real_0192,real_0192,133.039,0,0,27.232
0,500,real_0193,real_0193,72.7873,0,0,24.2392
0,500,real_0194,real_0194,35.8791,0,0,21.2902
0,500,real_0195,real_0195,875.899,0,0,24.9327
0,500,real_0196,real_0196,119.783,0,0,25.5762
0,500,real_0197,real_0197,1.41958e+06,0,0,21.2086
0,500,real_0198,real_0198,160.468,0,0,22.5499
0,500,real_0199,real_0199,106.069,0,0,26.9114
0,500,real_0200,real_0200,1.41958e+06,0,0,19.6419
0,500,real_0201,real_0201,646893,0,0,21.3018
0,500,real_0202,real_0202,1.41958e+06,0,0,28.7439
0,500,real_0203,real_0203,102.303,0,0,24.4524
0,500,real_0204,real_0204,96.8766,0,0,20.8866
0,500,real_0205,real_0205,1.41958e+06,0,0,23.9274
0,500,real_0206,real_0206,55.8079,0,0,19.1823
0,500,real_0207,real_0207,129.779,0,0,23.995
0,500,real_0208,real_0208,321.537,0,0,21.1661
0,500,real_0209,real_0209,70.5627,0,0,25.69
0,500,real_0210,real_0210,1.41958e+06,0,0,20.6719
0,500,real_0211,real_0211,101.873,0,0,21.0479
0,500,real_0212,real_0212,647228,0,0,22.9873
0,500,real_0213,real_0213,190.282,0,0,23.1674
0,500,real_0214,real_0214,176.244,0,0,25.8111
0,500,real_0215,real_0215,234.942,0,0,25.9906
0,500,real_0216,real_0216,209.272,0,0,23.2537
0,500,real_0217,real_0217,119.218,0,0,23.1198
0,500,real_0218,real_0218,69.1434,0,0,19.8761
0,500,real_0219,real_0219,55.6583,0,0,20.3674
0,500,real_0220,real_0220,86.9378,0,0,23.7535
0,500,real_0221,real_0221,1.41958e+06,0,0,21.7956
0,500,real_0222,real_0222,134.247,0,0,22.0537
0,500,real_0223,real_0223,1.31624e+06,0,0,26.226
0,500,real_0224,real_0224,64.3707,0,0,21.9935
0,500,real_0225,real_0225,330.023,0,0,21.9259
0,500,real_0226,real_0226,92.624,0,0,19.8384
0,500,real_0227,real_0227,77.0967,0,0,25.1323
0,500,real_0228,real_0228,198.934,0,0,29.7643
0,500,real_0229,real_0229,67.1739,0,0,22.9224
0,500,real_0230,real_0230,46.1361,0,0,19.3489
0,500,real_0231,real_0231,196.505,0,0,30.4262
0,500,real_0232,real_0232,194.985,0,0,24.2246
0,500,real_0233,real_0233,62.3776,0,0,19.5844
0,500,real_0234,real_0234,105.154,0,0,19.9555
0,500,real_0235,real_0235,69.9504,0,0,24.59
0,500,real_0236,real_0236,133695,0,0,20.3851
0,500,real_0237,real_0237,1.41958e+06,0,0,20.7361
0,500,real_0238,real_0238,123.984,0,0,22.1955
0,500,real_0239,real_0239,184.643,0,0,33.5405
0,500,real_0240,real_0240,170.094,0,0,23.8394
0,500,real_0241,real_0241,1.41958e+06,0,0,24.7478
0,500,real_0242,real_0242,834.684,0,0,25.9236
0,500,real_0243,real_0243,105.32,0,0,26.2871
0,500,real_0244,real_0244,102.894,0,0,26.4677
0,500,real_0245,real_0245,66.975,0,0,20.3552
0,500,real_0246,real_0246,929594,0,0,22.7275
0,500,real_0247,real_0247,110.735,0,0,26.1204
0,500,real_0248,real_0248,243.288,0,0,21.7224
0,500,real_0249,real_0249,78.174,0,0,29.191
0,500,real_0250,real_0250,94.0262,0,0,25.5156
0,500,real_0251,real_0251,309.558,0,0,23.9987
0,500,real_0252,real_0252,1.41958e+06,0,0,22.3553
0,500,real_0253,real_0253,74.969,0,0,21.9803
0,500,real_0254,real_0254,413.682,0,0,23.9541
0,500,real_0255,real_0255,107.549,0,0,20.6136
0,500,real_0256,real_0256,1.23005e+06,0,0,19.8344
0,500,real_0257,real_0257,83.4103,0,0,19.7763
0,500,real_0258,real_0258,992286,0,0,33.1509
0,500,real_0259,real_0259,98.2519,0,0,20.4446
0,500,real_0260,real_0260,103.698,0,0,24.702
0,500,real_0261,real_0261,1.41958e+06,0,0,19.7021
0,500,real_0262,real_0262,1.41958e+06,0,0,19.7323
0,500,real_0263,real_0263,149.479,0,0,25.9573
0,500,real_0264,real_0264,204664,0,0,18.8449
0,500,real_0265,real_0265,1.37998e+06,0,0,26.2511
0,500,real_0266,real_0266,81.7527,0,0,20.8061
0,500,real_0267,real_0267,138.729,0,0,25.6807
0,500,real_0268,real_0268,1.41958e+06,0,0,22.6368
0,500,real_0269,real_0269,180846,0,0,19.036
0,500,real_0270,real_0270,654868,0,0,20.402
0,500,real_0271,real_0271,1.41958e+06,0,0,21.983
0,500,real_0272,real_0272,118.41,0,0,21.0087
0,500,real_0273,real_0273,1.41958e+06,0,0,29.0141
0,500,real_0274,real_0274,621.489,0,0,25.7524
0,500,real_0275,real_0275,72.3669,0,0,20.8485
0,500,real_0276,real_0276,1.22135e+06,0,0,20.6661
0,500,real_0277,real_0277,107.078,0,0,26.8402
0,500,real_0278,real_0278,196.463,0,0,24.6282
0,500,real_0279,real_0279,134.089,0,0,29.5158
0,500,real_0280,real_0280,111.705,0,0,25.0437
0,500,real_0281,real_0281,49.3919,0,0,20.6424
0,500,real_0282,real_0282,120.046,0,0,20.0945
0,500,real_0283,real_0283,113.697,0,0,23.2648
0,500,real_0284,real_0284,49.2737,0,0,23.4531
0,500,real_0285,real_0285,929609,0,0,22.8457
0,500,real_0286,real_0286,1.41958e+06,0,0,22.4445
0,500,real_0287,real_0287,61.5163,0,0,23.5673
0,500,real_0288,real_0288,646813,0,0,19.5733
0,500,real_0289,real_0289,87.3787,0,0,26.302
0,500,real_0290,real_0290,482.39,0,0,21.5155
0,500,real_0291,real_0291,1.00003e+06,0,0,29.8086
0,500,real_0292,real_0292,574652,0,0,18.87
0,500,real_0293,real_0293,1.41958e+06,0,0,21.7284
0,500,real_0294,real_0294,1.41958e+06,0,0,20.5021
0,500,real_0295,real_0295,84.4564,0,0,24.4059
0,500,real_0296,real_0296,881299,0,0,28.9232
0,500,real_0297,real_0297,1.41958e+06,0,0,21.1436
0,500,real_0298,real_0298,1.41958e+06,0,0,20.9658
0,500,real_0299,real_0299,96.5208,0,0,22.0168
0,500,real_0300,real_0300,122.666,0,0,27.5757
0,500,real_0301,real_0301,1.02429e+06,0,0,21.9495
0,500,real_0302,real_0302,109.363,0,0,24.3241
0,500,real_0303,real_0303,76.381,0,0,20.8287
0,500,real_0304,real_0304,566480,0,0,22.7943
0,500,real_0305,real_0305,158.863,0,0,24.6494
0,500,real_0306,real_0306,1.41958e+06,0,0,18.7845
0,500,real_0307,real_0307,174.298,0,0,21.8636
0,500,real_0308,real_0308,756591,0,0,20.4653
0,500,real_0309,real_0309,141.002,0,0,22.0651
0,500,real_0310,real_0310,170.138,0,0,28.4224
0,500,real_0311,real_0311,192.813,0,0,19.628
0,500,real_0312,real_0312,80.4259,0,0,20.3652
0,500,real_0313,real_0313,130.881,0,0,24.8904
0,500,real_0314,real_0314,111.838,0,0,23.9629
0,500,real_0315,real_0315,118.901,0,0,24.9715
0,500,real_0316,real_0316,140.759,0,0,22.6407
0,500,real_0317,real_0317,1.4039e+06,0,0,22.3336
0,500,real_0318,real_0318,123.355,0,0,20.2202
0,500,real_0319,real_0319,307.477,0,0,22.9382
0,500,real_0320,real_0320,1.3403e+06,0,0,20.1476
0,500,real_0321,real_0321,1.41958e+06,0,0,23.0528
0,500,real_0322,real_0322,1.41958e+06,0,0,20.6686
0,500,real_0323,real_0323,122.976,0,0,26.4257
0,500,real_0324,real_0324,106.612,0,0,19.9495
0,500,real_0325,real_0325,61.7891,0,0,20.9487
0,500,real_0326,real_0326,104.493,0,0,22.1667
0,500,real_0327,real_0327,88.3738,0,0,21.1771
0,500,real_0328,real_0328,1.41958e+06,0,0,22.7931
0,500,real_0329,real_0329,166.617,0,0,27.3956
0,500,real_0330,real_0330,160.696,0,0,32.5782
0,500,real_0331,real_0331,193.747,0,0,22.8915
0,500,real_0332,real_0332,149.161,0,0,28.7725
0,500,real_0333,real_0333,64.6144,0,0,27.4088
0,500,real_0334,real_0334,88.8683,0,0,24.9499
0,500,real_0335,real_0335,1.41958e+06,0,0,20.9382
0,500,real_0336,real_0336,194.933,0,0,25.2944
0,500,real_0337,real_0337,984551,0,0,35.2406
0,500,real_0338,real_0338,162.588,0,0,28.3678
0,500,real_0339,real_0339,139.476,0,0,29.687
0,500,real_0340,real_0340,1.41958e+06,0,0,21.7617
0,500,real_0341,real_0341,71.0816,0,0,21.7582
0,500,real_0342,real_0342,215.757,0,0,20.7442
0,500,real_0343,real_0343,929542,0,0,19.6281
0,500,real_0344,real_0344,106.646,0,0,29.6217
0,500,real_0345,real_0345,150.442,0,0,31.6905
0,500,real_0346,real_0346,1.41958e+06,0,0,22.6816
0,500,real_0347,real_0347,102.161,0,0,22.0448
0,500,real_0348,real_0348,55.6998,0,0,21.4572
0,500,real_0349,real_0349,153.946,0,0,19.1279
0,500,real_0350,real_0350,203.575,0,0,22.5755
0,500,real_0351,real_0351,1.17412e+06,0,0,31.9592
0,500,real_0352,real_0352,395.474,0,0,25.5616
0,500,real_0353,real_0353,97.6616,0,0,19.1847
0,500,real_0354,real_0354,134.683,0,0,22.5525
0,500,real_0355,real_0355,574652,0,0,19.9348
0,500,real_0356,real_0356,164.789,0,0,22.5675
0,500,real_0357,real_0357,72.4426,0,0,21.4996
0,500,real_0358,real_0358,100.421,0,0,24.264
0,500,real_0359,real_0359,188.008,0,0,22.3663
0,500,real_0360,real_0360,1.37208e+06,0,0,33.5051
0,500,real_0361,real_0361,984580,0,0,41.9253
0,500,real_0362,real_0362,1.3403e+06,0,0,20.5454
0,500,real_0363,real_0363,180.666,0,0,23.251
0,500,real_0364,real_0364,43.2718,0,0,20.5162
0,500,real_0365,real_0365,108.003,0,0,25.3202
0,500,real_0366,real_0366,163.239,0,0,21.1209
0,500,real_0367,real_0367,129.691,0,0,29.7549
0,500,real_0368,real_0368,65.0882,0,0,25.9099
0,500,real_0369,real_0369,1.13507e+06,0,0,20.6097
0,500,real_0370,real_0370,1.41958e+06,0,0,22.0187
0,500,real_0371,real_0371,67.1057,0,0,21.4283
0,500,real_0372,real_0372,1.41958e+06,0,0,20.8354
0,500,real_0373,real_0373,1.41958e+06,0,0,21.4983
0,500,real_0374,real_0374,90.9379,0,0,30.0292
0,500,real_0375,real_0375,101.024,0,0,21.6482
0,500,real_0376,real_0376,170.734,0,0,22.2626
0,500,real_0377,real_0377,103.777,0,0,21.931
0,500,real_0378,real_0378,1.22134e+06,0,0,19.6717
0,500,real_0379,real_0379,57.2339,0,0,23.8397
0,500,real_0380,real_0380,112.933,0,0,30.3528
0,500,real_0381,real_0381,1.41958e+06,0,0,23.8591
0,500,real_0382,real_0382,1e+06,0,0,24.1593
0,500,real_0383,real_0383,89.3416,0,0,23.2524
0,500,real_0384,real_0384,49.4047,0,0,27.862
0,500,real_0385,real_0385,1.0243e+06,0,0,20.8869
0,500,real_0386,real_0386,49.9574,0,0,25.2497
0,500,real_0387,real_0387,361966,0,0,19.8468
0,500,real_0388,real_0388,66.2993,0,0,23.6134
0,500,real_0389,real_0389,1.41958e+06,0,0,20.201
0,500,real_0390,real_0390,191.483,0,0,26.3779
0,500,real_0391,real_0391,1.41958e+06,0,0,20.4339
0,500,real_0392,real_0392,127.261,0,0,20.7857
0,500,real_0393,real_0393,164.979,0,0,23.775
0,500,real_0394,real_0394,929554,0,0,21.2824
0,500,real_0395,real_0395,120.446,0,0,21.216
0,500,real_0396,real_0396,1.41958e+06,0,0,22.1128
0,500,real_0397,real_0397,1057.08,0,0,22.1916
0,500,real_0398,real_0398,1.41958e+06,0,0,21.8159
0,500,real_0399,real_0399,102.827,0,0,21.8201
0,500,real_0400,real_0400,1.41958e+06,0,0,23.1177
0,500,real_0401,real_0401,328.62,0,0,22.5094
0,500,real_0402,real_0402,1.41958e+06,0,0,20.6194
0,500,real_0403,real_0403,75.5077,0,0,27.9609
0,500,real_0404,real_0404,83.2202,0,0,25.1925
0,500,real_0405,real_0405,1.41958e+06,0,0,22.0323
0,500,real_0406,real_0406,113.901,0,0,22.872
0,500,real_0407,real_0407,1.41958e+06,0,0,20.8816
0,500,real_0408,real_0408,1.41958e+06,0,0,20.1002
0,500,real_0409,real_0409,1.22134e+06,0,0,19.2556
0,500,real_0410,real_0410,74.4464,0,0,21.5678
0,500,real_0411,real_0411,112.621,0,0,22.5123
0,500,real_0412,real_0412,1.41958e+06,0,0,20.922
0,500,real_0413,real_0413,130.706,0,0,23.0641
0,500,real_0414,real_0414,1.41958e+06,0,0,24.8798
0,500,real_0415,real_0415,992280,0,0,33.0905
0,500,real_0416,real_0416,141.026,0,0,28.0448
0,500,real_0417,real_0417,1.41958e+06,0,0,22.2516
0,500,real_0418,real_0418,558201,0,0,20.9623
0,500,real_0419,real_0419,1.41958e+06,0,0,22.7327
0,500,real_0420,real_0420,116.194,0,0,19.6379
0,500,real_0421,real_0421,1.41958e+06,0,0,22.6111
0,500,real_0422,real_0422,1.23005e+06,0,0,19.3608
0,500,real_0423,real_0423,87.4097,0,0,20.9513
0,500,real_0424,real_0424,128.695,0,0,22.6773
0,500,real_0425,real_0425,107.726,0,0,22.6826
0,500,real_0426,real_0426,95.3342,0,0,21.3781
0,500,real_0427,real_0427,1.41958e+06,0,0,22.2017
0,500,real_0428,real_0428,197.792,0,0,19.1821
0,500,real_0429,real_0429,654832,0,0,19.0445
0,500,real_0430,real_0430,107.399,0,0,22.2027
0,500,real_0431,real_0431,1.22135e+06,0,0,19.0395
0,500,real_0432,real_0432,131.505,0,0,24.3699
0,500,real_0433,real_0433,103.417,0,0,23.6771
0,500,real_0434,real_0434,113.249,0,0,19.9588
0,500,real_0435,real_0435,1.41958e+06,0,0,20.6628
0,500,real_0436,real_0436,55.741,0,0,19.436
0,500,real_0437,real_0437,204690,0,0,21.4672
0,500,real_0438,real_0438,1.41958e+06,0,0,20.949
0,500,real_0439,real_0439,2519.02,0,0,25.0354
0,500,real_0440,real_0440,82.7578,0,0,21.619
0,500,real_0441,real_0441,989.564,0,0,22.4747
0,500,real_0442,real_0442,213.199,0,0,23.3804
0,500,real_0443,real_0443,638784,0,0,21.0023
0,500,real_0444,real_0444,173264,0,0,21.1953
0,500,real_0445,real_0445,67.4421,0,0,19.259
0,500,real_0446,real_0446,1.41958e+06,0,0,21.2944
0,500,real_0447,real_0447,1.14296e+06,0,0,23.2214
0,500,real_0448,real_0448,360.93,0,0,23.854
0,500,real_0449,real_0449,654848,0,0,24.1306
0,500,real_0450,real_0450,79.6051,0,0,26.8917
0,500,real_0451,real_0451,1.41958e+06,0,0,19.3909
0,500,real_0452,real_0452,248.651,0,0,23.0952
0,500,real_0453,real_0453,929549,0,0,21.5343
0,500,real_0454,real_0454,1.23008e+06,0,0,20.0013
0,500,real_0455,real_0455,1.22134e+06,0,0,18.7676
0,500,real_0456,real_0456,182.139,0,0,19.6763
0,500,real_0457,real_0457,638544,0,0,21.9492
0,500,real_0458,real_0458,58.4635,0,0,24.2535
0,500,real_0459,real_0459,1.41958e+06,0,0,22.2229
0,500,real_0460,real_0460,92.8926,0,0,24.1278
0,500,real_0461,real_0461,518962,0,0,24.6902
0,500,real_0462,real_0462,92.0948,0,0,22.0899
0,500,real_0463,real_0463,1.41958e+06,0,0,26.1105
0,500,real_0464,real_0464,114.691,0,0,21.5937
0,500,real_0465,real_0465,511251,0,0,26.8487
0,500,real_0466,real_0466,97.5821,0,0,26.4277
0,500,real_0467,real_0467,1.41958e+06,0,0,18.6944
0,500,real_0468,real_0468,154.071,0,0,19.2022
0,500,real_0469,real_0469,1.41958e+06,0,0,19.6252
0,500,real_0470,real_0470,149.132,0,0,23.2317
0,500,real_0471,real_0471,222.712,0,0,20.6213
0,500,real_0472,real_0472,328.721,0,0,21.7469
0,500,real_0473,real_0473,598302,0,0,19.605
0,500,real_0474,real_0474,654856,0,0,20.0989
0,500,real_0475,real_0475,1.14294e+06,0,0,21.139
0,500,real_0476,real_0476,1.13508e+06,0,0,21.7426
0,500,real_0477,real_0477,103.497,0,0,20.423
0,500,real_0478,real_0478,53.1664,0,0,23.7576
0,500,real_0479,real_0479,55.668,0,0,22.4668
0,500,real_0480,real_0480,407.874,0,0,24.2946
0,500,real_0481,real_0481,51.6629,0,0,19.0998
0,500,real_0482,real_0482,1.31623e+06,0,0,22.1752
0,500,real_0483,real_0483,227892,0,0,19.929
0,500,real_0484,real_0484,646851,0,0,18.8264
0,500,real_0485,real_0485,104.603,0,0,21.5555
0,500,real_0486,real_0486,300.855,0,0,23.5725
0,500,real_0487,real_0487,198.189,0,0,22.9273
0,500,real_0488,real_0488,70.3865,0,0,27.4301
0,500,real_0489,real_0489,1.41958e+06,0,0,20.4256
0,500,real_0490,real_0490,1.32438e+06,0,0,22.0839
0,500,real_0491,real_0491,1.41958e+06,0,0,22.9237
0,500,real_0492,real_0492,1.23009e+06,0,0,20.9515
0,500,real_0493,real_0493,241.581,0,0,23.4141
0,500,real_0494,real_0494,56.7547,0,0,24.7866
0,500,real_0495,real_0495,122.679,0,0,25.2974
0,500,real_0496,real_0496,144.452,0,0,22.1855
0,500,real_0497,real_0497,107.803,0,0,20.5722
0,500,real_0498,real_0498,54.0499,0,0,26.7117
0,500,base,base,48.5233,0,0,20.6339
