name,value,group,weight
flow_200301_sim,121.93,flow_cal,0.008765
flow_200302_sim,87.92,flow_cal,0.008765
flow_200303_sim,272.46,flow_cal,0.008765
flow_200304_sim,103.87,flow_cal,0.008765
flow_200305_sim,185.53,flow_cal,0.008765
flow_200306_sim,145.52,flow_cal,0.008765
flow_200307_sim,286,flow_cal,0.008765
flow_200308_sim,105.71,flow_cal,0.008765
flow_200309_sim,194.28,flow_cal,0.008765
flow_200310_sim,95.14,flow_cal,0.008765
flow_200311_sim,160.9,flow_cal,0.008765
flow_200312_sim,198.61,flow_cal,0.008765
flow_200401_sim,306.95,flow_cal,0.008765
flow_200402_sim,158.69,flow_cal,0.008765
flow_200403_sim,126.75,flow_cal,0.008765
flow_200404_sim,106.24,flow_cal,0.008765
flow_200405_sim,191.34,flow_cal,0.008765
flow_200406_sim,229.99,flow_cal,0.008765
flow_200407_sim,60.68,flow_cal,0.008765
flow_200408_sim,36.56,flow_cal,0.008765
flow_200409_sim,19.75,flow_cal,0.008765
flow_200410_sim,23.83,flow_cal,0.008765
flow_200411_sim,55.84,flow_cal,0.008765
flow_200412_sim,74.59,flow_cal,0.008765
flow_200501_sim,662.9,flow_cal,0.008765
flow_200502_sim,194.62,flow_cal,0.008765
flow_200503_sim,135.01,flow_cal,0.008765
flow_200504_sim,187.51,flow_cal,0.008765
flow_200505_sim,115.45,flow_cal,0.008765
flow_200506_sim,56.1,flow_cal,0.008765
flow_200507_sim,51.23,flow_cal,0.008765
flow_200508_sim,23.22,flow_cal,0.008765
flow_200509_sim,65.07,flow_cal,0.008765
flow_200510_sim,65.04,flow_cal,0.008765
flow_200511_sim,125.67,flow_cal,0.008765
flow_200512_sim,134.82,flow_cal,0.008765
flow_200601_sim,160.22,flow_cal,0.008765
flow_200602_sim,148.32,flow_cal,0.008765
flow_200603_sim,190.06,flow_cal,0.008765
flow_200604_sim,133.26,flow_cal,0.008765
flow_200605_sim,121.93,flow_cal,0.008765
flow_200606_sim,154.33,flow_cal,0.008765
flow_200607_sim,79.97,flow_cal,0.008765
flow_200608_sim,40.72,flow_cal,0.008765
flow_200609_sim,51.48,flow_cal,0.008765
flow_200610_sim,168.2,flow_cal,0.008765
flow_200611_sim,110.92,flow_cal,0.008765
flow_200612_sim,254,flow_cal,0.008765
flow_200701_sim,361.04,flow_cal,0.008765
flow_200702_sim,120.43,flow_cal,0.008765
flow_200703_sim,511.4,flow_cal,0.008765
flow_200704_sim,197.31,flow_cal,0.008765
flow_200705_sim,72.15,flow_cal,0.008765
flow_200706_sim,41.82,flow_cal,0.008765
flow_200707_sim,31.38,flow_cal,0.008765
flow_200708_sim,26.99,flow_cal,0.008765
flow_200709_sim,23.87,flow_cal,0.008765
flow_200710_sim,25.61,flow_cal,0.008765
flow_200711_sim,44.77,flow_cal,0.008765
flow_200712_sim,216.4,flow_cal,0.008765
flow_200801_sim,190.26,flow_cal,0.008765
flow_200802_sim,286,flow_cal,0.008765
flow_200803_sim,588.99,flow_cal,0.008765
flow_200804_sim,185.45,flow_cal,0.008765
flow_200805_sim,189.69,flow_cal,0.008765
flow_200806_sim,269.43,flow_cal,0.008765
flow_200807_sim,107.18,flow_cal,0.008765
flow_200808_sim,31.04,flow_cal,0.008765
flow_200809_sim,22.35,flow_cal,0.008765
flow_200810_sim,19.46,flow_cal,0.008765
flow_200811_sim,19.65,flow_cal,0.008765
flow_200812_sim,98.49,flow_cal,0.008765
flow_200901_sim,45,flow_cal,0.008765
flow_200902_sim,197.85,flow_cal,0.008765
flow_200903_sim,63,flow_cal,0.008765
flow_200904_sim,149.23,flow_cal,0.008765
flow_200905_sim,173.36,flow_cal,0.008765
flow_200906_sim,76.17,flow_cal,0.008765
flow_200907_sim,45.51,flow_cal,0.008765
flow_200908_sim,38.48,flow_cal,0.008765
flow_200909_sim,25.62,flow_cal,0.008765
flow_200910_sim,51.06,flow_cal,0.008765
flow_200911_sim,41.4,flow_cal,0.008765
flow_200912_sim,106.92,flow_cal,0.008765
flow_201001_sim,107.32,flow_cal,0.008765
flow_201002_sim,69.46,flow_cal,0.008765
flow_201003_sim,345.75,flow_cal,0.008765
flow_201004_sim,111.71,flow_cal,0.008765
flow_201005_sim,136.06,flow_cal,0.008765
flow_201006_sim,198.7,flow_cal,0.008765
flow_201007_sim,56.07,flow_cal,0.008765
flow_201008_sim,26.37,flow_cal,0.008765
flow_201009_sim,14.85,flow_cal,0.008765
flow_201010_sim,15.24,flow_cal,0.008765
flow_201011_sim,32.45,flow_cal,0.008765
flow_201012_sim,50.23,flow_cal,0.008765
flow_201101_sim,51.82,flow_cal,0.008765
flow_201102_sim,217.33,flow_cal,0.008765
flow_201103_sim,433.81,flow_cal,0.008765
flow_201104_sim,532.92,flow_cal,0.008765
flow_201105_sim,430.13,flow_cal,0.008765
flow_201106_sim,121.2,flow_cal,0.008765
flow_201107_sim,45,flow_cal,0.008765
flow_201108_sim,28.21,flow_cal,0.008765
flow_201109_sim,62.98,flow_cal,0.008765
flow_201110_sim,94.1,flow_cal,0.008765
flow_201111_sim,221.61,flow_cal,0.008765
flow_201112_sim,460.43,flow_cal,0.008765
flow_201201_sim,306.67,flow_cal,0.008765
flow_201202_sim,120.26,flow_cal,0.008765
flow_201203_sim,123.74,flow_cal,0.008765
flow_201204_sim,60.54,flow_cal,0.008765
flow_201205_sim,116.47,flow_cal,0.008765
flow_201206_sim,37.97,flow_cal,0.008765
flow_201207_sim,23.85,flow_cal,0.008765
flow_201208_sim,20.24,flow_cal,0.008765
flow_201209_sim,28.77,flow_cal,0.008765
flow_201210_sim,39.39,flow_cal,0.008765
flow_201211_sim,35.28,flow_cal,0.008765
flow_201212_sim,76.23,flow_cal,0.008765
flow_201301_sim,210.39,flow_cal,0.008765
flow_201302_sim,109.47,flow_cal,0.008765
flow_201303_sim,226.11,flow_cal,0.008765
flow_201304_sim,238.77,flow_cal,0.008765
flow_201305_sim,92.85,flow_cal,0.008765
flow_201306_sim,76.06,flow_cal,0.008765
flow_201307_sim,113.24,flow_cal,0.008765
flow_201308_sim,33.24,flow_cal,0.008765
flow_201309_sim,25.84,flow_cal,0.008765
flow_201310_sim,57.31,flow_cal,0.008765
flow_201311_sim,83.53,flow_cal,0.008765
flow_201312_sim,293.93,flow_cal,0.008765
flow_201401_sim,158.66,flow_cal,0.008765
flow_201402_sim,219.4,flow_cal,0.008765
flow_201403_sim,133.29,flow_cal,0.008765
flow_201404_sim,312.9,flow_cal,0.008765
flow_201405_sim,184.85,flow_cal,0.008765
flow_201406_sim,176.39,flow_cal,0.008765
flow_201407_sim,57.43,flow_cal,0.008765
flow_201408_sim,38.79,flow_cal,0.008765
flow_201409_sim,28.57,flow_cal,0.008765
flow_201410_sim,23.25,flow_cal,0.008765
flow_201411_sim,29.05,flow_cal,0.008765
flow_201412_sim,63.46,flow_cal,0.008765
flow_201501_sim,113.13,flow_cal,0.008765
flow_201502_sim,69.83,flow_cal,0.008765
flow_201503_sim,245.05,flow_cal,0.008765
flow_201504_sim,254.11,flow_cal,0.008765
flow_201505_sim,69.83,flow_cal,0.008765
flow_201506_sim,276.6,flow_cal,0.008765
flow_201507_sim,249.75,flow_cal,0.008765
flow_201508_sim,57.48,flow_cal,0.008765
flow_201509_sim,27.89,flow_cal,0.008765
flow_201510_sim,35.31,flow_cal,0.008765
flow_201511_sim,49.1,flow_cal,0.008765
flow_201512_sim,213.45,flow_cal,0.008765
flow_201601_sim,162.57,flow_cal,0.008765
flow_201602_sim,188.9,flow_cal,0.008765
flow_201603_sim,252.64,flow_cal,0.008765
flow_201604_sim,151.47,flow_cal,0.008765
flow_201605_sim,87.39,flow_cal,0.008765
flow_201606_sim,48.17,flow_cal,0.008765
flow_201607_sim,31.01,flow_cal,0.008765
flow_201608_sim,37.21,flow_cal,0.008765
flow_201609_sim,34.15,flow_cal,0.008765
flow_201610_sim,37.01,flow_cal,0.008765
flow_201611_sim,22.53,flow_cal,0.008765
flow_201612_sim,68.72,flow_cal,0.008765
flow_201701_sim,199.97,flow_cal,0.008765
flow_201702_sim,94.29,flow_cal,0.008765
flow_201703_sim,195.27,flow_cal,0.008765
flow_201704_sim,146.94,flow_cal,0.008765
flow_201705_sim,312.62,flow_cal,0.008765
flow_201706_sim,138.98,flow_cal,0.008765
flow_201707_sim,210.59,flow_cal,0.008765
flow_201708_sim,40.72,flow_cal,0.008765
flow_201709_sim,31.77,flow_cal,0.008765
flow_201710_sim,39.59,flow_cal,0.008765
flow_201711_sim,242.82,flow_cal,0.008765
flow_201712_sim,61.48,flow_cal,0.008765
flow_201801_sim,169.11,flow_val,0
flow_201802_sim,366.7,flow_val,0
flow_201803_sim,234.55,flow_val,0
flow_201804_sim,373.78,flow_val,0
flow_201805_sim,83.82,flow_val,0
flow_201806_sim,106.05,flow_val,0
flow_201807_sim,47.88,flow_val,0
flow_201808_sim,50.32,flow_val,0
flow_201809_sim,154.35,flow_val,0
flow_201810_sim,44.57,flow_val,0
flow_201811_sim,286.85,flow_val,0
flow_201812_sim,230.24,flow_val,0
flow_201901_sim,304.12,flow_val,0
flow_201902_sim,496.96,flow_val,0
flow_201903_sim,221.41,flow_val,0
flow_201904_sim,305.82,flow_val,0
flow_201905_sim,290.53,flow_val,0
flow_201906_sim,296.76,flow_val,0
flow_201907_sim,81.41,flow_val,0
flow_201908_sim,39.36,flow_val,0
flow_201909_sim,23.72,flow_val,0
flow_201910_sim,23.28,flow_val,0
flow_201911_sim,29.85,flow_val,0
flow_201912_sim,54.57,flow_val,0
flow_202001_sim,225.18,flow_val,0
flow_202002_sim,181.57,flow_val,0
flow_202003_sim,331.31,flow_val,0
flow_202004_sim,143.31,flow_val,0
flow_202005_sim,233.36,flow_val,0
flow_202006_sim,70.42,flow_val,0
flow_202007_sim,37.94,flow_val,0
flow_202008_sim,35.74,flow_val,0
flow_202009_sim,32.54,flow_val,0
flow_202010_sim,49.64,flow_val,0
flow_202011_sim,85.69,flow_val,0
flow_202012_sim,67.54,flow_val,0
flow_202101_sim,109.7,flow_val,0
flow_202102_sim,113.89,flow_val,0
flow_202103_sim,249.73,flow_val,0
flow_202104_sim,74.36,flow_val,0
flow_202105_sim,158.89,flow_val,0
flow_202106_sim,142.58,flow_val,0
flow_202107_sim,116.44,flow_val,0
flow_202108_sim,34.89,flow_val,0
flow_202109_sim,48.45,flow_val,0
flow_202110_sim,81.52,flow_val,0
flow_202111_sim,70.91,flow_val,0
flow_202112_sim,205.72,flow_val,0
flow_202201_sim,177.91,flow_val,0
flow_202202_sim,371.52,flow_val,0
flow_202203_sim,281.41,flow_val,0
flow_202204_sim,155.86,flow_val,0
flow_202205_sim,230.33,flow_val,0
flow_202206_sim,140.05,flow_val,0
flow_202207_sim,86.48,flow_val,0
flow_202208_sim,35.4,flow_val,0
flow_202209_sim,45.08,flow_val,0
flow_202210_sim,21.11,flow_val,0
flow_202211_sim,23.11,flow_val,0
flow_202212_sim,22.82,flow_val,0
flow_202301_sim,88.69,flow_val,0
flow_202302_sim,74.08,flow_val,0
flow_202303_sim,322.53,flow_val,0
flow_202304_sim,150.22,flow_val,0
flow_202305_sim,115.62,flow_val,0
flow_202306_sim,66.18,flow_val,0
flow_202307_sim,57.2,flow_val,0
flow_202308_sim,37.94,flow_val,0
flow_202309_sim,18.49,flow_val,0
flow_202310_sim,18.99,flow_val,0
flow_202311_sim,20.93,flow_val,0
flow_202312_sim,21.73,flow_val,0
head_w001_sim,283.595,head_cal,0.0488
head_w002_sim,328.452,head_cal,0.0488
head_w003_sim,302.209,head_cal,0.0488
head_w004_sim,302.179,head_cal,0.0488
head_w005_sim,156.935,head_cal,0.0488
head_w006_sim,158.072,head_cal,0.0488
head_w007_sim,159.862,head_cal,0.0488
head_w008_sim,159.182,head_cal,0.0488
head_w009_sim,162.888,head_cal,0.0488
head_w010_sim,165.147,head_cal,0.0488
head_w011_sim,164.568,head_cal,0.0488
head_w012_sim,165.729,head_cal,0.0488
head_w013_sim,170.536,head_cal,0.0488
head_w014_sim,171.974,head_cal,0.0488
head_w015_sim,174.291,head_cal,0.0488
head_w016_sim,181.447,head_cal,0.0488
head_w017_sim,185.834,head_cal,0.0488
head_w018_sim,183.944,head_cal,0.0488
head_w019_sim,184.611,head_cal,0.0488
head_w020_sim,186.736,head_cal,0.0488
head_w021_sim,187.574,head_cal,0.0488
head_w022_sim,187.751,head_cal,0.0488
head_w023_sim,188.01,head_cal,0.0488
head_w024_sim,188.501,head_cal,0.0488
head_w025_sim,188.016,head_cal,0.0488
head_w026_sim,190.89,head_cal,0.0488
head_w027_sim,197.596,head_cal,0.0488
head_w028_sim,197.776,head_cal,0.0488
head_w029_sim,197.388,head_cal,0.0488
head_w030_sim,199.489,head_cal,0.0488
head_w031_sim,201.86,head_cal,0.0488
head_w032_sim,201.97,head_cal,0.0488
head_w033_sim,201.061,head_cal,0.0488
head_w034_sim,201.32,head_cal,0.0488
head_w035_sim,204.649,head_cal,0.0488
head_w036_sim,207.035,head_cal,0.0488
head_w037_sim,268.666,head_cal,0.0488
head_w038_sim,212.513,head_cal,0.0488
head_w039_sim,248.884,head_cal,0.0488
head_w040_sim,267.846,head_cal,0.0488
head_w041_sim,278.843,head_cal,0.0488
head_w042_sim,279.563,head_cal,0.0488
head_w043_sim,280.739,head_cal,0.0488
head_w044_sim,329.129,head_cal,0.0488
head_w045_sim,327.053,head_cal,0.0488
head_w046_sim,212.568,head_cal,0.0488
head_w047_sim,207.599,head_cal,0.0488
head_w048_sim,211.074,head_cal,0.0488
head_w049_sim,216.46,head_cal,0.0488
head_w050_sim,216.938,head_cal,0.0488
head_w051_sim,216.883,head_cal,0.0488
head_w052_sim,222.217,head_cal,0.0488
head_w053_sim,223.47,head_cal,0.0488
head_w054_sim,225.531,head_cal,0.0488
head_w055_sim,223.452,head_cal,0.0488
head_w056_sim,296.406,head_cal,0.0488
head_w057_sim,310.323,head_cal,0.0488
head_w058_sim,253.231,head_cal,0.0488
head_w059_sim,263.195,head_cal,0.0488
head_w060_sim,256.629,head_cal,0.0488
head_w061_sim,254.929,head_cal,0.0488
head_w062_sim,312.807,head_cal,0.0488
head_w063_sim,282.519,head_cal,0.0488
head_w064_sim,265.222,head_cal,0.0488
head_w065_sim,249.034,head_cal,0.0488
head_w066_sim,241.341,head_cal,0.0488
head_w067_sim,267.752,head_cal,0.0488
head_w068_sim,266.956,head_cal,0.0488
head_w069_sim,275.207,head_cal,0.0488
head_w070_sim,263.32,head_cal,0.0488
head_w071_sim,307.046,head_cal,0.0488
head_w072_sim,307.86,head_cal,0.0488
head_w073_sim,251.658,head_cal,0.0488
head_w074_sim,274.719,head_cal,0.0488
head_w075_sim,277.755,head_cal,0.0488
head_w076_sim,276.036,head_cal,0.0488
head_w077_sim,270.528,head_cal,0.0488
head_w078_sim,269.483,head_cal,0.0488
head_w079_sim,276.338,head_cal,0.0488
head_w080_sim,269.757,head_cal,0.0488
head_w081_sim,271.077,head_cal,0.0488
head_w082_sim,289.871,head_cal,0.0488
head_w083_sim,186.852,head_cal,0.0488
head_w084_sim,187.803,head_cal,0.0488
head_w085_sim,201.278,head_cal,0.0488
head_w086_sim,204.884,head_cal,0.0488
head_w087_sim,216.64,head_cal,0.0488
head_w088_sim,262.758,head_cal,0.0488
head_w089_sim,344.575,head_cal,0.0488
head_w090_sim,302.784,head_cal,0.0488
head_w091_sim,304.424,head_cal,0.0488
head_w092_sim,310.386,head_cal,0.0488
head_w093_sim,332.895,head_cal,0.0488
head_w094_sim,332.124,head_cal,0.0488
head_w095_sim,283.704,head_cal,0.0488
head_w096_sim,265.24,head_cal,0.0488
head_w097_sim,227.217,head_cal,0.0488
head_w098_sim,244.289,head_cal,0.0488
head_w099_sim,250.46,head_cal,0.0488
head_w100_sim,219.509,head_cal,0.0488
head_w101_sim,281.305,head_cal,0.0488
head_w102_sim,285.738,head_cal,0.0488
head_w103_sim,273.346,head_cal,0.0488
head_w104_sim,274.224,head_cal,0.0488
