Omitted observation,Variance increase (%)
Streamflow observations (180 monthly),44.1
"Well w062  (row 97, col 113, obs=312.8 m)",36.199
"Well w067  (row 96, col 60, obs=267.8 m)",10.028
"Well w004  (row 52, col 73, obs=302.2 m)",9.974
"Well w076  (row 73, col 67, obs=276.0 m)",8.813
"Well w075  (row 76, col 69, obs=277.8 m)",8.306
"Well w012  (row 174, col 35, obs=165.7 m)",8.176
"Well w017  (row 159, col 40, obs=185.8 m)",8.001
"Well w018  (row 159, col 40, obs=183.9 m)",8.001
"Well w016  (row 160, col 39, obs=181.4 m)",7.903
"Well w015  (row 164, col 36, obs=174.3 m)",7.679
"Well w020  (row 159, col 41, obs=186.7 m)",7.616
"Well w019  (row 159, col 41, obs=184.6 m)",7.616
"Well w021  (row 159, col 41, obs=187.6 m)",7.616
"Well w003  (row 54, col 82, obs=302.2 m)",7.447
"Well w002  (row 64, col 15, obs=328.5 m)",7.426
"Well w022  (row 158, col 43, obs=187.8 m)",7.356
"Well w001  (row 49, col 50, obs=283.6 m)",7.353
"Well w006  (row 177, col 27, obs=158.1 m)",7.121
"Well w010  (row 174, col 29, obs=165.1 m)",7.103
"Well w005  (row 180, col 26, obs=156.9 m)",7.038
"Well w007  (row 176, col 28, obs=159.9 m)",7.002
"Well w013  (row 169, col 35, obs=170.5 m)",6.957
"Well w023  (row 156, col 47, obs=188.0 m)",6.928
"Well w014  (row 165, col 35, obs=172.0 m)",6.883
"Well w008  (row 176, col 30, obs=159.2 m)",6.86
"Well w009  (row 176, col 31, obs=162.9 m)",6.858
"Well w065  (row 98, col 74, obs=249.0 m)",6.845
"Well w032  (row 145, col 55, obs=202.0 m)",6.792
"Well w045  (row 121, col 23, obs=327.1 m)",6.764
"Well w037  (row 134, col 33, obs=268.7 m)",6.543
"Well w011  (row 173, col 32, obs=164.6 m)",6.512
"Well w024  (row 154, col 51, obs=188.5 m)",6.448
"Well w031  (row 146, col 55, obs=201.9 m)",6.03
"Well w035  (row 144, col 55, obs=204.6 m)",5.731
"Well w044  (row 122, col 23, obs=329.1 m)",5.707
"Well w029  (row 147, col 55, obs=197.4 m)",5.695
"Well w026  (row 151, col 50, obs=190.9 m)",5.64
"Well w025  (row 150, col 50, obs=188.0 m)",5.613
"Well w028  (row 147, col 54, obs=197.8 m)",5.602
"Well w027  (row 148, col 54, obs=197.6 m)",5.545
"Well w030  (row 147, col 57, obs=199.5 m)",5.459
"Well w040  (row 126, col 40, obs=267.8 m)",5.41
"Well w033  (row 146, col 56, obs=201.1 m)",5.133
"Well w070  (row 90, col 61, obs=263.3 m)",4.661
"Well w072  (row 78, col 107, obs=307.9 m)",4.506
"Well w041  (row 123, col 34, obs=278.8 m)",4.483
"Well w042  (row 123, col 34, obs=279.6 m)",4.483
"Well w043  (row 123, col 34, obs=280.7 m)",4.483
"Well w038  (row 133, col 63, obs=212.5 m)",4.394
"Well w039  (row 126, col 54, obs=248.9 m)",4.364
"Well w066  (row 95, col 72, obs=241.3 m)",4.192
"Well w063  (row 100, col 103, obs=282.5 m)",4.155
"Well w064  (row 99, col 84, obs=265.2 m)",4.128
"Well w034  (row 145, col 59, obs=201.3 m)",3.934
"Well w057  (row 105, col 39, obs=310.3 m)",3.819
"Well w056  (row 106, col 38, obs=296.4 m)",3.765
"Well w036  (row 138, col 59, obs=207.0 m)",3.684
"Well w080  (row 68, col 61, obs=269.8 m)",3.555
"Well w079  (row 68, col 61, obs=276.3 m)",3.555
"Well w047  (row 124, col 69, obs=207.6 m)",3.522
"Well w046  (row 124, col 69, obs=212.6 m)",3.522
"Well w083  (row 159, col 41, obs=186.9 m)",3.505
"Well w082  (row 64, col 49, obs=289.9 m)",3.478
"Well w078  (row 69, col 61, obs=269.5 m)",3.474
"Well w048  (row 123, col 68, obs=211.1 m)",3.429
"Well w060  (row 106, col 87, obs=256.6 m)",3.381
"Well w061  (row 104, col 87, obs=254.9 m)",3.374
"Well w068  (row 95, col 55, obs=267.0 m)",3.357
"Well w081  (row 67, col 61, obs=271.1 m)",3.321
"Well w084  (row 158, col 43, obs=187.8 m)",3.302
"Well w077  (row 70, col 62, obs=270.5 m)",3.302
"Well w050  (row 121, col 69, obs=216.9 m)",3.295
"Well w049  (row 121, col 69, obs=216.5 m)",3.295
"Well w051  (row 121, col 69, obs=216.9 m)",3.295
"Well w059  (row 107, col 92, obs=263.2 m)",3.239
"Well w052  (row 119, col 69, obs=222.2 m)",3.227
"Well w053  (row 116, col 71, obs=223.5 m)",3.225
"Well w054  (row 114, col 71, obs=225.5 m)",3.223
"Well w055  (row 114, col 71, obs=223.5 m)",3.223
"Well w085  (row 144, col 59, obs=201.3 m)",3.213
"Well w058  (row 107, col 84, obs=253.2 m)",3.133
"Well w069  (row 90, col 52, obs=275.2 m)",2.561
"Well w071  (row 94, col 84, obs=307.0 m)",2.308
"Well w074  (row 80, col 66, obs=274.7 m)",1.492
"Well w073  (row 84, col 66, obs=251.7 m)",1.253
