,alpha_bf,ch_k2_m,cn2_m,esco,gw_delay,gw_revap,gwqmn,hk_mult,rchrg_dp,revapmn,ss,surlag,sy
flow_200301_sim,0.0,0.0,107.18079148728089,136.57601206239744,0.0,0.0,0.0,50.000000000002665,0.0,0.0,2000000.0000001087,0.0,500.00000000002666
flow_200302_sim,0.0,0.0,321.5423744618731,0.0,0.0,0.0,0.0,50.000000000016875,0.0,0.0,0.0,0.0,500.00000000016877
flow_200303_sim,0.0,0.0,214.36158297456177,0.0,0.0,0.0,0.0,50.000000000016875,0.0,0.0,0.0,0.0,500.00000000016877
flow_200304_sim,0.0,0.0,0.0,0.0,0.0,0.0,0.0,50.000000000002665,0.0,0.0,0.0,0.0,0.0
flow_200305_sim,0.0,0.0,214.36158297456177,0.0,0.0,0.0,0.0,0.0,0.0,0.0,0.0,0.0,0.0
flow_200306_sim,0.0,0.0,107.18079148728089,136.57601206239744,0.0,0.0,0.0,0.0,0.0,0.0,0.0,0.0,0.0
flow_200307_sim,0.0,0.0,321.5423744618731,0.0,0.0,0.0,0.0,50.000000000002665,0.0,0.0,0.0,0.0,500.00000000002666
flow_200308_sim,0.0,0.0,107.18079148728089,0.0,0.0,0.0,0.0,0.0,0.0,0.0,0.0,0.0,0.0
flow_200309_sim,0.0,0.0,321.5423744618731,0.0,0.0,0.0,0.0,0.0,0.0,0.0,0.0,0.0,0.0
flow_200310_sim,0.0,0.0,107.1807914872961,0.0,0.0,0.0,0.0,0.0,0.0,0.0,0.0,0.0,0.0
flow_200311_sim,0.0,0.0,214.36158297456177,0.0,0.0,0.0,0.0,50.000000000002665,0.0,0.0,0.0,0.0,500.00000000002666
flow_200312_sim,0.0,0.0,107.18079148728089,0.0,0.0,0.0,0.0,0.0,0.0,0.0,0.0,0.0,0.0
flow_200401_sim,0.0,0.0,214.3615829745922,0.0,0.0,0.0,0.0,0.0,0.0,0.0,0.0,0.0,0.0
flow_200402_sim,0.0,0.0,214.3615829745922,136.57601206239744,0.0,0.0,0.0,0.0,0.0,0.0,0.0,0.0,0.0
flow_200403_sim,0.0,0.0,0.0,0.0,0.0,0.0,0.0,50.00000000000977,0.0,0.0,0.0,0.0,500.0000000000977
flow_200404_sim,0.0,0.0,0.0,0.0,0.0,0.0,0.0,0.0,0.0,0.0,0.0,0.0,0.0
flow_200405_sim,0.0,0.0,321.54237446184266,136.57601206239744,0.0,0.0,0.0,50.000000000002665,0.0,0.0,0.0,0.0,500.00000000002666
flow_200406_sim,0.0,0.0,214.3615829745922,0.0,0.0,0.0,0.0,0.0,0.0,0.0,0.0,0.0,0.0
flow_200407_sim,0.0,0.0,0.0,136.57601206241685,0.0,0.0,0.0,0.0,0.0,0.0,0.0,0.0,500.0000000000977
flow_200408_sim,0.0,0.0,10.71807914873418,13.657601206247508,0.0,0.0,0.0,35.00000000000755,0.0,0.0,0.0,0.0,250.00000000001333
flow_200409_sim,0.0,0.0,-10.71807914871895,27.315202412495015,0.0,0.0,0.0,30.00000000000444,0.0,0.0,0.0,0.0,200.0000000000533
flow_200410_sim,0.0,0.0,0.0,13.657601206247508,0.0,0.0,0.0,20.00000000000533,0.0,0.0,0.0,0.0,150.0000000000222
flow_200411_sim,0.0,0.0,107.1807914872961,136.57601206241685,0.0,0.0,0.0,50.00000000000977,0.0,0.0,0.0,0.0,500.0000000000977
flow_200412_sim,0.0,0.0,107.18079148728089,0.0,0.0,0.0,0.0,0.0,0.0,0.0,0.0,0.0,0.0
flow_200501_sim,0.0,0.0,535.9039574364349,0.0,0.0,0.0,0.0,0.0,0.0,0.0,0.0,0.0,0.0
flow_200502_sim,0.0,0.0,214.36158297462268,0.0,0.0,0.0,0.0,50.000000000016875,0.0,0.0,0.0,0.0,0.0
flow_200503_sim,0.0,0.0,214.3615829745922,0.0,0.0,0.0,0.0,0.0,0.0,0.0,0.0,0.0,0.0
flow_200504_sim,0.0,0.0,0.0,-136.57601206239744,0.0,0.0,0.0,0.0,0.0,0.0,0.0,0.0,0.0
flow_200505_sim,0.0,0.0,21.43615829746836,13.657601206247508,0.0,0.0,0.0,30.00000000000444,0.0,0.0,0.0,0.0,150.0000000000222
flow_200506_sim,0.0,0.0,-10.71807914871895,13.657601206247508,0.0,0.0,0.0,10.000000000006217,0.0,0.0,0.0,0.0,0.0
flow_200507_sim,0.0,0.0,10.71807914871895,27.315202412475607,0.0,0.0,0.0,30.00000000000444,0.0,0.0,0.0,0.0,199.99999999998224
flow_200508_sim,0.0,0.0,53.59039574364044,-27.315202412475607,0.0,0.0,0.0,9.999999999999112,0.0,0.0,0.0,0.0,0.0
flow_200509_sim,0.0,0.0,96.46271233856193,54.63040482495121,0.0,0.0,0.0,15.00000000000222,0.0,0.0,0.0,0.0,99.99999999999112
flow_200510_sim,0.0,0.0,85.74463318984299,54.630404824970626,0.0,0.0,0.0,10.000000000006217,0.0,0.0,0.0,0.0,250.00000000008438
flow_200511_sim,0.0,0.0,107.1807914872961,0.0,0.0,0.0,0.0,0.0,0.0,0.0,0.0,0.0,0.0
flow_200512_sim,0.0,0.0,214.3615829745922,136.57601206243626,0.0,0.0,0.0,50.000000000016875,0.0,0.0,0.0,0.0,500.00000000016877
flow_200601_sim,0.0,0.0,107.18079148728089,136.57601206239744,0.0,0.0,0.0,50.000000000002665,0.0,0.0,0.0,0.0,0.0
flow_200602_sim,0.0,0.0,107.18079148728089,0.0,0.0,0.0,0.0,0.0,0.0,0.0,0.0,0.0,0.0
flow_200603_sim,0.0,0.0,0.0,0.0,0.0,0.0,0.0,0.0,0.0,0.0,0.0,0.0,0.0
flow_200604_sim,0.0,0.0,0.0,0.0,0.0,0.0,0.0,0.0,0.0,0.0,0.0,0.0,0.0
flow_200605_sim,0.0,0.0,107.1807914872961,0.0,0.0,0.0,0.0,0.0,0.0,0.0,0.0,0.0,0.0
flow_200606_sim,0.0,0.0,128.61694978474924,40.97280361872312,0.0,0.0,0.0,30.00000000000444,0.0,0.0,400000.0000002491,0.0,200.0000000000533
flow_200607_sim,0.0,0.0,10.71807914873418,13.657601206247508,0.0,0.0,0.0,20.00000000000533,0.0,0.0,0.0,0.0,150.0000000000222
flow_200608_sim,0.0,0.0,-10.71807914873418,27.315202412475607,0.0,0.0,0.0,25.000000000001332,0.0,0.0,199999.99999984034,0.0,150.0000000000222
flow_200609_sim,0.0,0.0,21.43615829745313,27.315202412475607,0.0,0.0,0.0,20.00000000000533,0.0,0.0,0.0,0.0,99.99999999999112
flow_200610_sim,0.0,0.0,214.36158297456177,0.0,0.0,0.0,0.0,0.0,0.0,0.0,0.0,0.0,0.0
flow_200611_sim,0.0,0.0,0.0,0.0,0.0,0.0,0.0,50.00000000000977,0.0,0.0,0.0,0.0,500.0000000000977
flow_200612_sim,0.0,0.0,214.3615829745922,0.0,0.0,0.0,0.0,0.0,0.0,0.0,0.0,0.0,0.0
flow_200701_sim,0.0,0.0,428.72316594912354,0.0,0.0,0.0,0.0,0.0,0.0,0.0,0.0,0.0,0.0
flow_200702_sim,0.0,0.0,107.18079148728089,0.0,0.0,0.0,0.0,0.0,0.0,0.0,0.0,0.0,0.0
flow_200703_sim,0.0,0.0,321.5423744618731,0.0,0.0,0.0,0.0,0.0,0.0,0.0,0.0,0.0,0.0
flow_200704_sim,0.0,0.0,107.18079148728089,0.0,0.0,0.0,0.0,0.0,0.0,0.0,0.0,0.0,0.0
flow_200705_sim,0.0,0.0,-10.71807914873418,0.0,0.0,0.0,0.0,25.000000000001332,0.0,0.0,0.0,0.0,99.99999999999112
flow_200706_sim,0.0,0.0,-21.43615829746836,13.6576012062281,0.0,0.0,0.0,25.000000000001332,0.0,0.0,199999.99999984034,0.0,150.0000000000222
flow_200707_sim,0.0,0.0,-21.43615829745313,13.657601206247508,0.0,0.0,0.0,19.999999999998224,0.0,0.0,0.0,0.0,99.99999999999112
flow_200708_sim,0.0,0.0,21.436158297460747,13.657601206237803,0.0,0.0,0.0,20.000000000001776,0.0,0.0,0.0,0.0,100.00000000002665
flow_200709_sim,0.0,0.0,-10.718079148726565,13.657601206237803,0.0,0.0,0.0,0.0,0.0,0.0,0.0,0.0,100.00000000002665
flow_200710_sim,0.0,0.0,10.71807914871895,27.315202412475607,0.0,0.0,0.0,25.000000000001332,0.0,0.0,0.0,0.0,99.99999999999112
flow_200711_sim,0.0,0.0,107.1807914872961,0.0,0.0,0.0,0.0,0.0,0.0,0.0,0.0,0.0,0.0
flow_200712_sim,0.0,0.0,214.36158297456177,0.0,0.0,0.0,0.0,-50.000000000002665,0.0,0.0,0.0,0.0,0.0
flow_200801_sim,0.0,0.0,214.3615829745922,0.0,0.0,0.0,0.0,0.0,0.0,0.0,0.0,0.0,0.0
flow_200802_sim,0.0,0.0,428.7231659491844,0.0,0.0,0.0,0.0,0.0,0.0,0.0,-1999999.9999995404,0.0,0.0
flow_200803_sim,0.0,0.0,535.9039574364349,0.0,0.0,0.0,0.0,0.0,0.0,0.0,0.0,0.0,0.0
flow_200804_sim,0.0,0.0,0.0,0.0,0.0,0.0,0.0,0.0,0.0,0.0,0.0,0.0,0.0
flow_200805_sim,0.0,0.0,214.36158297457698,136.57601206239744,0.0,0.0,0.0,50.000000000002665,0.0,0.0,0.0,0.0,0.0
flow_200806_sim,0.0,0.0,535.9039574364349,136.57601206243626,0.0,0.0,0.0,50.000000000016875,0.0,0.0,0.0,0.0,500.00000000016877
flow_200807_sim,0.0,0.0,-32.15423744618731,13.657601206247508,0.0,0.0,0.0,25.000000000001332,0.0,0.0,0.0,0.0,150.0000000000222
flow_200808_sim,0.0,0.0,-42.87231659490626,27.315202412495015,0.0,0.0,0.0,20.00000000000533,0.0,0.0,0.0,0.0,100.00000000006217
flow_200809_sim,0.0,0.0,-32.15423744618731,40.97280361870371,0.0,0.0,0.0,35.00000000000045,0.0,0.0,0.0,0.0,250.00000000001333
flow_200810_sim,0.0,0.0,-32.154237446172075,0.0,0.0,0.0,0.0,15.00000000000222,0.0,0.0,0.0,0.0,100.00000000006217
flow_200811_sim,0.0,0.0,-21.43615829746836,13.6576012062281,0.0,0.0,0.0,0.0,0.0,0.0,0.0,0.0,99.99999999999112
flow_200812_sim,0.0,0.0,321.5423744618731,0.0,0.0,0.0,0.0,-50.000000000002665,0.0,0.0,-2000000.0000001087,0.0,0.0
flow_200901_sim,0.0,0.0,107.18079148728089,0.0,0.0,0.0,0.0,50.000000000002665,0.0,0.0,0.0,0.0,500.00000000002666
flow_200902_sim,0.0,0.0,214.36158297456177,0.0,0.0,0.0,0.0,50.000000000002665,0.0,0.0,0.0,0.0,0.0
flow_200903_sim,0.0,0.0,32.15423744618731,13.6576012062281,0.0,0.0,0.0,25.000000000001332,0.0,0.0,0.0,0.0,99.99999999999112
flow_200904_sim,0.0,0.0,0.0,-136.57601206241685,0.0,0.0,0.0,0.0,0.0,0.0,0.0,0.0,-500.0000000000977
flow_200905_sim,0.0,0.0,160.77118723092133,40.97280361870371,0.0,0.0,0.0,25.000000000001332,0.0,0.0,0.0,0.0,149.99999999995114
flow_200906_sim,0.0,0.0,64.30847489237462,40.97280361872312,0.0,0.0,0.0,19.999999999998224,0.0,0.0,0.0,0.0,99.99999999999112
flow_200907_sim,0.0,0.0,10.71807914873418,13.657601206247508,0.0,0.0,0.0,15.00000000000222,0.0,0.0,0.0,0.0,99.99999999999112
flow_200908_sim,0.0,0.0,10.71807914873418,40.97280361872312,0.0,0.0,0.0,20.00000000000533,0.0,0.0,0.0,0.0,100.00000000006217
flow_200909_sim,0.0,0.0,-21.43615829745313,13.657601206247508,0.0,0.0,0.0,15.00000000000222,0.0,0.0,0.0,0.0,100.00000000006217
flow_200910_sim,0.0,0.0,-32.15423744618731,0.0,0.0,0.0,0.0,9.999999999999112,0.0,0.0,0.0,0.0,99.99999999999112
flow_200911_sim,0.0,0.0,-10.71807914873418,27.315202412475607,0.0,0.0,0.0,15.00000000000222,0.0,0.0,0.0,0.0,49.99999999996003
flow_200912_sim,0.0,0.0,107.1807914872961,0.0,0.0,0.0,0.0,0.0,0.0,0.0,0.0,0.0,0.0
flow_201001_sim,0.0,0.0,107.18079148728089,0.0,0.0,0.0,0.0,0.0,0.0,0.0,0.0,0.0,0.0
flow_201002_sim,0.0,0.0,107.18079148728089,0.0,0.0,0.0,0.0,0.0,0.0,0.0,0.0,0.0,0.0
flow_201003_sim,0.0,0.0,214.36158297456177,0.0,0.0,0.0,0.0,50.000000000002665,0.0,0.0,2000000.0000001087,0.0,0.0
flow_201004_sim,0.0,0.0,32.15423744618731,13.6576012062281,0.0,0.0,0.0,15.00000000000222,0.0,0.0,-200000.00000012456,0.0,99.99999999999112
flow_201005_sim,0.0,0.0,214.36158297457698,0.0,0.0,0.0,0.0,50.00000000000977,0.0,0.0,0.0,0.0,0.0
flow_201006_sim,0.0,0.0,214.36158297457698,0.0,0.0,0.0,0.0,0.0,0.0,0.0,0.0,0.0,0.0
flow_201007_sim,0.0,0.0,-64.30847489237462,27.315202412475607,0.0,0.0,0.0,19.999999999998224,0.0,0.0,0.0,0.0,99.99999999999112
flow_201008_sim,0.0,0.0,-21.43615829745313,13.657601206237803,0.0,0.0,0.0,-9.999999999999112,0.0,0.0,0.0,0.0,100.00000000002665
flow_201009_sim,0.0,0.0,-10.718079148726565,13.657601206247508,0.0,0.0,0.0,35.000000000004,0.0,0.0,0.0,0.0,100.00000000002665
flow_201010_sim,0.0,0.0,-21.43615829745313,13.657601206237803,0.0,0.0,0.0,20.000000000001776,0.0,0.0,0.0,0.0,100.00000000002665
flow_201011_sim,0.0,0.0,182.20734552838968,68.28800603121813,0.0,0.0,0.0,20.00000000000533,0.0,0.0,0.0,0.0,100.00000000006217
flow_201012_sim,0.0,0.0,214.36158297457698,136.57601206241685,0.0,0.0,0.0,50.00000000000977,0.0,0.0,0.0,0.0,500.0000000000977
flow_201101_sim,0.0,0.0,214.36158297457698,0.0,0.0,0.0,0.0,50.000000000002665,0.0,0.0,0.0,0.0,0.0
flow_201102_sim,0.0,0.0,321.5423744618731,0.0,0.0,0.0,0.0,0.0,0.0,0.0,0.0,0.0,0.0
flow_201103_sim,0.0,0.0,321.54237446184266,136.57601206239744,0.0,0.0,0.0,50.000000000002665,0.0,0.0,0.0,0.0,0.0
flow_201104_sim,0.0,0.0,535.9039574364349,0.0,0.0,0.0,0.0,0.0,0.0,0.0,0.0,0.0,0.0
flow_201105_sim,0.0,0.0,321.5423744618731,0.0,0.0,0.0,0.0,0.0,0.0,0.0,0.0,0.0,0.0
flow_201106_sim,0.0,0.0,107.1807914872961,0.0,0.0,0.0,0.0,50.00000000000977,0.0,0.0,0.0,0.0,0.0
flow_201107_sim,0.0,0.0,0.0,13.657601206247508,0.0,0.0,0.0,-5.000000000003109,0.0,0.0,0.0,0.0,50.000000000031086
flow_201108_sim,0.0,0.0,-42.87231659490626,27.315202412475607,0.0,0.0,0.0,30.00000000000444,0.0,0.0,0.0,0.0,99.99999999999112
flow_201109_sim,0.0,0.0,107.18079148728089,136.57601206239744,0.0,0.0,0.0,-50.00000000000977,0.0,0.0,0.0,0.0,0.0
flow_201110_sim,0.0,0.0,107.18079148728089,0.0,0.0,0.0,0.0,0.0,0.0,0.0,0.0,0.0,0.0
flow_201111_sim,0.0,0.0,321.5423744618731,-136.57601206239744,0.0,0.0,0.0,0.0,0.0,0.0,0.0,0.0,0.0
flow_201112_sim,0.0,0.0,214.3615829745922,0.0,0.0,0.0,0.0,0.0,0.0,0.0,0.0,0.0,0.0
flow_201201_sim,0.0,0.0,321.5423744618731,136.57601206235864,0.0,0.0,0.0,49.999999999988454,0.0,0.0,0.0,0.0,0.0
flow_201202_sim,0.0,0.0,107.18079148728089,0.0,0.0,0.0,0.0,50.000000000002665,0.0,0.0,0.0,0.0,0.0
flow_201203_sim,0.0,0.0,107.1807914872961,0.0,0.0,0.0,0.0,50.00000000000977,0.0,0.0,0.0,0.0,0.0
flow_201204_sim,0.0,0.0,-21.43615829745313,27.315202412475607,0.0,0.0,0.0,15.00000000000222,0.0,0.0,0.0,0.0,50.000000000031086
flow_201205_sim,0.0,0.0,10.71807914873418,27.315202412475607,0.0,0.0,0.0,0.0,0.0,0.0,0.0,0.0,99.99999999999112
flow_201206_sim,0.0,0.0,10.71807914871895,27.315202412475607,0.0,0.0,0.0,30.00000000000444,0.0,0.0,0.0,0.0,99.99999999999112
flow_201207_sim,0.0,0.0,10.718079148726565,13.657601206237803,0.0,0.0,0.0,25.000000000001332,0.0,0.0,0.0,0.0,99.99999999999112
flow_201208_sim,0.0,0.0,-289.3881370156782,0.0,0.0,0.0,0.0,-4.999999999999556,0.0,0.0,0.0,0.0,100.00000000002665
flow_201209_sim,0.0,0.0,0.0,13.657601206247508,0.0,0.0,0.0,-35.000000000004,0.0,0.0,0.0,0.0,50.000000000031086
flow_201210_sim,0.0,0.0,-10.71807914873418,0.0,0.0,0.0,0.0,45.000000000006665,0.0,0.0,0.0,0.0,50.000000000031086
flow_201211_sim,0.0,0.0,75.0265540411088,68.28800603119872,0.0,0.0,0.0,35.00000000000755,0.0,0.0,0.0,0.0,250.00000000001333
flow_201212_sim,0.0,0.0,96.46271233856193,27.315202412495015,0.0,0.0,0.0,10.000000000006217,0.0,0.0,0.0,0.0,50.000000000031086
flow_201301_sim,0.0,0.0,321.5423744618731,0.0,0.0,0.0,0.0,0.0,0.0,0.0,0.0,0.0,0.0
flow_201302_sim,0.0,0.0,107.18079148728089,0.0,0.0,0.0,0.0,0.0,0.0,0.0,0.0,0.0,0.0
flow_201303_sim,0.0,0.0,107.18079148728089,0.0,0.0,0.0,0.0,0.0,0.0,0.0,0.0,0.0,0.0
flow_201304_sim,0.0,0.0,107.1807914872961,0.0,0.0,0.0,0.0,0.0,0.0,0.0,0.0,0.0,0.0
flow_201305_sim,0.0,0.0,21.43615829745313,13.6576012062281,0.0,0.0,0.0,-5.000000000003109,0.0,0.0,0.0,0.0,-150.0000000000222
flow_201306_sim,0.0,0.0,107.18079148728089,27.315202412475607,0.0,0.0,0.0,30.00000000000444,0.0,0.0,0.0,0.0,199.99999999998224
flow_201307_sim,0.0,0.0,10.71807914873418,54.630404824970626,0.0,0.0,0.0,20.00000000000533,0.0,0.0,0.0,0.0,150.0000000000222
flow_201308_sim,0.0,0.0,-32.15423744618731,0.0,0.0,0.0,0.0,15.00000000000222,0.0,0.0,0.0,0.0,49.99999999999556
flow_201309_sim,0.0,0.0,-42.872316594913876,13.657601206237803,0.0,0.0,0.0,15.00000000000222,0.0,0.0,0.0,0.0,100.00000000002665
flow_201310_sim,0.0,0.0,117.89887063601506,54.630404824970626,0.0,0.0,0.0,15.00000000000222,0.0,0.0,0.0,0.0,50.000000000031086
flow_201311_sim,0.0,0.0,107.18079148728089,-54.630404824970626,0.0,0.0,0.0,-20.00000000000533,0.0,0.0,0.0,0.0,-250.00000000001333
flow_201312_sim,0.0,0.0,321.54237446184266,136.57601206239744,0.0,0.0,0.0,50.000000000002665,0.0,0.0,0.0,0.0,500.00000000002666
flow_201401_sim,0.0,0.0,107.1807914872961,136.57601206241685,0.0,0.0,0.0,50.00000000000977,0.0,0.0,0.0,0.0,500.0000000000977
flow_201402_sim,0.0,0.0,214.36158297462268,136.57601206243626,0.0,0.0,0.0,0.0,0.0,0.0,0.0,0.0,500.00000000016877
flow_201403_sim,0.0,0.0,107.18079148728089,0.0,0.0,0.0,0.0,0.0,0.0,0.0,0.0,0.0,0.0
flow_201404_sim,0.0,0.0,214.36158297456177,0.0,0.0,0.0,0.0,-50.000000000002665,0.0,0.0,0.0,0.0,0.0
flow_201405_sim,0.0,0.0,214.36158297457698,0.0,0.0,0.0,0.0,50.00000000000977,0.0,0.0,0.0,0.0,0.0
flow_201406_sim,0.0,0.0,321.5423744618579,136.57601206239744,0.0,0.0,0.0,50.000000000002665,0.0,0.0,0.0,0.0,0.0
flow_201407_sim,0.0,0.0,0.0,13.657601206247508,0.0,0.0,0.0,25.000000000001332,0.0,0.0,0.0,0.0,50.000000000031086
flow_201408_sim,0.0,0.0,21.43615829745313,27.315202412475607,0.0,0.0,0.0,20.00000000000533,0.0,0.0,0.0,0.0,50.000000000031086
flow_201409_sim,0.0,0.0,-21.43615829745313,27.315202412495015,0.0,0.0,0.0,20.00000000000533,0.0,0.0,0.0,0.0,100.00000000006217
flow_201410_sim,0.0,0.0,-32.15423744617969,13.657601206247508,0.0,0.0,0.0,15.00000000000222,0.0,0.0,0.0,0.0,100.00000000002665
flow_201411_sim,0.0,0.0,0.0,27.315202412475607,0.0,0.0,0.0,14.999999999995115,0.0,0.0,0.0,0.0,49.99999999996003
flow_201412_sim,0.0,0.0,64.30847489237462,40.97280361872312,0.0,0.0,0.0,-29.999999999997335,0.0,0.0,0.0,0.0,50.000000000031086
flow_201501_sim,0.0,0.0,214.36158297456177,0.0,0.0,0.0,0.0,0.0,0.0,0.0,0.0,0.0,0.0
flow_201502_sim,0.0,0.0,10.71807914871895,13.6576012062281,0.0,0.0,0.0,25.000000000001332,0.0,0.0,0.0,0.0,49.99999999996003
flow_201503_sim,0.0,0.0,321.5423744618731,0.0,0.0,0.0,0.0,0.0,0.0,0.0,0.0,0.0,0.0
flow_201504_sim,0.0,0.0,0.0,-136.57601206241685,0.0,0.0,0.0,0.0,0.0,0.0,0.0,0.0,0.0
flow_201505_sim,0.0,0.0,64.30847489235938,54.63040482495121,0.0,0.0,0.0,19.999999999998224,0.0,0.0,0.0,0.0,49.99999999996003
flow_201506_sim,0.0,0.0,428.72316594915395,0.0,0.0,0.0,0.0,0.0,0.0,0.0,0.0,0.0,0.0
flow_201507_sim,0.0,0.0,214.36158297456177,0.0,0.0,0.0,0.0,-50.00000000000977,0.0,0.0,0.0,0.0,0.0
flow_201508_sim,0.0,0.0,139.33502893348341,54.630404824970626,0.0,0.0,0.0,35.00000000000755,0.0,0.0,0.0,0.0,50.000000000031086
flow_201509_sim,0.0,0.0,-42.872316594913876,27.315202412485313,0.0,0.0,0.0,25.000000000004885,0.0,0.0,0.0,0.0,100.00000000002665
flow_201510_sim,0.0,0.0,96.46271233856193,27.315202412475607,0.0,0.0,0.0,20.00000000000533,0.0,0.0,0.0,0.0,99.99999999999112
flow_201511_sim,0.0,0.0,139.33502893348341,27.315202412495015,0.0,0.0,0.0,15.00000000000222,0.0,0.0,0.0,0.0,50.000000000031086
flow_201512_sim,0.0,0.0,107.18079148731134,-136.57601206239744,0.0,0.0,0.0,-50.000000000002665,0.0,0.0,0.0,0.0,0.0
flow_201601_sim,0.0,0.0,0.0,0.0,0.0,0.0,0.0,0.0,0.0,0.0,0.0,0.0,0.0
flow_201602_sim,0.0,0.0,428.72316594915395,0.0,0.0,0.0,0.0,0.0,0.0,0.0,0.0,0.0,0.0
flow_201603_sim,0.0,0.0,321.5423744618731,0.0,0.0,0.0,0.0,50.000000000002665,0.0,0.0,2000000.0000001087,0.0,500.00000000002666
flow_201604_sim,0.0,0.0,75.02655404109356,54.63040482495121,0.0,0.0,0.0,9.999999999999112,0.0,0.0,0.0,0.0,49.99999999996003
flow_201605_sim,0.0,0.0,21.43615829746836,27.315202412495015,0.0,0.0,0.0,25.000000000008438,0.0,0.0,-199999.99999984034,0.0,0.0
flow_201606_sim,0.0,0.0,10.71807914871895,-13.657601206247508,0.0,0.0,0.0,-55.00000000000578,0.0,0.0,2000000.0000001087,0.0,-100.00000000006217
flow_201607_sim,0.0,0.0,53.59039574364044,-27.315202412475607,0.0,0.0,0.0,10.000000000006217,0.0,0.0,1000000.0000000544,0.0,-150.0000000000222
flow_201608_sim,0.0,0.0,-32.154237446172075,13.657601206247508,0.0,0.0,0.0,20.00000000000533,0.0,0.0,-199999.99999984034,0.0,0.0
flow_201609_sim,0.0,0.0,-21.43615829745313,95.60320844369375,0.0,0.0,0.0,40.00000000000355,0.0,0.0,-199999.99999984034,0.0,300.0000000000444
flow_201610_sim,0.0,0.0,10.71807914871895,40.97280361872312,0.0,0.0,0.0,30.00000000000444,0.0,0.0,0.0,0.0,199.99999999998224
flow_201611_sim,0.0,0.0,10.718079148726565,54.63040482496092,0.0,0.0,0.0,25.000000000001332,0.0,0.0,0.0,0.0,149.99999999998667
flow_201612_sim,0.0,0.0,214.36158297457698,0.0,0.0,0.0,0.0,-50.00000000000977,0.0,0.0,0.0,0.0,0.0
flow_201701_sim,0.0,0.0,214.3615829745922,0.0,0.0,0.0,0.0,0.0,0.0,0.0,0.0,0.0,0.0
flow_201702_sim,0.0,0.0,96.46271233856193,40.97280361872312,0.0,0.0,0.0,25.000000000001332,0.0,0.0,0.0,0.0,50.000000000031086
flow_201703_sim,0.0,0.0,107.18079148731134,0.0,0.0,0.0,0.0,0.0,0.0,0.0,0.0,0.0,0.0
flow_201704_sim,0.0,0.0,214.36158297457698,136.57601206241685,0.0,0.0,0.0,0.0,0.0,0.0,0.0,0.0,0.0
flow_201705_sim,0.0,0.0,214.36158297456177,0.0,0.0,0.0,0.0,0.0,0.0,0.0,0.0,0.0,0.0
flow_201706_sim,0.0,0.0,321.54237446184266,136.57601206239744,0.0,0.0,0.0,50.000000000002665,0.0,0.0,0.0,0.0,0.0
flow_201707_sim,0.0,0.0,214.36158297457698,136.57601206241685,0.0,0.0,0.0,50.00000000000977,0.0,0.0,0.0,0.0,0.0
flow_201708_sim,0.0,0.0,-32.15423744618731,13.657601206247508,0.0,0.0,0.0,20.00000000000533,0.0,0.0,0.0,0.0,50.000000000031086
flow_201709_sim,0.0,0.0,10.71807914873418,-27.315202412475607,0.0,0.0,0.0,-25.000000000001332,0.0,0.0,0.0,0.0,-99.99999999999112
flow_201710_sim,0.0,0.0,-64.30847489235938,-13.6576012062281,0.0,0.0,0.0,-4.999999999996003,0.0,0.0,0.0,0.0,-49.99999999996003
flow_201711_sim,0.0,0.0,321.54237446184266,136.57601206239744,0.0,0.0,0.0,0.0,0.0,0.0,0.0,0.0,0.0
flow_201712_sim,0.0,0.0,-107.18079148728089,-13.6576012062281,0.0,0.0,0.0,-25.000000000001332,0.0,0.0,0.0,0.0,-99.99999999999112
flow_201801_sim,0.0,0.0,321.5423744618731,136.57601206243626,0.0,0.0,0.0,50.000000000016875,0.0,0.0,0.0,0.0,0.0
flow_201802_sim,0.0,0.0,428.72316594912354,0.0,0.0,0.0,0.0,0.0,0.0,0.0,0.0,0.0,0.0
flow_201803_sim,0.0,0.0,107.18079148728089,0.0,0.0,0.0,0.0,0.0,0.0,0.0,0.0,0.0,0.0
flow_201804_sim,0.0,0.0,214.3615829745922,0.0,0.0,0.0,0.0,0.0,0.0,0.0,0.0,0.0,0.0
flow_201805_sim,0.0,0.0,-32.15423744618731,13.6576012062281,0.0,0.0,0.0,25.000000000001332,0.0,0.0,0.0,0.0,49.99999999996003
flow_201806_sim,0.0,0.0,75.0265540411088,54.630404824970626,0.0,0.0,0.0,20.00000000000533,0.0,0.0,0.0,0.0,100.00000000006217
flow_201807_sim,0.0,0.0,-10.71807914871895,40.97280361872312,0.0,0.0,0.0,20.00000000000533,0.0,0.0,0.0,0.0,150.0000000000222
flow_201808_sim,0.0,0.0,-32.15423744618731,27.315202412475607,0.0,0.0,0.0,20.00000000000533,0.0,0.0,0.0,0.0,50.000000000031086
flow_201809_sim,0.0,0.0,85.74463318982775,0.0,0.0,0.0,0.0,-5.000000000003109,0.0,0.0,0.0,0.0,50.000000000031086
flow_201810_sim,0.0,0.0,21.43615829745313,54.63040482495121,0.0,0.0,0.0,25.000000000001332,0.0,0.0,0.0,0.0,49.99999999996003
flow_201811_sim,0.0,0.0,321.54237446184266,136.57601206239744,0.0,0.0,0.0,50.000000000002665,0.0,0.0,0.0,0.0,0.0
flow_201812_sim,0.0,0.0,214.36158297456177,0.0,0.0,0.0,0.0,0.0,0.0,0.0,0.0,0.0,0.0
flow_201901_sim,0.0,0.0,321.5423744618731,0.0,0.0,0.0,0.0,0.0,0.0,0.0,0.0,0.0,0.0
flow_201902_sim,0.0,0.0,214.36158297456177,0.0,0.0,0.0,0.0,0.0,0.0,0.0,0.0,0.0,0.0
flow_201903_sim,0.0,0.0,214.36158297456177,0.0,0.0,0.0,0.0,50.000000000002665,0.0,0.0,0.0,0.0,0.0
flow_201904_sim,0.0,0.0,107.18079148728089,0.0,0.0,0.0,0.0,0.0,0.0,0.0,0.0,0.0,0.0
flow_201905_sim,0.0,0.0,214.36158297456177,0.0,0.0,0.0,0.0,50.000000000002665,0.0,0.0,0.0,0.0,0.0
flow_201906_sim,0.0,0.0,214.36158297457698,136.57601206239744,0.0,0.0,0.0,50.000000000002665,0.0,0.0,0.0,0.0,0.0
flow_201907_sim,0.0,0.0,21.43615829745313,27.315202412475607,0.0,0.0,0.0,20.00000000000533,0.0,0.0,0.0,0.0,50.000000000031086
flow_201908_sim,0.0,0.0,-64.30847489237462,27.315202412475607,0.0,0.0,0.0,19.999999999998224,0.0,0.0,0.0,0.0,99.99999999999112
flow_201909_sim,0.0,0.0,-42.872316594913876,27.315202412485313,0.0,0.0,0.0,25.000000000004885,0.0,0.0,0.0,0.0,100.00000000002665
flow_201910_sim,0.0,0.0,-53.59039574364044,-13.657601206237803,0.0,0.0,0.0,9.999999999999112,0.0,0.0,0.0,0.0,0.0
flow_201911_sim,0.0,0.0,-32.154237446172075,27.315202412495015,0.0,0.0,0.0,15.00000000000222,0.0,0.0,0.0,0.0,100.00000000006217
flow_201912_sim,0.0,0.0,128.61694978474924,40.97280361872312,0.0,0.0,0.0,9.999999999999112,0.0,0.0,0.0,0.0,50.000000000031086
flow_202001_sim,0.0,0.0,107.18079148728089,0.0,0.0,0.0,0.0,0.0,0.0,0.0,0.0,0.0,0.0
flow_202002_sim,0.0,0.0,214.3615829745922,0.0,0.0,0.0,0.0,0.0,0.0,0.0,0.0,0.0,0.0
flow_202003_sim,0.0,0.0,214.3615829745922,0.0,0.0,0.0,0.0,0.0,0.0,0.0,0.0,0.0,0.0
flow_202004_sim,0.0,0.0,0.0,0.0,0.0,0.0,0.0,0.0,0.0,0.0,0.0,0.0,0.0
flow_202005_sim,0.0,0.0,214.36158297456177,0.0,0.0,0.0,0.0,0.0,0.0,0.0,0.0,0.0,0.0
flow_202006_sim,0.0,0.0,-21.43615829745313,27.315202412495015,0.0,0.0,0.0,0.0,0.0,0.0,0.0,0.0,50.000000000031086
flow_202007_sim,0.0,0.0,-21.43615829746836,27.315202412475607,0.0,0.0,0.0,25.000000000001332,0.0,0.0,0.0,0.0,49.99999999996003
flow_202008_sim,0.0,0.0,-21.43615829745313,27.315202412495015,0.0,0.0,0.0,35.00000000000755,0.0,0.0,0.0,0.0,50.000000000031086
flow_202009_sim,0.0,0.0,-32.15423744618731,-95.60320844368404,0.0,0.0,0.0,-20.000000000001776,0.0,0.0,0.0,0.0,-350.00000000003996
flow_202010_sim,0.0,0.0,214.36158297457698,136.57601206241685,0.0,0.0,0.0,50.00000000000977,0.0,0.0,0.0,0.0,0.0
flow_202011_sim,0.0,0.0,107.18079148728089,0.0,0.0,0.0,0.0,0.0,0.0,0.0,0.0,0.0,0.0
flow_202012_sim,0.0,0.0,42.87231659490626,40.97280361872312,0.0,0.0,0.0,19.999999999998224,0.0,0.0,0.0,0.0,49.99999999996003
flow_202101_sim,0.0,0.0,107.18079148728089,0.0,0.0,0.0,0.0,0.0,0.0,0.0,0.0,0.0,0.0
flow_202102_sim,0.0,0.0,321.54237446184266,0.0,0.0,0.0,0.0,0.0,0.0,0.0,0.0,0.0,0.0
flow_202103_sim,0.0,0.0,0.0,0.0,0.0,0.0,0.0,0.0,0.0,0.0,0.0,0.0,0.0
flow_202104_sim,0.0,0.0,21.43615829745313,40.97280361872312,0.0,0.0,0.0,30.00000000000444,0.0,0.0,0.0,0.0,0.0
flow_202105_sim,0.0,0.0,128.61694978474924,54.630404824970626,0.0,0.0,0.0,15.00000000000222,0.0,0.0,0.0,0.0,50.000000000031086
flow_202106_sim,0.0,0.0,107.18079148728089,136.57601206239744,0.0,0.0,0.0,0.0,0.0,0.0,0.0,0.0,0.0
flow_202107_sim,0.0,0.0,117.89887063601506,54.63040482495121,0.0,0.0,0.0,15.00000000000222,0.0,0.0,0.0,0.0,0.0
flow_202108_sim,0.0,0.0,-32.15423744618731,-27.315202412475607,0.0,0.0,0.0,-5.000000000003109,0.0,0.0,0.0,0.0,50.000000000031086
flow_202109_sim,0.0,0.0,32.154237446172075,54.63040482495121,0.0,0.0,0.0,25.000000000001332,0.0,0.0,0.0,0.0,49.99999999996003
flow_202110_sim,0.0,0.0,160.77118723092133,27.315202412475607,0.0,0.0,0.0,0.0,0.0,0.0,0.0,0.0,49.99999999996003
flow_202111_sim,0.0,0.0,-10.71807914873418,40.97280361872312,0.0,0.0,0.0,19.999999999998224,0.0,0.0,0.0,0.0,49.99999999996003
flow_202112_sim,0.0,0.0,107.1807914872961,0.0,0.0,0.0,0.0,0.0,0.0,0.0,0.0,0.0,0.0
flow_202201_sim,0.0,0.0,214.36158297456177,0.0,0.0,0.0,0.0,0.0,0.0,0.0,0.0,0.0,0.0
flow_202202_sim,0.0,0.0,428.72316594912354,0.0,0.0,0.0,0.0,0.0,0.0,0.0,0.0,0.0,0.0
flow_202203_sim,0.0,0.0,107.18079148728089,0.0,0.0,0.0,0.0,0.0,0.0,0.0,0.0,0.0,0.0
flow_202204_sim,0.0,0.0,96.46271233856193,27.315202412475607,0.0,0.0,0.0,9.999999999999112,0.0,0.0,0.0,0.0,0.0
flow_202205_sim,0.0,0.0,107.18079148728089,136.57601206239744,0.0,0.0,0.0,50.000000000002665,0.0,0.0,0.0,0.0,500.00000000002666
flow_202206_sim,0.0,0.0,32.15423744618731,54.630404824970626,0.0,0.0,0.0,15.00000000000222,0.0,0.0,0.0,0.0,50.000000000031086
flow_202207_sim,0.0,0.0,64.30847489237462,54.630404824970626,0.0,0.0,0.0,30.00000000000444,0.0,0.0,0.0,0.0,50.000000000031086
flow_202208_sim,0.0,0.0,-32.15423744618731,13.657601206247508,0.0,0.0,0.0,20.00000000000533,0.0,0.0,0.0,0.0,50.000000000031086
flow_202209_sim,0.0,0.0,-21.43615829745313,27.315202412495015,0.0,0.0,0.0,20.00000000000533,0.0,0.0,0.0,0.0,50.000000000031086
flow_202210_sim,0.0,0.0,-85.74463318982775,13.657601206247508,0.0,0.0,0.0,20.00000000000533,0.0,0.0,-1000000.0000000544,0.0,50.000000000031086
flow_202211_sim,0.0,0.0,32.154237446172075,40.97280361870371,0.0,0.0,0.0,19.999999999998224,0.0,0.0,399999.9999999649,0.0,49.99999999996003
flow_202212_sim,0.0,0.0,53.59039574364044,40.97280361872312,0.0,0.0,0.0,-25.000000000001332,0.0,0.0,199999.99999984034,0.0,49.99999999996003
flow_202301_sim,0.0,0.0,321.54237446184266,0.0,0.0,0.0,0.0,0.0,0.0,0.0,0.0,0.0,0.0
flow_202302_sim,0.0,0.0,0.0,0.0,0.0,0.0,0.0,0.0,0.0,0.0,0.0,0.0,0.0
flow_202303_sim,0.0,0.0,321.54237446184266,0.0,0.0,0.0,0.0,0.0,0.0,0.0,0.0,0.0,0.0
flow_202304_sim,0.0,0.0,107.18079148728089,136.57601206239744,0.0,0.0,0.0,50.000000000002665,0.0,0.0,0.0,0.0,0.0
flow_202305_sim,0.0,0.0,32.15423744618731,27.315202412475607,0.0,0.0,0.0,20.00000000000533,0.0,0.0,0.0,0.0,0.0
flow_202306_sim,0.0,0.0,-32.15423744618731,-27.315202412475607,0.0,0.0,0.0,-15.00000000000222,0.0,0.0,0.0,0.0,-99.99999999999112
flow_202307_sim,0.0,0.0,53.59039574364044,68.28800603119872,0.0,0.0,0.0,30.00000000000444,0.0,0.0,0.0,0.0,99.99999999999112
flow_202308_sim,0.0,0.0,96.46271233856193,0.0,0.0,0.0,0.0,9.999999999999112,0.0,0.0,0.0,0.0,50.000000000031086
flow_202309_sim,0.0,0.0,-42.872316594913876,27.315202412475607,0.0,0.0,0.0,20.000000000001776,0.0,0.0,0.0,0.0,49.99999999999556
flow_202310_sim,0.0,0.0,-42.872316594913876,13.657601206247508,0.0,0.0,0.0,5.000000000003109,0.0,0.0,0.0,0.0,50.000000000031086
flow_202311_sim,0.0,0.0,-32.15423744618731,-40.97280361872312,0.0,0.0,0.0,4.999999999999556,0.0,0.0,0.0,0.0,49.99999999999556
flow_202312_sim,0.0,0.0,-21.436158297460747,40.97280361872312,0.0,0.0,0.0,9.999999999999112,0.0,0.0,0.0,0.0,49.99999999999556
head_w001_sim,0.0,0.0,2.6795197872406624,0.0,0.0,0.0,0.0,0.300000000009992,0.0,0.0,0.0,0.0,0.0
head_w002_sim,0.0,0.0,-2.0364350382955925,0.819456072324,0.0,0.0,0.0,-0.300000000009992,0.0,0.0,0.0,0.0,5.999999999915623
head_w003_sim,0.0,0.0,0.0,0.0,0.0,0.0,0.0,-0.300000000009992,0.0,0.0,0.0,0.0,3.499999999974465
head_w004_sim,0.0,0.0,0.0,0.0,0.0,0.0,0.0,-1.2499999999990008,0.0,0.0,0.0,0.0,2.999999999815703
head_w005_sim,0.0,0.0,2.6795197871797374,0.0,0.0,0.0,0.0,0.9000000000015543,0.0,0.0,0.0,0.0,2.9999999999578115
head_w006_sim,0.0,0.0,0.0,0.0,0.0,0.0,0.0,-0.5999999999915623,0.0,0.0,0.0,0.0,3.499999999974465
head_w007_sim,0.0,0.0,0.0,0.0,0.0,0.0,0.0,0.0,0.0,0.0,0.0,0.0,12.500000000132117
head_w008_sim,0.0,0.0,2.6795197871797374,0.0,0.0,0.0,0.0,0.3500000000116573,0.0,0.0,0.0,0.0,0.0
head_w009_sim,0.0,0.0,2.6795197871797374,0.0,0.0,0.0,0.0,0.300000000009992,0.0,0.0,0.0,0.0,0.0
head_w010_sim,0.0,0.0,2.6795197871797374,0.0,0.0,0.0,0.0,-0.29999999999578114,0.0,0.0,0.0,0.0,-2.9999999999578115
head_w011_sim,0.0,0.0,0.6430847489450701,0.0,0.0,0.0,0.0,0.0,0.0,0.0,0.0,0.0,0.0
head_w012_sim,0.0,0.0,0.0,0.0,0.0,0.0,0.0,-0.29999999999578114,0.0,0.0,0.0,0.0,9.500000000032196
head_w013_sim,0.0,0.0,1.2861694978596774,0.0,0.0,0.0,0.0,0.29999999999578114,0.0,0.0,0.0,0.0,0.0
head_w014_sim,0.0,0.0,2.0364350382346674,0.0,0.0,0.0,0.0,-0.300000000009992,0.0,0.0,0.0,0.0,0.0
head_w015_sim,0.0,0.0,1.2861694978596774,0.0,0.0,0.0,0.0,-0.29999999999578114,0.0,0.0,0.0,0.0,0.0
head_w016_sim,0.0,0.0,-0.6430847489146074,0.0,0.0,0.0,0.0,0.0,0.0,0.0,-11999.99999983126,0.0,3.00000000009992
head_w017_sim,0.0,0.0,0.0,0.0,0.0,0.0,0.0,-0.300000000009992,0.0,0.0,-12000.000000399694,0.0,12.499999999990008
head_w018_sim,0.0,0.0,0.0,0.0,0.0,0.0,0.0,-0.300000000009992,0.0,0.0,-12000.000000399694,0.0,12.499999999990008
head_w019_sim,0.0,0.0,0.0,0.0,0.0,0.0,0.0,0.0,0.0,0.0,-11999.99999983126,0.0,0.0
head_w020_sim,0.0,0.0,0.0,0.0,0.0,0.0,0.0,0.0,0.0,0.0,-11999.99999983126,0.0,0.0
head_w021_sim,0.0,0.0,0.0,0.0,0.0,0.0,0.0,0.0,0.0,0.0,-11999.99999983126,0.0,0.0
head_w022_sim,0.0,0.0,0.0,0.0,0.0,0.0,0.0,0.0,0.0,0.0,0.0,0.0,3.00000000009992
head_w023_sim,0.0,0.0,0.0,0.0,0.0,0.0,0.0,0.29999999999578114,0.0,0.0,0.0,0.0,2.9999999999578115
head_w024_sim,0.0,0.0,-1.3933502893200598,0.0,0.0,0.0,0.0,-0.34999999999744646,0.0,0.0,0.0,0.0,3.00000000009992
head_w025_sim,0.0,0.0,0.0,0.0,0.0,0.0,0.0,0.300000000009992,0.0,0.0,0.0,0.0,0.0
head_w026_sim,0.0,0.0,0.0,0.0,0.0,0.0,0.0,0.0,0.0,0.0,-12000.000000399694,0.0,3.499999999974465
head_w027_sim,0.0,0.0,2.0364350382346674,0.0,0.0,0.0,0.0,0.29999999999578114,0.0,0.0,0.0,0.0,0.0
head_w028_sim,0.0,0.0,2.0364350382651297,0.0,0.0,0.0,0.0,0.34999999999744646,0.0,0.0,0.0,0.0,0.0
head_w029_sim,0.0,0.0,3.3226045360943446,0.0,0.0,0.0,0.0,0.29999999999578114,0.0,0.0,0.0,0.0,0.0
head_w030_sim,0.0,0.0,2.0364350382651297,0.0,0.0,0.0,0.0,0.6000000000057731,0.0,0.0,0.0,0.0,0.0
head_w031_sim,0.0,0.0,0.750265540435915,0.0,0.0,0.0,0.0,0.0,0.0,0.0,0.0,0.0,0.0
head_w032_sim,0.0,0.0,1.2861694978596774,0.0,0.0,0.0,0.0,0.0,0.0,0.0,0.0,0.0,0.0
head_w033_sim,0.0,0.0,2.0364350382346674,0.0,0.0,0.0,0.0,0.34999999999744646,0.0,0.0,0.0,0.0,0.0
head_w034_sim,0.0,0.0,2.6795197871797374,0.0,0.0,0.0,0.0,0.8999999999873435,0.0,0.0,0.0,0.0,2.9999999999578115
head_w035_sim,0.0,0.0,-0.6430847489450701,0.8194560723628171,0.0,0.0,0.0,-0.9500000000032196,0.0,0.0,0.0,0.0,0.0
head_w036_sim,0.0,0.0,0.6430847489450701,0.0,0.0,0.0,0.0,0.9000000000015543,0.0,0.0,0.0,0.0,3.00000000009992
head_w037_sim,0.0,0.0,0.0,0.9560320844297562,0.0,0.0,0.0,-0.300000000009992,0.0,0.0,0.0,0.0,15.999999999964473
head_w038_sim,0.0,0.0,0.0,0.0,0.0,0.0,0.0,0.0,0.0,0.0,0.0,0.0,0.0
head_w039_sim,0.0,0.0,-0.6430847488841448,0.0,0.0,0.0,0.0,-0.2999999999815703,0.0,0.0,0.0,0.0,0.0
head_w040_sim,0.0,0.0,-0.6430847489450701,0.819456072324,0.0,0.0,0.0,-0.6500000000074385,0.0,0.0,0.0,0.0,12.499999999990008
head_w041_sim,0.0,0.0,0.7502655404054525,0.9560320844297562,0.0,0.0,0.0,-0.300000000009992,0.0,0.0,0.0,0.0,3.499999999974465
head_w042_sim,0.0,0.0,0.7502655404054525,0.9560320844297562,0.0,0.0,0.0,-0.300000000009992,0.0,0.0,0.0,0.0,3.499999999974465
head_w043_sim,0.0,0.0,0.7502655404054525,0.9560320844297562,0.0,0.0,0.0,-0.300000000009992,0.0,0.0,0.0,0.0,3.499999999974465
head_w044_sim,0.0,0.0,-4.0728700765302595,-0.9560320844297562,0.0,0.0,0.0,-1.5999999999964474,0.0,0.0,0.0,0.0,3.00000000009992
head_w045_sim,0.0,0.0,-1.2861694978292149,0.0,0.0,0.0,0.0,-0.5999999999915623,0.0,0.0,12000.000000399694,0.0,15.500000000089928
head_w046_sim,0.0,0.0,0.7502655404054525,0.0,0.0,0.0,0.0,0.34999999999744646,0.0,0.0,0.0,0.0,0.0
head_w047_sim,0.0,0.0,0.7502655404054525,0.0,0.0,0.0,0.0,0.34999999999744646,0.0,0.0,0.0,0.0,0.0
head_w048_sim,0.0,0.0,1.3933502893200598,0.0,0.0,0.0,0.0,-0.300000000009992,0.0,0.0,0.0,0.0,3.499999999974465
head_w049_sim,0.0,0.0,0.0,0.0,0.0,0.0,0.0,0.29999999999578114,0.0,0.0,0.0,0.0,0.0
head_w050_sim,0.0,0.0,0.0,0.0,0.0,0.0,0.0,0.29999999999578114,0.0,0.0,0.0,0.0,0.0
head_w051_sim,0.0,0.0,0.0,0.0,0.0,0.0,0.0,0.29999999999578114,0.0,0.0,0.0,0.0,0.0
head_w052_sim,0.0,0.0,-0.6430847489146074,-0.8194560723628171,0.0,0.0,0.0,0.0,0.0,0.0,-11999.99999983126,0.0,0.0
head_w053_sim,0.0,0.0,0.6430847489450701,0.8194560724016344,0.0,0.0,0.0,0.6500000000074385,0.0,0.0,0.0,0.0,0.0
head_w054_sim,0.0,0.0,1.3933502893200598,0.0,0.0,0.0,0.0,0.9500000000032196,0.0,0.0,-11999.99999983126,0.0,6.499999999932276
head_w055_sim,0.0,0.0,1.3933502893200598,0.0,0.0,0.0,0.0,0.9500000000032196,0.0,0.0,-11999.99999983126,0.0,6.499999999932276
head_w056_sim,0.0,0.0,-0.6430847489450701,0.0,0.0,0.0,0.0,-1.2499999999990008,0.0,0.0,0.0,0.0,3.00000000009992
head_w057_sim,0.0,0.0,0.0,0.819456072324,0.0,0.0,0.0,0.0,0.0,0.0,0.0,0.0,5.999999999915623
head_w058_sim,0.0,0.0,0.0,0.0,0.0,0.0,0.0,0.0,0.0,0.0,0.0,0.0,0.0
head_w059_sim,0.0,0.0,-0.6430847489450701,0.0,0.0,0.0,0.0,0.0,0.0,0.0,0.0,0.0,0.0
head_w060_sim,0.0,0.0,0.6430847489450701,-0.9560320844297562,0.0,0.0,0.0,0.0,0.0,0.0,0.0,0.0,0.0
head_w061_sim,0.0,0.0,0.0,0.0,0.0,0.0,0.0,-0.300000000009992,0.0,0.0,0.0,0.0,0.0
head_w062_sim,0.0,0.0,-6.109305114825852,-1.7754881568313907,0.0,0.0,0.0,-2.2000000000164315,0.0,0.0,-12000.000000399694,0.0,5.999999999915623
head_w063_sim,0.0,0.0,2.6795197871797374,0.0,0.0,0.0,0.0,0.5999999999915623,0.0,0.0,0.0,0.0,0.0
head_w064_sim,0.0,0.0,0.6430847488841448,0.819456072324,0.0,0.0,0.0,0.0,0.0,0.0,0.0,0.0,2.999999999815703
head_w065_sim,0.0,0.0,0.0,0.0,0.0,0.0,0.0,-0.300000000009992,0.0,0.0,0.0,0.0,15.49999999994782
head_w066_sim,0.0,0.0,0.7502655404054525,0.0,0.0,0.0,0.0,0.0,0.0,0.0,0.0,0.0,0.0
head_w067_sim,0.0,0.0,-2.0364350382955925,0.819456072324,0.0,0.0,0.0,-1.9000000000064392,0.0,0.0,0.0,0.0,18.999999999780176
head_w068_sim,0.0,0.0,2.0364350382346674,0.0,0.0,0.0,0.0,0.300000000009992,0.0,0.0,0.0,0.0,0.0
head_w069_sim,0.0,0.0,0.0,0.0,0.0,0.0,0.0,0.2999999999815703,0.0,0.0,0.0,0.0,2.999999999815703
head_w070_sim,0.0,0.0,-1.9292542467742848,0.9560320844297562,0.0,0.0,0.0,-2.150000000000555,0.0,0.0,0.0,0.0,12.499999999990008
head_w071_sim,0.0,0.0,2.6795197871797374,0.0,0.0,0.0,0.0,0.34999999999744646,0.0,0.0,0.0,0.0,0.0
head_w072_sim,0.0,0.0,-0.6430847488841448,1.7754881568313907,0.0,0.0,0.0,-0.6500000000074385,0.0,0.0,0.0,0.0,6.500000000074385
head_w073_sim,0.0,0.0,2.6795197871797374,0.0,0.0,0.0,0.0,0.2999999999815703,0.0,0.0,0.0,0.0,0.0
head_w074_sim,0.0,0.0,0.0,0.0,0.0,0.0,0.0,-0.9000000000015543,0.0,0.0,0.0,0.0,0.0
head_w075_sim,0.0,0.0,-2.6795197871797374,0.8194560724016344,0.0,0.0,0.0,-1.8999999999780175,0.0,0.0,0.0,0.0,18.50000000018985
head_w076_sim,0.0,0.0,-2.0364350382346674,0.8194560724016344,0.0,0.0,0.0,-2.7999999999795717,0.0,0.0,0.0,0.0,19.000000000064393
head_w077_sim,0.0,0.0,2.0364350382346674,0.0,0.0,0.0,0.0,0.0,0.0,0.0,0.0,0.0,0.0
head_w078_sim,0.0,0.0,0.0,0.0,0.0,0.0,0.0,-0.5999999999915623,0.0,0.0,0.0,0.0,6.500000000074385
head_w079_sim,0.0,0.0,0.0,1.7754881567537562,0.0,0.0,0.0,-0.300000000009992,0.0,0.0,0.0,0.0,3.499999999974465
head_w080_sim,0.0,0.0,0.0,1.7754881567537562,0.0,0.0,0.0,-0.300000000009992,0.0,0.0,0.0,0.0,3.499999999974465
head_w081_sim,0.0,0.0,0.0,0.0,0.0,0.0,0.0,0.0,0.0,0.0,0.0,0.0,2.999999999815703
head_w082_sim,0.0,0.0,-0.7502655404054525,1.6389121447256343,0.0,0.0,0.0,-0.34999999999744646,0.0,0.0,0.0,0.0,9.000000000015543
head_w083_sim,0.0,0.0,0.0,0.0,0.0,0.0,0.0,0.0,0.0,0.0,-11999.99999983126,0.0,0.0
head_w084_sim,0.0,0.0,0.0,0.0,0.0,0.0,0.0,0.0,0.0,0.0,0.0,0.0,3.00000000009992
head_w085_sim,0.0,0.0,3.3226045360943446,0.8194560723628171,0.0,0.0,0.0,0.6499999999932277,0.0,0.0,11999.99999983126,0.0,0.0
head_w086_sim,0.0,0.0,-0.6430847489146074,0.0,0.0,0.0,0.0,-3.4500000000012214,0.0,0.0,0.0,0.0,34.500000000012214
head_w087_sim,0.0,0.0,-1.2861694978292149,1.7754881568313907,0.0,0.0,0.0,-3.399999999999556,0.0,0.0,0.0,0.0,34.500000000012214
head_w088_sim,0.0,0.0,2.6795197871797374,0.0,0.0,0.0,0.0,0.2999999999815703,0.0,0.0,0.0,0.0,0.0
head_w089_sim,0.0,0.0,-3.3226045361248073,0.819456072324,0.0,0.0,0.0,-3.7499999999970024,0.0,0.0,0.0,0.0,34.499999999870106
head_w090_sim,0.0,0.0,-3.3226045361248073,0.819456072324,0.0,0.0,0.0,-1.9000000000064392,0.0,0.0,-12000.000000399694,0.0,9.499999999890088
head_w091_sim,0.0,0.0,0.0,0.819456072324,0.0,0.0,0.0,-1.9000000000064392,0.0,0.0,0.0,0.0,12.499999999990008
head_w092_sim,0.0,0.0,-4.0728700765302595,0.819456072324,0.0,0.0,0.0,-2.8000000000079934,0.0,0.0,-13999.999999897875,0.0,37.49999999997002
head_w093_sim,0.0,0.0,-5.359039574359475,0.8194560724016344,0.0,0.0,0.0,-3.099999999989564,0.0,0.0,0.0,0.0,12.499999999990008
head_w094_sim,0.0,0.0,-5.359039574359475,0.8194560724016344,0.0,0.0,0.0,-3.099999999989564,0.0,0.0,0.0,0.0,12.499999999990008
head_w095_sim,0.0,0.0,-2.0364350382346674,0.0,0.0,0.0,0.0,-1.5999999999964474,0.0,0.0,0.0,0.0,12.000000000115463
head_w096_sim,0.0,0.0,2.6795197871797374,0.0,0.0,0.0,0.0,0.2999999999815703,0.0,0.0,0.0,0.0,0.0
head_w097_sim,0.0,0.0,-0.6430847489450701,0.8194560723628171,0.0,0.0,0.0,0.0,0.0,0.0,11999.99999983126,0.0,15.49999999994782
head_w098_sim,0.0,0.0,-2.0364350382651297,0.0,0.0,0.0,0.0,-2.4999999999980016,0.0,0.0,-11999.99999983126,0.0,5.999999999915623
head_w099_sim,0.0,0.0,0.0,0.9560320844297562,0.0,0.0,0.0,-0.29999999999578114,0.0,0.0,13999.999999897875,0.0,19.000000000064393
head_w100_sim,0.0,0.0,1.3933502893200598,0.0,0.0,0.0,0.0,0.9500000000032196,0.0,0.0,0.0,0.0,3.499999999974465
head_w101_sim,0.0,0.0,-2.0364350382955925,0.819456072324,0.0,0.0,0.0,-2.8000000000079934,0.0,0.0,0.0,0.0,12.499999999990008
head_w102_sim,0.0,0.0,-2.0364350382955925,0.0,0.0,0.0,0.0,-1.850000000018985,0.0,0.0,0.0,0.0,6.499999999790168
head_w103_sim,0.0,0.0,2.6795197871797374,0.0,0.0,0.0,0.0,0.300000000009992,0.0,0.0,0.0,0.0,0.0
head_w104_sim,0.0,0.0,2.6795197871797374,0.0,0.0,0.0,0.0,0.6500000000074385,0.0,0.0,0.0,0.0,3.499999999974465
