date,period,obs_cms,sim_cms
2003-01-01,flow_cal,121.93,99.44
2003-02-01,flow_cal,87.92,234.0
2003-03-01,flow_cal,272.46,310.3
2003-04-01,flow_cal,103.87,98.89
2003-05-01,flow_cal,185.53,272.9
2003-06-01,flow_cal,145.52,145.5
2003-07-01,flow_cal,286.0,270.9
2003-08-01,flow_cal,105.71,120.8
2003-09-01,flow_cal,194.28,220.1
2003-10-01,flow_cal,95.14,103.5
2003-11-01,flow_cal,160.9,148.2
2003-12-01,flow_cal,198.61,142.8
2004-01-01,flow_cal,306.95,275.3
2004-02-01,flow_cal,158.69,195.1
2004-03-01,flow_cal,126.75,115.2
2004-04-01,flow_cal,106.24,93.92
2004-05-01,flow_cal,191.34,216.3
2004-06-01,flow_cal,229.99,212.3
2004-07-01,flow_cal,60.68,105.8
2004-08-01,flow_cal,36.56,76.49
2004-09-01,flow_cal,19.75,46.68
2004-10-01,flow_cal,23.83,64.79
2004-11-01,flow_cal,55.84,93.66
2004-12-01,flow_cal,74.59,181.7
2005-01-01,flow_cal,662.9,486.7
2005-02-01,flow_cal,194.62,275.5
2005-03-01,flow_cal,135.01,166.2
2005-04-01,flow_cal,187.51,170.9
2005-05-01,flow_cal,115.45,84.52
2005-06-01,flow_cal,56.1,55.46
2005-07-01,flow_cal,51.23,77.65
2005-08-01,flow_cal,23.22,71.55
2005-09-01,flow_cal,65.07,85.32
2005-10-01,flow_cal,65.04,79.31
2005-11-01,flow_cal,125.67,157.2
2005-12-01,flow_cal,134.82,181.7
2006-01-01,flow_cal,160.22,144.8
2006-02-01,flow_cal,148.32,134.5
2006-03-01,flow_cal,190.06,178.9
2006-04-01,flow_cal,133.26,132.3
2006-05-01,flow_cal,121.93,147.1
2006-06-01,flow_cal,154.33,123.8
2006-07-01,flow_cal,79.97,80.77
2006-08-01,flow_cal,40.72,51.97
2006-09-01,flow_cal,51.48,84.64
2006-10-01,flow_cal,168.2,158.0
2006-11-01,flow_cal,110.92,109.6
2006-12-01,flow_cal,254.0,222.9
2007-01-01,flow_cal,361.04,364.0
2007-02-01,flow_cal,120.43,250.8
2007-03-01,flow_cal,511.4,317.3
2007-04-01,flow_cal,197.31,184.1
2007-05-01,flow_cal,72.15,58.87
2007-06-01,flow_cal,41.82,42.13
2007-07-01,flow_cal,31.38,41.4
2007-08-01,flow_cal,26.99,80.28
2007-09-01,flow_cal,23.87,45.6
2007-10-01,flow_cal,25.61,85.17
2007-11-01,flow_cal,44.77,125.8
2007-12-01,flow_cal,216.4,285.9
2008-01-01,flow_cal,190.26,184.6
2008-02-01,flow_cal,286.0,349.5
2008-03-01,flow_cal,588.99,597.0
2008-04-01,flow_cal,185.45,129.6
2008-05-01,flow_cal,189.69,166.8
2008-06-01,flow_cal,269.43,354.4
2008-07-01,flow_cal,107.18,80.81
2008-08-01,flow_cal,31.04,48.41
2008-09-01,flow_cal,22.35,34.81
2008-10-01,flow_cal,19.46,45.11
2008-11-01,flow_cal,19.65,47.76
2008-12-01,flow_cal,98.49,293.1
2009-01-01,flow_cal,45.0,114.5
2009-02-01,flow_cal,197.85,240.5
2009-03-01,flow_cal,63.0,70.28
2009-04-01,flow_cal,149.23,149.9
2009-05-01,flow_cal,173.36,122.1
2009-06-01,flow_cal,76.17,95.28
2009-07-01,flow_cal,45.51,80.76
2009-08-01,flow_cal,38.48,61.68
2009-09-01,flow_cal,25.62,41.54
2009-10-01,flow_cal,51.06,82.95
2009-11-01,flow_cal,41.4,50.02
2009-12-01,flow_cal,106.92,127.8
2010-01-01,flow_cal,107.32,125.6
2010-02-01,flow_cal,69.46,126.2
2010-03-01,flow_cal,345.75,207.0
2010-04-01,flow_cal,111.71,85.27
2010-05-01,flow_cal,136.06,150.0
2010-06-01,flow_cal,198.7,200.3
2010-07-01,flow_cal,56.07,56.86
2010-08-01,flow_cal,26.37,38.5
2010-09-01,flow_cal,14.85,27.31
2010-10-01,flow_cal,15.24,28.63
2010-11-01,flow_cal,32.45,146.1
2010-12-01,flow_cal,50.23,130.2
2011-01-01,flow_cal,51.82,114.1
2011-02-01,flow_cal,217.33,361.6
2011-03-01,flow_cal,433.81,294.2
2011-04-01,flow_cal,532.92,425.7
2011-05-01,flow_cal,430.13,290.9
2011-06-01,flow_cal,121.2,136.7
2011-07-01,flow_cal,45.0,53.84
2011-08-01,flow_cal,28.21,48.05
2011-09-01,flow_cal,62.98,165.1
2011-10-01,flow_cal,94.1,123.7
2011-11-01,flow_cal,221.61,306.8
2011-12-01,flow_cal,460.43,337.4
2012-01-01,flow_cal,306.67,348.1
2012-02-01,flow_cal,120.26,130.1
2012-03-01,flow_cal,123.74,118.2
2012-04-01,flow_cal,60.54,86.41
2012-05-01,flow_cal,116.47,109.4
2012-06-01,flow_cal,37.97,43.32
2012-07-01,flow_cal,23.85,38.75
2012-08-01,flow_cal,20.24,44.31
2012-09-01,flow_cal,28.77,80.66
2012-10-01,flow_cal,39.39,56.53
2012-11-01,flow_cal,35.28,66.02
2012-12-01,flow_cal,76.23,107.6
2013-01-01,flow_cal,210.39,261.5
2013-02-01,flow_cal,109.47,148.1
2013-03-01,flow_cal,226.11,128.5
2013-04-01,flow_cal,238.77,165.9
2013-05-01,flow_cal,92.85,77.47
2013-06-01,flow_cal,76.06,86.58
2013-07-01,flow_cal,113.24,97.99
2013-08-01,flow_cal,33.24,40.46
2013-09-01,flow_cal,25.84,59.19
2013-10-01,flow_cal,57.31,121.2
2013-11-01,flow_cal,83.53,102.9
2013-12-01,flow_cal,293.93,228.8
2014-01-01,flow_cal,158.66,98.01
2014-02-01,flow_cal,219.4,329.5
2014-03-01,flow_cal,133.29,102.7
2014-04-01,flow_cal,312.9,254.6
2014-05-01,flow_cal,184.85,175.4
2014-06-01,flow_cal,176.39,175.5
2014-07-01,flow_cal,57.43,70.58
2014-08-01,flow_cal,38.79,81.13
2014-09-01,flow_cal,28.57,47.41
2014-10-01,flow_cal,23.25,38.72
2014-11-01,flow_cal,29.05,52.15
2014-12-01,flow_cal,63.46,85.99
2015-01-01,flow_cal,113.13,211.6
2015-02-01,flow_cal,69.83,63.4
2015-03-01,flow_cal,245.05,296.7
2015-04-01,flow_cal,254.11,171.8
2015-05-01,flow_cal,69.83,82.56
2015-06-01,flow_cal,276.6,249.3
2015-07-01,flow_cal,249.75,173.5
2015-08-01,flow_cal,57.48,94.6
2015-09-01,flow_cal,27.89,35.8
2015-10-01,flow_cal,35.31,76.31
2015-11-01,flow_cal,49.1,68.21
2015-12-01,flow_cal,213.45,197.1
2016-01-01,flow_cal,162.57,132.1
2016-02-01,flow_cal,188.9,293.2
2016-03-01,flow_cal,252.64,281.8
2016-04-01,flow_cal,151.47,119.4
2016-05-01,flow_cal,87.39,73.41
2016-06-01,flow_cal,48.17,94.45
2016-07-01,flow_cal,31.01,59.43
2016-08-01,flow_cal,37.21,53.1
2016-09-01,flow_cal,34.15,70.09
2016-10-01,flow_cal,37.01,73.12
2016-11-01,flow_cal,22.53,47.13
2016-12-01,flow_cal,68.72,140.4
2017-01-01,flow_cal,199.97,248.5
2017-02-01,flow_cal,94.29,117.0
2017-03-01,flow_cal,195.27,226.1
2017-04-01,flow_cal,146.94,164.1
2017-05-01,flow_cal,312.62,244.7
2017-06-01,flow_cal,138.98,226.8
2017-07-01,flow_cal,210.59,155.9
2017-08-01,flow_cal,40.72,51.95
2017-09-01,flow_cal,31.77,48.88
2017-10-01,flow_cal,39.59,61.86
2017-11-01,flow_cal,242.82,233.7
2017-12-01,flow_cal,61.48,73.39
2018-01-01,flow_val,169.11,181.6
2018-02-01,flow_val,366.7,448.9
2018-03-01,flow_val,234.55,172.5
2018-04-01,flow_val,373.78,307.5
2018-05-01,flow_val,83.82,67.09
2018-06-01,flow_val,106.05,116.9
2018-07-01,flow_val,47.88,59.8
2018-08-01,flow_val,50.32,56.53
2018-09-01,flow_val,154.35,117.1
2018-10-01,flow_val,44.57,62.58
2018-11-01,flow_val,286.85,211.3
2018-12-01,flow_val,230.24,201.8
2019-01-01,flow_val,304.12,193.5
2019-02-01,flow_val,496.96,571.1
2019-03-01,flow_val,221.41,253.9
2019-04-01,flow_val,305.82,204.6
2019-05-01,flow_val,290.53,187.9
2019-06-01,flow_val,296.76,159.7
2019-07-01,flow_val,81.41,75.42
2019-08-01,flow_val,39.36,49.26
2019-09-01,flow_val,23.72,29.7
2019-10-01,flow_val,23.28,49.87
2019-11-01,flow_val,29.85,48.63
2019-12-01,flow_val,54.57,96.81
2020-01-01,flow_val,225.18,228.4
2020-02-01,flow_val,181.57,181.9
2020-03-01,flow_val,331.31,282.2
2020-04-01,flow_val,143.31,154.7
2020-05-01,flow_val,233.36,208.8
2020-06-01,flow_val,70.42,64.43
2020-07-01,flow_val,37.94,53.11
2020-08-01,flow_val,35.74,55.12
2020-09-01,flow_val,32.54,43.9
2020-10-01,flow_val,49.64,148.1
2020-11-01,flow_val,85.69,141.6
2020-12-01,flow_val,67.54,60.25
2021-01-01,flow_val,109.7,120.6
2021-02-01,flow_val,113.89,242.0
2021-03-01,flow_val,249.73,126.0
2021-04-01,flow_val,74.36,92.08
2021-05-01,flow_val,158.89,142.9
2021-06-01,flow_val,142.58,191.4
2021-07-01,flow_val,116.44,125.9
2021-08-01,flow_val,34.89,48.85
2021-09-01,flow_val,48.45,78.69
2021-10-01,flow_val,81.52,116.3
2021-11-01,flow_val,70.91,68.4
2021-12-01,flow_val,205.72,191.5
2022-01-01,flow_val,177.91,192.1
2022-02-01,flow_val,371.52,463.4
2022-03-01,flow_val,281.41,217.5
2022-04-01,flow_val,155.86,108.6
2022-05-01,flow_val,230.33,197.3
2022-06-01,flow_val,140.05,90.67
2022-07-01,flow_val,86.48,108.8
2022-08-01,flow_val,35.4,44.16
2022-09-01,flow_val,45.08,55.51
2022-10-01,flow_val,21.11,33.22
2022-11-01,flow_val,23.11,65.11
2022-12-01,flow_val,22.82,68.5
2023-01-01,flow_val,88.69,213.7
2023-02-01,flow_val,74.08,141.9
2023-03-01,flow_val,322.53,329.0
2023-04-01,flow_val,150.22,135.4
2023-05-01,flow_val,115.62,82.97
2023-06-01,flow_val,66.18,48.25
2023-07-01,flow_val,57.2,90.78
2023-08-01,flow_val,37.94,69.55
2023-09-01,flow_val,18.49,27.76
2023-10-01,flow_val,18.99,46.18
2023-11-01,flow_val,20.93,46.54
2023-12-01,flow_val,21.73,56.0
